Seed_Channel_Name,Seed_Channel_ID,Seed_Niche,Discovered_Channel_Name,Discovered_Channel_ID,Discovered_Channel_URL,Discovered_Subs,Discovered_Niche,Level,Timestamp,Similarity_Score,Seed_Keywords,Discovered_Keywords
Ali Abdaal,UCoOae5nYA7VqaXzerajD0lg,Productivity strategies and self-improvement,Self improvement | Money | Mindset ,UCd-7ijy51DKYeaA2-2FZg_A,https://www.youtube.com/@mindset.crafter,16300,Personal growth and mindset motivation,1,2025-10-27T13:29:56.048061,0.94,"productivity hacks, self-improvement techniques, entrepreneurial mindset, personal growth strategies, focus enhancement tips, lifestyle business insights, motivational storytelling, interview format discussions, educational explainer videos, step-by-step productivity guides","mindset transformation techniques, productivity and focus tips, personal growth strategies, discipline and motivation hacks, self-transformation insights, mindset reset routines, motivational storytelling, quick insight videos, educational narrative style, motivational speech format"
Ali Abdaal,UCoOae5nYA7VqaXzerajD0lg,Productivity strategies and self-improvement,The Diary Of A CEO,UCGq-a57w-aPwyi3pW7XLiHw,https://www.youtube.com/@thediaryofaceo,13200000,Self-improvement and mindset motivation,1,2025-10-27T13:22:07.986975,0.94,"productivity hacks, self-improvement techniques, entrepreneurial mindset, personal growth strategies, focus enhancement tips, lifestyle business insights, motivational storytelling, interview format discussions, educational explainer videos, step-by-step productivity guides","goal setting strategies, mindset transformation techniques, memory enhancement hacks, brain rewiring methods, relationship building insights, productivity improvement tips, motivational storytelling, interview format discussions, podcast-style conversations, educational deep-dives"
Ali Abdaal,UCoOae5nYA7VqaXzerajD0lg,Productivity strategies and self-improvement,Collin The Chad,UClvdIQwkgwMFwyjsDZoi-4g,https://www.youtube.com/@intellectualchad,725000,Self-improvement and study motivation,1,2025-10-27T13:25:25.307724,0.92,"productivity hacks, self-improvement techniques, entrepreneurial mindset, personal growth strategies, focus enhancement tips, lifestyle business insights, motivational storytelling, interview format discussions, educational explainer videos, step-by-step productivity guides","confidence building techniques, study motivation strategies, brain focus improvement, skill learning hacks, exam preparation tips, self-improvement for students, motivational storytelling, documentary style presentations, educational deep-dives, narrative-driven guides"
Ali Abdaal,UCoOae5nYA7VqaXzerajD0lg,Productivity strategies and self-improvement,Self Improvement,UCpyw46l3uoqdPi7tLm2QAIA,https://www.youtube.com/@self_improvem_ent6,11600,Entrepreneurial mindset and self-improvement,1,2025-10-27T13:30:25.438228,0.88,"productivity hacks, self-improvement techniques, entrepreneurial mindset, personal growth strategies, focus enhancement tips, lifestyle business insights, motivational storytelling, interview format discussions, educational explainer videos, step-by-step productivity guides","entrepreneurial mindset development, mastering discipline techniques, success mindset strategies, motivational storytelling, stoicism philosophy insights, mindset transformation journeys, motivational speech compilations, short-form motivational videos, inspirational quote breakdowns, edm motivational mixes"
Ali Abdaal,UCoOae5nYA7VqaXzerajD0lg,Productivity strategies and self-improvement,SeeKen,UCfhbydY40P2Lli9HuBz8cdA,https://www.youtube.com/@seeken,4450000,Self-improvement book summaries,1,2025-10-27T13:23:32.465397,0.88,"productivity hacks, self-improvement techniques, entrepreneurial mindset, personal growth strategies, focus enhancement tips, lifestyle business insights, motivational storytelling, interview format discussions, educational explainer videos, step-by-step productivity guides","mindfulness book summaries, personal growth insights, brain training techniques, dopamine reset strategies, visualization exercises, emotional intelligence development, animated book summaries, motivational storytelling, challenge-based learning, narrative book reviews"
Ali Abdaal,UCoOae5nYA7VqaXzerajD0lg,Productivity strategies and self-improvement,The Art Of Personal Growth,UCGauEaTrbtomP7JmW8hmQWA,https://www.youtube.com/@theartofpersonalgrowth,82300,Personal development and self-improvement,1,2025-10-27T13:27:07.296163,0.88,"productivity hacks, self-improvement techniques, entrepreneurial mindset, personal growth strategies, focus enhancement tips, lifestyle business insights, motivational storytelling, interview format discussions, educational explainer videos, step-by-step productivity guides","moral decision making, cognitive bias analysis, personal growth strategies, ethical dilemma exploration, self-improvement techniques, life lesson storytelling, motivational video essays, philosophical deep-dives, narrative-driven insights, educational video series"
Ali Abdaal,UCoOae5nYA7VqaXzerajD0lg,Productivity strategies and self-improvement,Almost Everything,UCqdpvuKq4bShO1cJoFX6zpQ,https://www.youtube.com/@almosteverything,1780000,Self-improvement and financial education,1,2025-10-27T13:24:16.189218,0.855,"productivity hacks, self-improvement techniques, entrepreneurial mindset, personal growth strategies, focus enhancement tips, lifestyle business insights, motivational storytelling, interview format discussions, educational explainer videos, step-by-step productivity guides","mindset growth strategies, financial freedom planning, confidence building techniques, investment education tamil, life skills development, financial habits analysis, motivational storytelling, documentary style presentations, interview format discussions, educational deep-dives"
Ali Abdaal,UCoOae5nYA7VqaXzerajD0lg,Productivity strategies and self-improvement,Raw Talks With VK,UCEW_Fg9lQ2VaS7DLVma01Cg,https://www.youtube.com/@rawtalkswithvk,1930000,Entrepreneurship insights and advice podcast,1,2025-10-27T13:24:00.215434,0.854,"productivity hacks, self-improvement techniques, entrepreneurial mindset, personal growth strategies, focus enhancement tips, lifestyle business insights, motivational storytelling, interview format discussions, educational explainer videos, step-by-step productivity guides","entrepreneurial mindset development, startup success strategies, business growth insights, innovation and leadership, financial planning advice, market disruption analysis, podcast-style interviews, motivational storytelling, educational discussions, expert guest panels"
Ali Abdaal,UCoOae5nYA7VqaXzerajD0lg,Productivity strategies and self-improvement,GREAT IDEAS GREAT LIFE,UCurYxozQbvKn-oNUxNJh45Q,https://www.youtube.com/@greatideasgreatlifeindia,7170000,Self-improvement documentaries and insights,1,2025-10-27T13:22:36.300913,0.825,"productivity hacks, self-improvement techniques, entrepreneurial mindset, personal growth strategies, focus enhancement tips, lifestyle business insights, motivational storytelling, interview format discussions, educational explainer videos, step-by-step productivity guides","financial success strategies, rapid learning techniques, superintelligence insights, entrepreneurial growth stories, personal goal achievement, debt management advice, documentary storytelling, interview format discussions, narrative insights, cinematic documentary style"
Ali Abdaal,UCoOae5nYA7VqaXzerajD0lg,Productivity strategies and self-improvement,ExpHub - Prashant Kirad,UCgoyBmLOMNWmsiVkj-MezyQ,https://www.youtube.com/@exphub,10500000,Motivational guidance for students,1,2025-10-27T13:22:22.687658,0.816,"productivity hacks, self-improvement techniques, entrepreneurial mindset, personal growth strategies, focus enhancement tips, lifestyle business insights, motivational storytelling, interview format discussions, educational explainer videos, step-by-step productivity guides","overcoming addiction strategies, brain health improvement, teenage distraction management, student success mindset, focus enhancement techniques, scientific self-improvement, motivational storytelling, educational challenge series, narrative video essays, scientific explanation videos"
Ali Abdaal,UCoOae5nYA7VqaXzerajD0lg,Productivity strategies and self-improvement,Travel With Business,UCP6of5QgOlLGT2v4iw5RCow,https://www.youtube.com/@travelwithbusiness,70700,Business education and entrepreneurship tips,1,2025-10-27T13:27:22.246319,0.767,"productivity hacks, self-improvement techniques, entrepreneurial mindset, personal growth strategies, focus enhancement tips, lifestyle business insights, motivational storytelling, interview format discussions, educational explainer videos, step-by-step productivity guides","entrepreneurship innovation trends, business startup strategies, ai business applications, low investment business ideas, digital transformation insights, import export business tips, documentary style business stories, interview format discussions, technology impact analysis, factory tour presentations"
Ali Abdaal,UCoOae5nYA7VqaXzerajD0lg,Productivity strategies and self-improvement,TED-Ed Student Talks,UCskU_g7t6b5ecsA1CTS3y9Q,https://www.youtube.com/@tededstudenttalks,123000,Youth idea development and presentation,1,2025-10-27T13:26:51.219812,0.763,"productivity hacks, self-improvement techniques, entrepreneurial mindset, personal growth strategies, focus enhancement tips, lifestyle business insights, motivational storytelling, interview format discussions, educational explainer videos, step-by-step productivity guides","youth public speaking, idea development workshops, student leadership skills, confidence building programs, youth empowerment talks, creative problem solving, interview format discussions, storytelling presentations, motivational speech formats, educational panel discussions"
Ali Abdaal,UCoOae5nYA7VqaXzerajD0lg,Productivity strategies and self-improvement,Aditya Ranjan Talks,UC1Qf-G1tSfsDmVLehoSoSog,https://www.youtube.com/@adityaranjantalks,4590000,Government exam preparation and motivation,1,2025-10-27T13:23:05.329993,0.75,"productivity hacks, self-improvement techniques, entrepreneurial mindset, personal growth strategies, focus enhancement tips, lifestyle business insights, motivational storytelling, interview format discussions, educational explainer videos, step-by-step productivity guides","ssc exam preparation, government job motivation, exam strategy planning, competitive exam success, ssc cpo insights, exam topper stories, motivational storytelling, interview format discussions, study strategy breakdowns, motivational video series"
Johnny Harris,UCmGSJVG3mCRXVOP4yZrU1Dw,Global storytelling and analysis,Map & Myth,UCdCIGh00efux3N5qIgObmFw,https://www.youtube.com/@mapandmyth,60100,Geopolitical storytelling and analysis,1,2025-10-27T13:49:24.624532,0.92,"global economic analysis, geopolitical storytelling, historical conflict narratives, financial influence exploration, cultural impact studies, resource-driven conflicts, documentary style storytelling, investigative journalism format, narrative-driven documentaries, visual storytelling techniques","geopolitical conflict analysis, strategic trade routes, border conflict explained, military buildup tensions, oil curse explained, defense sector insights, documentary storytelling, narrative analysis format, investigative deep-dives, historical power dynamics"
Johnny Harris,UCmGSJVG3mCRXVOP4yZrU1Dw,Global storytelling and analysis,fern,UCODHrzPMGbNv67e84WDZhQQ,https://www.youtube.com/@fern-tv,4040000,Global events and historical analysis,1,2025-10-27T13:45:51.021373,0.915,"global economic analysis, geopolitical storytelling, historical conflict narratives, financial influence exploration, cultural impact studies, resource-driven conflicts, documentary style storytelling, investigative journalism format, narrative-driven documentaries, visual storytelling techniques","corporate power struggles, historical event analysis, geopolitical conflict insights, secretive government operations, environmental impact studies, economic crisis narratives, documentary storytelling style, investigative reporting format, narrative-driven documentaries, archival footage analysis"
Johnny Harris,UCmGSJVG3mCRXVOP4yZrU1Dw,Global storytelling and analysis,Narratives,UCF58AzQw83B6_2G__XkROpg,https://www.youtube.com/@narrativestv,17500,Journalistic analysis of global issues,1,2025-10-27T13:51:51.670154,0.866,"global economic analysis, geopolitical storytelling, historical conflict narratives, financial influence exploration, cultural impact studies, resource-driven conflicts, documentary style storytelling, investigative journalism format, narrative-driven documentaries, visual storytelling techniques","political power dynamics, regional conflict analysis, agricultural policy debates, cultural identity exploration, religious and moral shifts, leadership style comparisons, documentary storytelling, interview format discussions, investigative deep-dives, narrative storytelling"
Johnny Harris,UCmGSJVG3mCRXVOP4yZrU1Dw,Global storytelling and analysis,Story Bucket,UCtsa-KA0L8nJcnMqWdLsB9g,https://www.youtube.com/@storybucket25,83200,Geopolitical analysis of Bangladesh,1,2025-10-27T13:48:39.355577,0.865,"global economic analysis, geopolitical storytelling, historical conflict narratives, financial influence exploration, cultural impact studies, resource-driven conflicts, documentary style storytelling, investigative journalism format, narrative-driven documentaries, visual storytelling techniques","bangladesh defense analysis, india-bangladesh relations, corruption prevention strategies, border conflict insights, economic development potential, geopolitical tension narratives, documentary style storytelling, investigative analysis format, narrative storytelling approach, interview format discussions"
Johnny Harris,UCmGSJVG3mCRXVOP4yZrU1Dw,Global storytelling and analysis,Decoding Geopolitics Podcast with Dominik Presl,UCtYQaZPOCMtrijLRYFnAtEw,https://www.youtube.com/@decodinggeopoliticspodcast,103000,Geopolitical analysis and insights,1,2025-10-27T13:48:24.693791,0.86,"global economic analysis, geopolitical storytelling, historical conflict narratives, financial influence exploration, cultural impact studies, resource-driven conflicts, documentary style storytelling, investigative journalism format, narrative-driven documentaries, visual storytelling techniques","geopolitical strategy analysis, international conflict insights, foreign policy breakdown, global power dynamics, military strategy evaluation, economic influence tactics, expert interview format, in-depth discussion panels, analytical storytelling style, geopolitical documentary approach"
Johnny Harris,UCmGSJVG3mCRXVOP4yZrU1Dw,Global storytelling and analysis,The Global Narrative,UCWDvJT6ptY7GrwCEdzGzmwQ,https://www.youtube.com/@theglobalnarrative-v2h,48300,Global politics and current events analysis,1,2025-10-27T13:49:54.628146,0.86,"global economic analysis, geopolitical storytelling, historical conflict narratives, financial influence exploration, cultural impact studies, resource-driven conflicts, documentary style storytelling, investigative journalism format, narrative-driven documentaries, visual storytelling techniques","trade policy analysis, geopolitical strategy insights, economic impact assessment, international trade dynamics, global supply chain issues, tariff war consequences, documentary style analysis, interview format discussions, investigative storytelling, in-depth commentary"
Johnny Harris,UCmGSJVG3mCRXVOP4yZrU1Dw,Global storytelling and analysis,Geopolitical Economy Report,UCwlvSJdcMc7iGdR-aducSog,https://www.youtube.com/@geopoliticaleconomyreport,635000,Geopolitical news and analysis,1,2025-10-27T13:47:39.871764,0.86,"global economic analysis, geopolitical storytelling, historical conflict narratives, financial influence exploration, cultural impact studies, resource-driven conflicts, documentary style storytelling, investigative journalism format, narrative-driven documentaries, visual storytelling techniques","us foreign policy analysis, economic sanctions impact, geopolitical conflict analysis, international relations insights, global power dynamics, economic bubble analysis, documentary style analysis, interview format discussions, investigative deep-dives, narrative storytelling"
Johnny Harris,UCmGSJVG3mCRXVOP4yZrU1Dw,Global storytelling and analysis,The New York Times,UCqnbDFdCpuN8CMEg0VuEBqA,https://www.youtube.com/@nytimes,4870000,Independent journalism and news analysis,1,2025-10-27T13:45:08.117019,0.857,"global economic analysis, geopolitical storytelling, historical conflict narratives, financial influence exploration, cultural impact studies, resource-driven conflicts, documentary style storytelling, investigative journalism format, narrative-driven documentaries, visual storytelling techniques","hurricane impact analysis, political scandal investigations, urban design critique, health policy debates, international conflict reporting, climate change journalism, documentary-style reporting, investigative journalism format, narrative storytelling approach, visual investigation techniques"
Johnny Harris,UCmGSJVG3mCRXVOP4yZrU1Dw,Global storytelling and analysis,Think School,UCKZozRVHRYsYHGEyNKuhhdA,https://www.youtube.com/@thinkschool,4760000,Business and geopolitics education,1,2025-10-27T13:45:22.650871,0.842,"global economic analysis, geopolitical storytelling, historical conflict narratives, financial influence exploration, cultural impact studies, resource-driven conflicts, documentary style storytelling, investigative journalism format, narrative-driven documentaries, visual storytelling techniques","corporate strategy analysis, geopolitical impact studies, energy sector transformation, startup ecosystem insights, business opportunity exploration, consumer behavior analysis, documentary style storytelling, case study breakdowns, narrative storytelling, interview format discussions"
Johnny Harris,UCmGSJVG3mCRXVOP4yZrU1Dw,Global storytelling and analysis,BingeWorthy Documentaries,UCi6XF582sSwBjjB9M4qNDVw,https://www.youtube.com/@bingeworthydocumentaries,81000,Thought-provoking documentaries and analysis,1,2025-10-27T13:49:10.391881,0.814,"global economic analysis, geopolitical storytelling, historical conflict narratives, financial influence exploration, cultural impact studies, resource-driven conflicts, documentary style storytelling, investigative journalism format, narrative-driven documentaries, visual storytelling techniques","paranormal investigation analysis, historical crime documentaries, supernatural event exploration, psychological thriller documentaries, haunted house stories, criminal psychology analysis, documentary storytelling style, investigative documentary format, narrative-driven documentaries, interview-based documentaries"
Johnny Harris,UCmGSJVG3mCRXVOP4yZrU1Dw,Global storytelling and analysis,Dr. Roy Casagranda,UCUGwVgtUewevtLvu7NaxVrw,https://www.youtube.com/@drroycasagranda,486000,World history and politics analysis,1,2025-10-27T13:48:09.771245,0.811,"global economic analysis, geopolitical storytelling, historical conflict narratives, financial influence exploration, cultural impact studies, resource-driven conflicts, documentary style storytelling, investigative journalism format, narrative-driven documentaries, visual storytelling techniques","ancient civilization analysis, historical political conflicts, cultural preservation efforts, empire rise and fall, ancient medical advancements, knowledge preservation history, documentary style storytelling, lecture series format, narrative historical analysis, educational deep-dives"
Johnny Harris,UCmGSJVG3mCRXVOP4yZrU1Dw,Global storytelling and analysis,Our Stories,UC-hzoAk2bSnoqW0LmECa5WA,https://www.youtube.com/@ourstories,930000,Documentaries on everyday professions,1,2025-10-27T13:47:26.764054,0.788,"global economic analysis, geopolitical storytelling, historical conflict narratives, financial influence exploration, cultural impact studies, resource-driven conflicts, documentary style storytelling, investigative journalism format, narrative-driven documentaries, visual storytelling techniques","everyday profession documentaries, workplace challenges series, career journey storytelling, job role explorations, professional life insights, industry-specific documentaries, narrative documentary style, interview-driven narratives, observational documentary format, real-life workplace stories"
Johnny Harris,UCmGSJVG3mCRXVOP4yZrU1Dw,Global storytelling and analysis,SAMA 6TVNEWS,UCg2-wFRVaa2Bcdq7P-QnUGQ,https://www.youtube.com/@sama6tvnews549,21300,Local and global news coverage,1,2025-10-27T13:51:22.179186,0.783,"global economic analysis, geopolitical storytelling, historical conflict narratives, financial influence exploration, cultural impact studies, resource-driven conflicts, documentary style storytelling, investigative journalism format, narrative-driven documentaries, visual storytelling techniques","local political analysis, global news updates, regional policy discussions, international affairs coverage, socio-political events, economic impact reports, documentary style reporting, press conference highlights, interview format discussions, investigative journalism approach"
Johnny Harris,UCmGSJVG3mCRXVOP4yZrU1Dw,Global storytelling and analysis,MagnatesMedia,UCE4Gn00XZbpWvGUfIslT-tA,https://www.youtube.com/@magnatesmedia,1830000,Business storytelling and analysis,1,2025-10-27T13:47:13.657863,0.777,"global economic analysis, geopolitical storytelling, historical conflict narratives, financial influence exploration, cultural impact studies, resource-driven conflicts, documentary style storytelling, investigative journalism format, narrative-driven documentaries, visual storytelling techniques","corporate scandal analysis, business failure case studies, company history narratives, entrepreneur rise and fall, brand evolution stories, financial crisis analysis, cinematic documentary style, narrative storytelling, investigative deep-dives, archival footage presentations"
Johnny Harris,UCmGSJVG3mCRXVOP4yZrU1Dw,Global storytelling and analysis,Global Investigative Journalism Network,UCY8xUWeaWVE4JY05JUupzYQ,https://www.youtube.com/@gijn,13200,Investigative journalism training and resources,1,2025-10-27T13:52:50.139864,0.77,"global economic analysis, geopolitical storytelling, historical conflict narratives, financial influence exploration, cultural impact studies, resource-driven conflicts, documentary style storytelling, investigative journalism format, narrative-driven documentaries, visual storytelling techniques","investigative journalism techniques, data journalism tools, conflict zone reporting, sustainable journalism funding, satellite imagery investigations, ai in journalism, documentary style reporting, interview format discussions, case study analysis, webinar presentations"
Johnny Harris,UCmGSJVG3mCRXVOP4yZrU1Dw,Global storytelling and analysis,Nitish Rajput,UC6WzPg6yxF9dQx2_O6R4lww,https://www.youtube.com/@nitishrajput,7840000,Indian societal issues analysis and empowerment,1,2025-10-27T13:44:40.666447,0.768,"global economic analysis, geopolitical storytelling, historical conflict narratives, financial influence exploration, cultural impact studies, resource-driven conflicts, documentary style storytelling, investigative journalism format, narrative-driven documentaries, visual storytelling techniques","naxalism in india, balochistan issue explained, ssc exam corruption, pulwama attack analysis, kohinoor diamond history, waqf board controversies, documentary style storytelling, investigative deep-dives, narrative storytelling, interview format discussions"
Johnny Harris,UCmGSJVG3mCRXVOP4yZrU1Dw,Global storytelling and analysis,Kendall Rae,UCKBaL17hXLGJvi2KZKpja5w,https://www.youtube.com/@kendallrae,3970000,True-crime storytelling and victim advocacy,1,2025-10-27T13:46:05.152683,0.762,"global economic analysis, geopolitical storytelling, historical conflict narratives, financial influence exploration, cultural impact studies, resource-driven conflicts, documentary style storytelling, investigative journalism format, narrative-driven documentaries, visual storytelling techniques","unsolved disappearance cases, true crime investigations, victim advocacy stories, missing person analysis, crime scene breakdowns, security failure critiques, documentary storytelling, narrative podcast format, investigative deep-dives, case study narratives"
Johnny Harris,UCmGSJVG3mCRXVOP4yZrU1Dw,Global storytelling and analysis,James Jani,UCT0dmfFCLWuVKPWZ6wcdKyg,https://www.youtube.com/@jamesjani,2190000,Documentary-style storytelling and analysis,1,2025-10-27T13:46:19.439119,0.76,"global economic analysis, geopolitical storytelling, historical conflict narratives, financial influence exploration, cultural impact studies, resource-driven conflicts, documentary style storytelling, investigative journalism format, narrative-driven documentaries, visual storytelling techniques","corporate scandal analysis, financial fraud documentaries, cryptocurrency investigation, economic collapse stories, digital currency scams, investment scheme exposés, narrative storytelling, investigative deep-dives, cinematic documentary style, archival footage presentations"
Johnny Harris,UCmGSJVG3mCRXVOP4yZrU1Dw,Global storytelling and analysis,Past Uncovered,UC3Rr9YlTfQJcp_-Qf2uGGQQ,https://www.youtube.com/@pastuncoveredhere,32900,Historical documentaries and storytelling,1,2025-10-27T13:50:09.941862,0.76,"global economic analysis, geopolitical storytelling, historical conflict narratives, financial influence exploration, cultural impact studies, resource-driven conflicts, documentary style storytelling, investigative journalism format, narrative-driven documentaries, visual storytelling techniques","byzantine empire history, samurai empire documentary, french revolution storytelling, maya civilization exploration, dutch empire chronicles, roman britain history, historical documentary style, narrative storytelling format, full-length history films, educational history series"
Johnny Harris,UCmGSJVG3mCRXVOP4yZrU1Dw,Global storytelling and analysis,3T TV MEDIA,UCeAQwlTXPt7DH6Ctbd2B5tw,https://www.youtube.com/@3ttvmedia,14600,News storytelling and analysis,1,2025-10-27T13:52:35.743996,0.758,"global economic analysis, geopolitical storytelling, historical conflict narratives, financial influence exploration, cultural impact studies, resource-driven conflicts, documentary style storytelling, investigative journalism format, narrative-driven documentaries, visual storytelling techniques","corporate scandal analysis, national award recognition, healthcare service initiatives, disaster incident reports, community health awareness, social impact storytelling, documentary style analysis, interview format discussions, narrative storytelling, investigative deep-dives"
Johnny Harris,UCmGSJVG3mCRXVOP4yZrU1Dw,Global storytelling and analysis,Documentary Diaries,UCc2sQwMRL8wjZJERKeXrdrg,https://www.youtube.com/@documentary-diaries,30000,True crime documentaries and analysis,1,2025-10-27T13:50:38.352102,0.758,"global economic analysis, geopolitical storytelling, historical conflict narratives, financial influence exploration, cultural impact studies, resource-driven conflicts, documentary style storytelling, investigative journalism format, narrative-driven documentaries, visual storytelling techniques","true crime analysis, criminal case documentaries, police investigation breakdowns, unsolved mysteries exploration, serial killer profiles, crime scene analysis, documentary storytelling, investigative reporting style, narrative documentary format, case study documentaries"
Johnny Harris,UCmGSJVG3mCRXVOP4yZrU1Dw,Global storytelling and analysis,Rohan Travel Stories,UCprjYvd-7fC8zPYRa8oXDrg,https://www.youtube.com/@rohantravelstories,1940000,Wildlife travel documentaries and stories,1,2025-10-27T13:46:47.339135,0.752,"global economic analysis, geopolitical storytelling, historical conflict narratives, financial influence exploration, cultural impact studies, resource-driven conflicts, documentary style storytelling, investigative journalism format, narrative-driven documentaries, visual storytelling techniques","wildlife behavior analysis, animal interaction stories, wildlife conservation narratives, predator-prey dynamics, animal communication insights, nature exploration documentaries, cinematic storytelling style, narrative-driven documentaries, immersive travel experiences, educational wildlife series"
Johnny Harris,UCmGSJVG3mCRXVOP4yZrU1Dw,Global storytelling and analysis,Boss Economics World,UCtwwnAiODpBkLFaYKHoYkBQ,https://www.youtube.com/@bosshankslord,31300,Global economic insights and analysis,1,2025-10-27T13:50:24.529047,0.74,"global economic analysis, geopolitical storytelling, historical conflict narratives, financial influence exploration, cultural impact studies, resource-driven conflicts, documentary style storytelling, investigative journalism format, narrative-driven documentaries, visual storytelling techniques","interest rate analysis, global financial trends, economic policy impacts, debt crisis exploration, inflation and recession, investment strategy insights, documentary style analysis, interview format discussions, investigative deep-dives, narrative storytelling"
Moon,UCmFeOdJI3IXgTBDzqBLD8qg,Global events analysis and commentary,Brooklyn Savvy Talk Show | Shifting Narratives ,UCJhHJj9-eBHNtFqBTmAyYMw,https://www.youtube.com/@brooklynsavvy,38500,Social change and cultural analysis,1,2025-10-27T14:03:07.907150,0.879,"global event analysis, corporate scandal commentary, societal impact discussions, geopolitical analysis insights, media bias exploration, cultural critique narratives, documentary style presentations, investigative storytelling, interview format analysis, narrative commentary style","cultural analysis discussions, social change narratives, systemic issues exploration, hip-hop cultural impact, technology and society, relationship dynamics analysis, interview format discussions, documentary storytelling style, investigative journalism approach, narrative-driven content"
Moon,UCmFeOdJI3IXgTBDzqBLD8qg,Global events analysis and commentary,War & Geopolitics Insights,UChTYUFo4pWhDiSwn9NQJwHQ,https://www.youtube.com/@wargeopoliticsinsights,94600,Global conflicts and geopolitical analysis,1,2025-10-27T14:00:58.681835,0.86,"global event analysis, corporate scandal commentary, societal impact discussions, geopolitical analysis insights, media bias exploration, cultural critique narratives, documentary style presentations, investigative storytelling, interview format analysis, narrative commentary style","cybersecurity threat analysis, military strategy insights, geopolitical tension breakdown, international conflict analysis, global power dynamics, regional security challenges, documentary-style storytelling, expert panel discussions, in-depth geopolitical analysis, narrative-driven explorations"
Moon,UCmFeOdJI3IXgTBDzqBLD8qg,Global events analysis and commentary,Zeihan on Geopolitics,UCsy9I56PY3IngCf_VGjunMQ,https://www.youtube.com/@zeihanongeopolitics,901000,Geopolitical analysis and insights,1,2025-10-27T13:56:26.712239,0.86,"global event analysis, corporate scandal commentary, societal impact discussions, geopolitical analysis insights, media bias exploration, cultural critique narratives, documentary style presentations, investigative storytelling, interview format analysis, narrative commentary style","geopolitical conflict analysis, military intervention insights, international relations dynamics, global power shifts, nuclear policy discussions, economic sanctions impact, expert panel discussions, documentary-style presentations, geopolitical storytelling, in-depth interviews"
Moon,UCmFeOdJI3IXgTBDzqBLD8qg,Global events analysis and commentary,BE THEE COMMENTATOR,UCgICvp2wLhrBKZXt73tw9bw,https://www.youtube.com/@betheecommentator,115000,Fame and scandal storytelling analysis,1,2025-10-27T14:00:44.756135,0.85,"global event analysis, corporate scandal commentary, societal impact discussions, geopolitical analysis insights, media bias exploration, cultural critique narratives, documentary style presentations, investigative storytelling, interview format analysis, narrative commentary style","celebrity scandal analysis, fame downfall stories, redemption narratives, public figure controversies, celebrity biography insights, scandal impact analysis, documentary storytelling, narrative documentary style, investigative storytelling, deep-dive documentaries"
Moon,UCmFeOdJI3IXgTBDzqBLD8qg,Global events analysis and commentary,Social Impact,UCUSdTGNcA6sEef-GDz8wtFg,https://www.youtube.com/@socialimpact9,19200,Social change and awareness storytelling,1,2025-10-27T14:04:33.923751,0.83,"global event analysis, corporate scandal commentary, societal impact discussions, geopolitical analysis insights, media bias exploration, cultural critique narratives, documentary style presentations, investigative storytelling, interview format analysis, narrative commentary style","social justice storytelling, community awareness campaigns, legal rights education, public awareness initiatives, social issue documentaries, cultural heritage narratives, documentary style storytelling, interview format discussions, investigative reporting style, narrative-driven content"
Moon,UCmFeOdJI3IXgTBDzqBLD8qg,Global events analysis and commentary,Investigative Reporting Lab,UC2eqprx_bNy3SmR62rLxqhg,https://www.youtube.com/@irlmacedonia,19700,Investigative journalism and storytelling,1,2025-10-27T14:04:20.669682,0.82,"global event analysis, corporate scandal commentary, societal impact discussions, geopolitical analysis insights, media bias exploration, cultural critique narratives, documentary style presentations, investigative storytelling, interview format analysis, narrative commentary style","corporate corruption exposé, environmental disaster investigations, political scandal analysis, urban development controversies, financial fraud stories, public safety failures, documentary storytelling approach, in-depth interview format, narrative podcast series, investigative documentary style"
Moon,UCmFeOdJI3IXgTBDzqBLD8qg,Global events analysis and commentary,Ben Shapiro,UCnQC_G5Xsjhp9fEJKuIcrSw,https://www.youtube.com/@benshapiro,7220000,Conservative political commentary and analysis,1,2025-10-27T13:53:35.297536,0.8,"global event analysis, corporate scandal commentary, societal impact discussions, geopolitical analysis insights, media bias exploration, cultural critique narratives, documentary style presentations, investigative storytelling, interview format analysis, narrative commentary style","political debate analysis, conservative policy critique, social safety net discussion, media bias commentary, political reaction videos, conservative ideology exploration, interview format discussions, debate-style presentations, reaction video format, news analysis segments"
Moon,UCmFeOdJI3IXgTBDzqBLD8qg,Global events analysis and commentary,Hannah Alonzo,UCGKUQte8RBCNnI_OYpckErg,https://www.youtube.com/@hannahalonzo,813000,Commentary on MLMs and social media culture,1,2025-10-27T13:56:54.564908,0.783,"global event analysis, corporate scandal commentary, societal impact discussions, geopolitical analysis insights, media bias exploration, cultural critique narratives, documentary style presentations, investigative storytelling, interview format analysis, narrative commentary style","mlm horror stories, influencer culture critique, social media ethics, anti-mlm commentary, online scam exposure, influencer marketing analysis, documentary style analysis, narrative storytelling approach, investigative commentary, deep-dive discussions"
Moon,UCmFeOdJI3IXgTBDzqBLD8qg,Global events analysis and commentary,Clarity for UPSC by Dr.Shivin,UC5aE5_undvBtBN5y_BscU0Q,https://www.youtube.com/@clarityforupscbydr.shivin,472000,UPSC exam preparation and insights,1,2025-10-27T13:57:23.646365,0.783,"global event analysis, corporate scandal commentary, societal impact discussions, geopolitical analysis insights, media bias exploration, cultural critique narratives, documentary style presentations, investigative storytelling, interview format analysis, narrative commentary style","upsc mains answer writing, constitutional amendment analysis, prelims failure solutions, internal security issues, geopolitical conflict insights, cyber attack threats, documentary style explanations, interview format discussions, storytelling narratives, mentorship session breakdowns"
Moon,UCmFeOdJI3IXgTBDzqBLD8qg,Global events analysis and commentary,Quality Culture,UCaCG7kHt515g73gjM77i6Xw,https://www.youtube.com/@qualityculture,269000,Pop culture storytelling and analysis,1,2025-10-27T13:58:51.023854,0.77,"global event analysis, corporate scandal commentary, societal impact discussions, geopolitical analysis insights, media bias exploration, cultural critique narratives, documentary style presentations, investigative storytelling, interview format analysis, narrative commentary style","existential themes analysis, cultural representation impact, nature escape narratives, anti-intellectualism critique, modern fairy tale exploration, legacy and influence studies, documentary style storytelling, narrative analysis format, thematic deep-dives, character development discussions"
Moon,UCmFeOdJI3IXgTBDzqBLD8qg,Global events analysis and commentary,A SECRET LIFE DIARY•KOKBOROK 666k View• 6h•,UCQQbpOcfCzW3lOx0a9k4ZBA,https://www.youtube.com/@asecretlifediary,331000,Storytelling and cultural insights in Kokborok,1,2025-10-27T13:58:21.595408,0.765,"global event analysis, corporate scandal commentary, societal impact discussions, geopolitical analysis insights, media bias exploration, cultural critique narratives, documentary style presentations, investigative storytelling, interview format analysis, narrative commentary style","kokborok cultural stories, tribal storytelling traditions, kokborok folklore insights, indigenous narrative techniques, cultural heritage storytelling, tribal life documentaries, narrative storytelling style, documentary-style presentations, cultural insight interviews, storytelling podcast format"
Moon,UCmFeOdJI3IXgTBDzqBLD8qg,Global events analysis and commentary,World Affairs Insights,UCQKsY5JL3s0POKwq8Y0nR9A,https://www.youtube.com/@worldaffairsinsights,508000,Indian geopolitics and current events analysis,1,2025-10-27T13:57:08.286340,0.76,"global event analysis, corporate scandal commentary, societal impact discussions, geopolitical analysis insights, media bias exploration, cultural critique narratives, documentary style presentations, investigative storytelling, interview format analysis, narrative commentary style","india foreign policy, south asia strategy, indian security analysis, geopolitical updates, india-pakistan relations, naxalism in india, documentary style analysis, interview format discussions, narrative storytelling, deep-dive analysis"
Vox,UCLXo7UDZvByw2ixzpQCufnA,News analysis and storytelling,Channel 4 Documentaries,UCooTDp-fERMGRHIQ4VL4qlg,https://www.youtube.com/@channel4documentaries,978000,True crime and investigative documentaries,1,2025-10-27T13:33:59.930074,0.888,"internet culture analysis, civil conflict predictions, memory reconstruction insights, government policy debates, climate change strategies, digital addiction exploration, documentary storytelling, interview format discussions, narrative analysis style, investigative deep-dives","financial crime investigations, corporate scandal analysis, modern societal issues, educational system documentaries, power dynamics exploration, ai impact analysis, narrative storytelling, investigative deep-dives, documentary style presentations, interview format discussions"
Vox,UCLXo7UDZvByw2ixzpQCufnA,News analysis and storytelling,DW Documentary,UCW39zufHfsuGgpLviKh297Q,https://www.youtube.com/@dwdocumentary,6250000,Global documentaries and current affairs,1,2025-10-27T13:31:45.820923,0.86,"internet culture analysis, civil conflict predictions, memory reconstruction insights, government policy debates, climate change strategies, digital addiction exploration, documentary storytelling, interview format discussions, narrative analysis style, investigative deep-dives","global conflict documentaries, environmental crisis analysis, human rights storytelling, political intrigue narratives, social justice documentaries, war impact studies, investigative documentary style, narrative storytelling approach, interview-based documentaries, cinematic documentary style"
Vox,UCLXo7UDZvByw2ixzpQCufnA,News analysis and storytelling,Jubilee,UCJjSDX-jUChzOEyok9XYRJQ,https://www.youtube.com/@jubilee,10500000,Social issues and political debates analysis,1,2025-10-27T13:31:17.933223,0.853,"internet culture analysis, civil conflict predictions, memory reconstruction insights, government policy debates, climate change strategies, digital addiction exploration, documentary storytelling, interview format discussions, narrative analysis style, investigative deep-dives","political debate analysis, social issue discussions, government policy critique, patriotism and politics, generational political debates, body image reflections, documentary style storytelling, interview format debates, narrative storytelling approach, deep-dive political analysis"
Vox,UCLXo7UDZvByw2ixzpQCufnA,News analysis and storytelling,Culture Crack,UCIVOS-urxKePo7RrTMzaU3A,https://www.youtube.com/@culturecrack,13300,Media and culture storytelling/analysis,1,2025-10-27T13:43:12.610353,0.847,"internet culture analysis, civil conflict predictions, memory reconstruction insights, government policy debates, climate change strategies, digital addiction exploration, documentary storytelling, interview format discussions, narrative analysis style, investigative deep-dives","pop culture analysis, media storytelling techniques, cultural identity exploration, comic book character analysis, gaming culture commentary, digital nostalgia exploration, documentary style storytelling, interview format discussions, narrative storytelling approach, deep-dive analysis"
Vox,UCLXo7UDZvByw2ixzpQCufnA,News analysis and storytelling,Gravitas Documentaries,UC1V-EnUA8Cly59HyvVKZy5A,https://www.youtube.com/@gravitasdocumentaries,211000,Documentaries on diverse global topics,1,2025-10-27T13:37:46.466718,0.839,"internet culture analysis, civil conflict predictions, memory reconstruction insights, government policy debates, climate change strategies, digital addiction exploration, documentary storytelling, interview format discussions, narrative analysis style, investigative deep-dives","mennonite cultural exploration, rural survival challenges, freedom and identity exploration, conspiracy theory documentaries, women in motorsport history, modernist architecture documentaries, narrative storytelling, cinematic documentary style, investigative deep-dives, interview format discussions"
Vox,UCLXo7UDZvByw2ixzpQCufnA,News analysis and storytelling,AgentOfDoubt,UCzDxOqsmcTS0fwUzMEjPhyQ,https://www.youtube.com/@agentofdoubt,12300,Social issues analysis and commentary,1,2025-10-27T13:43:41.027351,0.838,"internet culture analysis, civil conflict predictions, memory reconstruction insights, government policy debates, climate change strategies, digital addiction exploration, documentary storytelling, interview format discussions, narrative analysis style, investigative deep-dives","zionism and palestine analysis, social protest commentary, leftist perspective critique, school board election insights, anti-racism discussions, dismantling whiteness analysis, documentary style commentary, interview format discussions, narrative storytelling approach, deep-dive analysis"
Vox,UCLXo7UDZvByw2ixzpQCufnA,News analysis and storytelling,GRAND ONE,UCWKjHnWH0BYVqr0PwmUYI-A,https://www.youtube.com/@grandonetamil,48500,Indian political news and analysis,1,2025-10-27T13:41:59.292539,0.829,"internet culture analysis, civil conflict predictions, memory reconstruction insights, government policy debates, climate change strategies, digital addiction exploration, documentary storytelling, interview format discussions, narrative analysis style, investigative deep-dives","political policy analysis, government policy debates, election commentary analysis, international affairs insights, legislative updates discussion, public opinion analysis, documentary style analysis, interview format discussions, political storytelling, news commentary format"
Vox,UCLXo7UDZvByw2ixzpQCufnA,News analysis and storytelling,Technically Creative by KoobrikLabs,UCfVBdk2KXaDg4DRISlGai1A,https://www.youtube.com/@koobriklabs,130000,AI-driven storytelling and content creation analysis,1,2025-10-27T13:38:41.455476,0.826,"internet culture analysis, civil conflict predictions, memory reconstruction insights, government policy debates, climate change strategies, digital addiction exploration, documentary storytelling, interview format discussions, narrative analysis style, investigative deep-dives","ai storytelling techniques, creative content analysis, virtual production insights, ai in filmmaking, storytelling with technology, future of content creation, documentary style storytelling, interview format discussions, podcast-style episodes, narrative analysis sessions"
Vox,UCLXo7UDZvByw2ixzpQCufnA,News analysis and storytelling,Archaix ,UCmfQuPmeXRhSIr6WLvT6Fog,https://www.youtube.com/@archaix138,179000,Ancient mysteries and simulation analysis,1,2025-10-27T13:37:59.470114,0.822,"internet culture analysis, civil conflict predictions, memory reconstruction insights, government policy debates, climate change strategies, digital addiction exploration, documentary storytelling, interview format discussions, narrative analysis style, investigative deep-dives","ancient civilization secrets, simulation theory analysis, spiritual awakening insights, ancient text interpretations, human antiquity exploration, hidden history revelations, documentary style storytelling, interview format discussions, narrative analysis videos, live discussion panels"
Vox,UCLXo7UDZvByw2ixzpQCufnA,News analysis and storytelling,Our Changing Climate,UCNXvxXpDJXp-mZu3pFMzYHQ,https://www.youtube.com/@ourchangingclimate,541000,Eco-socialism analysis and advocacy,1,2025-10-27T13:35:22.816334,0.819,"internet culture analysis, civil conflict predictions, memory reconstruction insights, government policy debates, climate change strategies, digital addiction exploration, documentary storytelling, interview format discussions, narrative analysis style, investigative deep-dives","four-day workweek advocacy, universal basic services, anti-capitalist economy analysis, solarpunk utopia vision, ecosocialism benefits, radical hope activism, documentary storytelling, narrative analysis format, educational explainer videos, interview-style discussions"
Vox,UCLXo7UDZvByw2ixzpQCufnA,News analysis and storytelling,Lessons in Internet Culture,UCbUwR0r6R7hXCx205DCg2Ww,https://www.youtube.com/@lessonsininternetculture101,152000,Educational analysis of internet trends,1,2025-10-27T13:38:26.811360,0.818,"internet culture analysis, civil conflict predictions, memory reconstruction insights, government policy debates, climate change strategies, digital addiction exploration, documentary storytelling, interview format discussions, narrative analysis style, investigative deep-dives","internet trend analysis, meme culture exploration, digital behavior studies, online community dynamics, social media phenomenon, ai technology impact, documentary style storytelling, narrative analysis format, educational commentary videos, deep-dive internet discussions"
Vox,UCLXo7UDZvByw2ixzpQCufnA,News analysis and storytelling,Deep Dive True Crime,UCb0F8WzHWqMT6g9l07nFn_Q,https://www.youtube.com/@mentourlawyer,166000,True crime case investigations and analysis,1,2025-10-27T13:38:13.193596,0.813,"internet culture analysis, civil conflict predictions, memory reconstruction insights, government policy debates, climate change strategies, digital addiction exploration, documentary storytelling, interview format discussions, narrative analysis style, investigative deep-dives","crime scene analysis, murder investigation techniques, courtroom drama analysis, criminal mastermind profiles, interrogation breakdowns, sentencing hearing insights, documentary storytelling, narrative analysis format, investigative deep-dives, interview format discussions"
Vox,UCLXo7UDZvByw2ixzpQCufnA,News analysis and storytelling,Wartime Stories,UCrJdCKIddUxHExmbMN6gZ9A,https://www.youtube.com/@wartimestories,774000,War and military storytelling and analysis,1,2025-10-27T13:34:41.638194,0.808,"internet culture analysis, civil conflict predictions, memory reconstruction insights, government policy debates, climate change strategies, digital addiction exploration, documentary storytelling, interview format discussions, narrative analysis style, investigative deep-dives","war story analysis, military history narratives, combat experience storytelling, battlefield mystery exploration, soldier letter insights, ancient warfare tales, documentary style storytelling, narrative analysis format, historical deep-dives, interview format discussions"
Vox,UCLXo7UDZvByw2ixzpQCufnA,News analysis and storytelling,Collider Interviews,UC5KD40UCDRUbR-od7sp9cuA,https://www.youtube.com/@colliderinterviews,112000,Entertainment industry news and analysis,1,2025-10-27T13:39:37.776085,0.803,"internet culture analysis, civil conflict predictions, memory reconstruction insights, government policy debates, climate change strategies, digital addiction exploration, documentary storytelling, interview format discussions, narrative analysis style, investigative deep-dives","entertainment industry analysis, film director insights, comic book adaptations, movie production challenges, animation series developments, award season predictions, interview format discussions, behind-the-scenes insights, storytelling analysis, cinematic documentary style"
Vox,UCLXo7UDZvByw2ixzpQCufnA,News analysis and storytelling,Channeled Predictions,UCDelqsZCPq4bbTD8PdUJg-g,https://www.youtube.com/@channeledpredictions8435,12800,Psychic predictions and prophecy analysis,1,2025-10-27T13:43:25.832412,0.797,"internet culture analysis, civil conflict predictions, memory reconstruction insights, government policy debates, climate change strategies, digital addiction exploration, documentary storytelling, interview format discussions, narrative analysis style, investigative deep-dives","psychic predictions analysis, prophecy interpretation, astrology insights, spiritual prophecy analysis, economic prediction trends, government scandal predictions, documentary style storytelling, interview format discussions, narrative storytelling, deep-dive analysis"
Vox,UCLXo7UDZvByw2ixzpQCufnA,News analysis and storytelling,HISTORY,UC9MAhZQQd9egwWCxrwSIsJQ,https://www.youtube.com/@history,15000000,Historical documentaries and storytelling,1,2025-10-27T13:30:59.946404,0.794,"internet culture analysis, civil conflict predictions, memory reconstruction insights, government policy debates, climate change strategies, digital addiction exploration, documentary storytelling, interview format discussions, narrative analysis style, investigative deep-dives","american mafia history, ancient astronaut theories, childhood nostalgia exploration, extraterrestrial connections, historical crime documentaries, ancient mythology storytelling, cinematic documentary style, narrative storytelling, archival footage presentations, investigative deep-dives"
Vox,UCLXo7UDZvByw2ixzpQCufnA,News analysis and storytelling,Campfire Stories,UChttQ_atRLhOMKwAMzdDAeg,https://www.youtube.com/@campfire-stories,99300,Ecological storytelling and lifestyle analysis,1,2025-10-27T13:40:06.637315,0.793,"internet culture analysis, civil conflict predictions, memory reconstruction insights, government policy debates, climate change strategies, digital addiction exploration, documentary storytelling, interview format discussions, narrative analysis style, investigative deep-dives","biodiversity storytelling, ecological lifestyle analysis, environmental activism narratives, nature and mental health, peace and environmentalism, sustainable living insights, documentary film style, narrative storytelling approach, interview format discussions, cinematic documentary style"
Vox,UCLXo7UDZvByw2ixzpQCufnA,News analysis and storytelling,Feldup,UCQVaKQcp4OxSg1eC6SF3NTw,https://www.youtube.com/@feldup,1780000,Internet mysteries and analysis,1,2025-10-27T13:33:03.334326,0.789,"internet culture analysis, civil conflict predictions, memory reconstruction insights, government policy debates, climate change strategies, digital addiction exploration, documentary storytelling, interview format discussions, narrative analysis style, investigative deep-dives","internet mystery analysis, abandoned game secrets, online anomaly exploration, digital folklore investigation, internet horror stories, lost media discoveries, documentary style storytelling, narrative analysis format, investigative video essays, deep-dive explorations"
Vox,UCLXo7UDZvByw2ixzpQCufnA,News analysis and storytelling,tiffanyferg,UCY6DpwQetygtye7GM1zVHmw,https://www.youtube.com/@tiffanyferg,828000,Pop culture and internet analysis,1,2025-10-27T13:34:14.399538,0.783,"internet culture analysis, civil conflict predictions, memory reconstruction insights, government policy debates, climate change strategies, digital addiction exploration, documentary storytelling, interview format discussions, narrative analysis style, investigative deep-dives","influencer culture analysis, internet trend commentary, generational behavior studies, digital communication critique, social media impact analysis, cultural phenomenon exploration, documentary style videos, narrative storytelling approach, analytical deep-dives, commentary format discussions"
Vox,UCLXo7UDZvByw2ixzpQCufnA,News analysis and storytelling,Joseph Tittel,UC2HXaFmf5YYy-PeIN90Sryg,https://www.youtube.com/@josephtittel,54100,Spiritual predictions and analysis,1,2025-10-27T13:41:28.060450,0.78,"internet culture analysis, civil conflict predictions, memory reconstruction insights, government policy debates, climate change strategies, digital addiction exploration, documentary storytelling, interview format discussions, narrative analysis style, investigative deep-dives","psychic predictions analysis, spiritual energy shifts, astrology and numerology insights, prophetic dream interpretations, global event forecasting, metaphysical revelations, documentary style storytelling, interview format discussions, deep-dive analysis, narrative storytelling"
Vox,UCLXo7UDZvByw2ixzpQCufnA,News analysis and storytelling,True Story Documentary Channel,UCWS6Khgiq4P622ieL3srkUA,https://www.youtube.com/@truestorydocumentarychannel,350000,True stories and documentaries,1,2025-10-27T13:37:18.409669,0.778,"internet culture analysis, civil conflict predictions, memory reconstruction insights, government policy debates, climate change strategies, digital addiction exploration, documentary storytelling, interview format discussions, narrative analysis style, investigative deep-dives","museum secrets exploration, medical ethics documentaries, hospital life stories, art heist investigations, historical museum narratives, medical drama series, documentary storytelling, interview format documentaries, narrative exploration, investigative documentary style"
Vox,UCLXo7UDZvByw2ixzpQCufnA,News analysis and storytelling,Eugene DingleBerry,UCY4xpHkk6y-cBmdjWzwPANg,https://www.youtube.com/@mreugenedingle,1180000,Entertaining storytelling and social experiments,1,2025-10-27T13:33:46.037643,0.762,"internet culture analysis, civil conflict predictions, memory reconstruction insights, government policy debates, climate change strategies, digital addiction exploration, documentary storytelling, interview format discussions, narrative analysis style, investigative deep-dives","ghost hunting adventures, social experiment challenges, story time narratives, real-life storytelling, urban exploration stories, unconventional social experiments, documentary style storytelling, immersive experience videos, narrative-driven content, interactive social experiments"
Vox,UCLXo7UDZvByw2ixzpQCufnA,News analysis and storytelling,Micro Docs,UCuBmXg06n0QDl-2abZyuxSg,https://www.youtube.com/@microdocs1,390000,Real-life storytelling documentaries,1,2025-10-27T13:36:48.772130,0.762,"internet culture analysis, civil conflict predictions, memory reconstruction insights, government policy debates, climate change strategies, digital addiction exploration, documentary storytelling, interview format discussions, narrative analysis style, investigative deep-dives","military innovation analysis, wartime engineering breakthroughs, historical battle strategies, secret weapon documentaries, naval warfare narratives, aerial combat stories, cinematic documentary style, narrative storytelling approach, archival footage presentations, investigative deep-dives"
Vox,UCLXo7UDZvByw2ixzpQCufnA,News analysis and storytelling,Galatta Plus,UCTTUsQJAdGSd2mMsGGfvzhQ,https://www.youtube.com/@galattaplus,496000,Indian cinema interviews and analysis,1,2025-10-27T13:36:07.038539,0.757,"internet culture analysis, civil conflict predictions, memory reconstruction insights, government policy debates, climate change strategies, digital addiction exploration, documentary storytelling, interview format discussions, narrative analysis style, investigative deep-dives","indian cinema analysis, film industry insights, movie storytelling techniques, cinematic sound design, filmmaking challenges discussion, director's creative process, interview format discussions, deep-dive film analysis, storytelling narrative style, behind-the-scenes insights"
Vox,UCLXo7UDZvByw2ixzpQCufnA,News analysis and storytelling,Predictive History,UC11aHtNnc5bEPLI4jf6mnYg,https://www.youtube.com/@predictivehistory,806000,Historical analysis and future predictions,1,2025-10-27T13:34:27.711692,0.756,"internet culture analysis, civil conflict predictions, memory reconstruction insights, government policy debates, climate change strategies, digital addiction exploration, documentary storytelling, interview format discussions, narrative analysis style, investigative deep-dives","historical conspiracy theories, evolution debate analysis, religious influence in history, secret societies exploration, decline of western civilization, mind control history, lecture-style presentations, narrative storytelling format, educational documentary style, deep-dive historical analysis"
Vox,UCLXo7UDZvByw2ixzpQCufnA,News analysis and storytelling,interviewing.io,UCNc-Wa_ZNBAGzFkYbAHw9eg,https://www.youtube.com/@interviewingio,93600,Technical interview preparation and mentorship,1,2025-10-27T13:41:13.621883,0.75,"internet culture analysis, civil conflict predictions, memory reconstruction insights, government policy debates, climate change strategies, digital addiction exploration, documentary storytelling, interview format discussions, narrative analysis style, investigative deep-dives","technical interview strategies, coding interview preparation, behavioral interview techniques, system design challenges, mock interview practice, career transition stories, interview format discussions, storytelling mentorship sessions, deep-dive interview analysis, candidate experience narratives"
