Seed_Channel_Name,Discovered_Channel_Name,Discovered_Niche
Vox,Real Crime,True Crime - Documentary
Vox,Salesforce,Business - Educational Tutorials
Vox,Astrum,Space Exploration - Documentary
Vox,SOSCAST w/ Adam Sosnick,Finance - Podcast/Interviews
Vox,Madhuri Desai,Cultural Lifestyle - Vlog
Vox,Sky News Australia,News - Talking-Head Analysis
Vox,Museum of Science,Science - Educational Tutorials
Vox,Scripps News,News - Documentary
Vox,Google,Tech - Educational Tutorials
Vox,Bree Lenehan,Body Image and Lifestyle - Vlog
Vox,The Rebel Kid FP,Fan Edits - Documentary
Vox,The Wall Street Journal,Business - Documentary
Vox,King Critical,Trans Identity - Talking-Head Analysis
Vox,FlowchartKen,Business - Talking-Head Analysis
Vox,Thoughty2,Facts and Trivia - Documentary
Vox,Perkolator Press Flipbooks,Art - Educational Tutorials
Vox,Amagansett Press,Travel - Vlog
Vox,National Geographic,Science and Exploration - Documentary
Vox,Prove All Things Audits,First Amendment Auditing - Vlog
Vox,Handmade Heroes,Crafting - Educational Tutorials
Vox,CBC Kids News,Youth Perspectives - Documentary
Vox,Long Island Audit,Constitutional Rights - Documentary
Vox,John Stossel,Libertarianism - Educational Tutorials
Vox,meg,Cultural Critique - Video Essay
Vox,Memphis Islamic Center (MIC),Islamic Community - Social Media Engagement
Vox,DIY FACTORY,Energy Generation - Educational Tutorials
Vox,kfel,Travel - Vlog
Vox,NBC News,News - Documentary
Vox,Alex O'Connor,Philosophy - Podcast/Interviews
Vox,Dr. Todd Grande,Mental Health - Talking-Head Analysis
Vox,Guardian News,News - Live Streaming
Vox,OxfordUnion,Debate - Podcast/Interviews
Vox,EconplusDal,Economics - Educational Tutorials
Vox,The Paint Explainer,Education - Documentary
Vox,South Park Studios,Entertainment - Vlog
Vox,Amala Ekpunobi,Culture Critique - Talking-Head Analysis
Vox,The Hill,Politics - Talking-Head Analysis
Vox,Living Lchaim,Jewish Culture - Documentary
Vox,Taylor Lorenz,Internet Culture - Podcast/Interviews
Vox,A Climate Change With Matt Matern,Climate Change - Podcast/Interviews
Vox,MCamericanpresident,History - Documentary
Vox,GBNews,News - Live Broadcast
Vox,Dropping In Podcast,Personal Development - Podcast/Interviews
Vox,The Institute of Art and Ideas,Philosophy - Podcast/Interviews
Vox,Indic Ideas,Culture - Talking-Head Analysis
Vox,JustSaySteven,Gaming News - Talking-Head Analysis
Vox,Katie Couric,Journalism - Podcast/Interviews
Vox,People's Court Audit,Legal Rights Awareness - Vlog
Vox,Jaiden Forrest,Spirituality - Talking-Head Analysis
Vox,Chess.com,Chess - Podcast/Interviews
Vox,The Telegraph,News - Talking-Head Analysis
Vox,Content Machine,Comedy - Shorts
Vox,Joshua Citarella,Culture Critique - Podcast/Interviews
Vox,Study Yard,Education - Educational Tutorials
Vox,NTD Plus,Investigative News Analysis - Documentary
Vox,Channel 4 News,News - Documentary
Vox,We The Auditors 2.0,Police Accountability - Documentary
Vox,James is Tired,Faith - Podcast/Interviews
Vox,Sowing Prosperity by Logan Duvall,Health and Wellness - Documentary
Vox,Google Arts & Culture,Art and Culture - Documentary
Vox,CSE Online Reviewer,Education - Educational Tutorials
Vox,HISTORY,History - Documentary
Vox,Common Knowledge,Curiosity - Documentary
Vox,WAYNEWALLA,Civic Rights - Documentary
Vox,Jubilee,Social Issues - Podcast/Interviews
Vox,BBC World Service,Global Stories - Podcast/Interviews
Vox,GIVEMeID,Legal Rights - Documentary
Vox,The Infographics Show,Facts - Documentary
Vox,Bajaj Finserv Mutual Fund,Financial Education - Educational Tutorials
Vox,Learn English  ,Language Learning - Educational Tutorials
Vox,Simon Clark,Climate Literacy - Educational Tutorials
Vox,LiveNOW from FOX,News - Live Streaming
Vox,Voice of America,News - Documentary
Vox,MindScope,Psychology - Educational Tutorials
Vox,zoeunlimited,Marketing - Talking-Head Analysis
Vox,Be Smart,Science - Educational Tutorials
Vox,"Live Your Life, Live Your Dream",Language Learning - Educational Tutorials
Vox,United Nations,Global Issues - Live Coverage
Vox,carlsagandotcom,Science - Documentary
Vox,Ayy Lmao,Animation Analysis - Talking-Head Analysis
Vox,The University of Sydney,Education - Documentary
Vox,English Avenue,Language Learning - Educational Tutorials
Vox,Alliance Defending Freedom,Legal Advocacy - Educational Tutorials
Vox,Uncensored America,Free Speech - Podcast/Interviews
Vox,Financian,Business - Educational Tutorials
Vox,Lani's Lens,Film and TV Analysis - Talking-Head Analysis
Vox,Russell Brand,Awakening Consciousness - Talking-Head Analysis
Vox,Harvard GSD,Design - Educational Tutorials
Vox,Mike Rafi - Personal Injury Lawyer,Personal Injury Law - Podcast/Interviews
Vox,vlogbrothers,Philosophy - Talking-Head Analysis
Vox,John Anderson Media,Social and Political Discourse - Podcast/Interviews
Vox,SPIN,Music - Vlog
Vox,Daily Express,Current Affairs - Talking-Head Analysis
Vox,Big Think,Philosophy and Science - Podcast/Interviews
Vox,The Conscious Commune ,Self-Improvement - Talking-Head Analysis
Vox,Jordan B Peterson,Psychology - Podcast/Interviews
Vox,Bible Nerd Ministries,Bible Study - Educational Tutorials
Vox,ConJay,Society and Culture - Talking-Head Analysis
Vox,Michael Steele Network,Politics - Podcast/Interviews
Vox,Dapo IbrahimTV,Storytelling - Documentary
Vox,Glenn Beck,Politics - Talking-Head Analysis
Vox,Garys Economics,Economics - Talking-Head Analysis
Vox,FLAGRANT CLIPS,Comedy - Podcast/Interviews
Vox,Chris Kohler,Finance - Talking-Head Analysis
Vox,It's Just Astronomical!,Astronomy - Animations
Vox,Ryan Long,Comedy - Sketches/Standup
Vox,Baby Shark - Pinkfong Kids’ Songs & Stories,Kids' Entertainment - Educational Videos
Vox,English Speeches,Language Learning - Educational Tutorials
Vox,ReasonTV,Libertarian Perspectives - Talking-Head Analysis
Vox,Change The Game TV,Hip Hop Culture - Clips/Analysis
Vox,Engineering Explained,Automotive Engineering - Educational Tutorials
Vox,CGTN Europe,Geopolitics - Documentary
Vox,Pirate Software,Gaming - Vlog
Vox,We the Internet TV,Comedy News - Talking-Head Analysis
Vox,Laura Flanders & Friends,Public Affairs - Podcast/Interviews
Vox,NewsNation,News - Talking-Head Analysis
Vox,maiabemtbc,Mental Health - Educational Tutorials
Vox,Will Westmoreland,Rural Politics - Podcast/Interviews
Vox,Edit Minds,Video Editing - Educational Tutorials
Vox,space and science,Space and Science - Documentary
Vox, Renewable energy,Renewable Energy - Product Promotion
Vox,TED-Ed,Education - Animated Shorts
Vox,BuzzFeedVideo,Entertainment - Vlog
Vox,Environment and Climate Change Canada,Environment - Educational Tutorials
Vox,StevenCrowder,Politics - Talking-Head Analysis
Vox,Lex Fridman,Psychology - Podcast/Interviews
Vox,ALPHA Philosophy 2.0,Philosophy - Podcast/Interviews
Vox,Cleo Abram,Science and Technology - Documentary
Vox,USAFacts,Civic Engagement - Educational Tutorials
Vox,Black History in Two Minutes or so,Black History - Documentary
Vox,Secular Talk,Political Commentary - Talking-Head Analysis
Vox,Rebel News,News Commentary - Talking-Head Analysis
Vox,Ben Shapiro,Political Commentary - Podcast/Interviews
Vox,Freddie Dredd,Music - Official Music Videos
Vox,Rob Schneider,Comedy - Stand-Up
Vox,TODAY,Parenting - Educational Tutorials
Vox,Hopscotch,Education - Educational Tutorials
Vox,CBS Evening News,News - Documentary
Vox,Bernard Marr,Business and Technology - Talking-Head Analysis
Vox,The Rubin Report,Politics - Podcast/Interviews
Vox,Mint,Business - Podcast/Interviews
Vox,OECD,Economic Policy - Educational Tutorials
Vox,The Aspen Institute,Social Issues - Documentary
Vox,CGP Grey,Society - Documentary
Vox,America's Heartland,Agriculture - Documentary
Vox,jacobweeby,Gaming News - Talking-Head Analysis
Vox,NASA Space Place,Space Education - Educational Tutorials
Vox,GeoGlobeTales,Geopolitics - Documentary
Vox,Mike Rowe,Society - Podcast/Interviews
Vox,MinuteEarth,Science - Documentary
Vox,Rudy Ayoub,Culture - Talking-Head Analysis
Vox,Daily Mail World,Politics - Talking-Head Analysis
Vox,HonorYourOath Civil Rights Investigations,Civil Rights - Vlog
Vox,BBC Learning English,Language Learning - Educational Tutorials
Vox,Bearing,Political Commentary - Talking-Head Analysis
Vox,Student Energy,Sustainability - Educational Tutorials
Vox,Above The Noise,Current Affairs - Documentary
Vox,Top Travel,Travel - Documentary
Vox,Inside Edition,News and Politics - Documentary
Vox,TEDx Talks,Ideas - Documentary
Vox,GIZ,Sustainable Development - Documentary
Vox,Vanessa Van Edwards,Communication Skills - Educational Tutorials
Vox,Associated Press,News - Documentary
Vox,Asmongold TV  ,Gaming - Highlights/Compilations
Vox,The Officer Tatum,Politics - Talking-Head Analysis
Vox,Benny Johnson,Politics - Talking-Head Analysis
Vox,Dr. Glaucomflecken,Health - Podcast/Interviews
Vox,Turning Point USA,Political Activism - Man-on-the-Street Interviews
Vox,Once Upon A Doctor ,Health Education - Educational Tutorials
Vox,Oxford Online English,Language Learning - Educational Tutorials
Vox,StarTalk,Science - Podcast/Interviews
Vox,Mr. Beat,History - Educational Tutorials
Vox,Balance of Power,Geopolitics - Documentary
Vox,Failing to Success,Entrepreneurship - Podcast/Interviews
Vox,GROWTH™,Motivation - Documentary
Vox,Good Morning America,News - Live Broadcast
Vox,AsapSCIENCE,Science - Educational Tutorials
Vox,1News,News - Talking-Head Analysis
Vox,Undecided with Matt Ferrell,Technology Impact - Talking-Head Analysis
Vox,CNBC,Business - Documentary
Vox,Vaush,Politics - Talking-Head Analysis
Vox,BBC,Entertainment - Documentary
Vox,Innovative Techs,Technology - Top 10 Lists
Vox,Young America's Foundation,Political Education - Documentary
Vox,Tom Nicholas,Politics - Talking-Head Analysis
Vox,Calvin & Habs,Culture - Vlog
Vox,Rafa Goes Around!,Travel - Documentary
Vox,Jake Shields' Fight Back Podcast,Combat Sports - Podcast/Interviews
Vox,American Enterprise Institute,Political Economy - Educational Tutorials
Vox,Sam Harris,Philosophy - Podcast/Interviews
Vox,Professor Dave Explains,Science Education - Educational Tutorials
Vox,Knowing Better,"The channel description provided does not contain specific information about the content focus or style of the Knowing Better channel. Therefore, I cannot accurately determine the primary niche and format based solely on the description given. Please provide more context or details about the channel - Unknown"
Vox,The Earthshot Prize,Environmental Awareness - Documentary
Vox,FRANCE 24 English,International News - Documentary
Vox,Fox News,News - Talking-Head Analysis
Vox,PolicyEd,Policy - Educational Tutorials
Vox,Schiff Sovereign,Financial Education - Talking-Head Analysis
Vox,Zendesk,Customer Service - Educational Tutorials
Vox,The Civil Rights Lawyer,Civil Rights - Documentary
Vox,Washington Post,News - Live Coverage
Vox,1990 Institute,Social Justice - Educational Tutorials
Vox,Growth Academy,Social Media Growth - Podcast/Interviews
Vox,Andrew Huberman,Neuroscience - Podcast/Interviews
Vox,JRE Clips,Society and Culture - Podcast/Interviews
Vox,Last Night On Destiny,Politics - Talking-Head Analysis
Vox,TrackingThat,Politics - Talking-Head Analysis
Vox,Foreign Man in a Foreign Land,Social Commentary - Talking-Head Analysis
Vox,HOT 97,Music Culture - Podcast/Interviews
Vox,CrashCourse,Education - Educational Tutorials
Vox,The Problem With Jon Stewart,Political Commentary - Talking-Head Analysis
Vox,Aly: @usa.mom.in.germany,Immigration - Vlog
Vox,Intergovernmental Panel on Climate Change (IPCC),Climate Change - Podcast/Interviews
Vox,Triggernometry,Free Speech - Podcast/Interviews
Vox,Jay Shetty Podcast,Mental Health - Podcast/Interviews
Vox,Glenn Greenwald,News Analysis - Talking-Head Analysis
Vox,Hank Green,Science - Talking-Head Analysis
Vox,Joe Scott,Curiosity - Talking-Head Analysis
Vox,FOX 7 Austin,News - Documentary
Vox,Andrew Millison,Permaculture - Educational Tutorials
Vox,Still Watching Netflix,Entertainment - Talking-Head Analysis
Vox,United Nations Development Programme (UNDP),Global Development - Documentary
Vox,Levi Trumbull,News Coverage - Talking-Head Analysis
Vox,Doctor Myro,Health - Vlog
Vox,युद्धस्य,Philosophy - Talking-Head Analysis
Vox,The Verge,Technology - Explainers
Vox,Dr. Sam Ellis,Skincare - Educational Tutorials
Vox,Andrew Klavan,Politics - Podcast/Interviews
Vox,PBS Terra,Science and Nature - Documentary
Vox,Christiane Amanpour Presents: The Ex Files,Geopolitics - Podcast/Interviews
Vox,TED,Ideas - Talks
Vox,Learn English With TV Series,Language Learning - Educational Tutorials
Vox,American Heart Association,Health and Wellness - Educational Tutorials
Vox,Matt D'Avella,Minimalism - Documentary
Vox,The Federalist Society,Law and Public Policy - Educational Tutorials
Vox,Reuters,News - Documentary
Vox,Dhani Iandika,Agriculture - Educational Tutorials
Vox,NowThis Impact,Social Issues - Documentary
Vox,Bloomberg Television,Financial News - Talking-Head Analysis
Vox,HBO Max,Entertainment - Vlog
Vox,Penelope Scott - Topic,Music - Documentary
Vox,LBC,Current Affairs - Podcast/Interviews
Vox,Information Man Show,Social Issues - Podcast/Interviews
Vox,Michael Moore,Social Commentary - Podcast/Interviews
Vox,Know Your Rights,Legal Rights - Educational Tutorials
Vox,feqwix,Education - Educational Tutorials
Vox,Breaking Points,Politics - Talking-Head Analysis
Vox,CBC News,News - Documentary
Vox,GaryVee,Entrepreneurship - Vlog
Vox,AJ+,News - Documentary
Vox,Senator Sheldon Whitehouse,Politics - Talking-Head Analysis
Vox,Louis Rossmann,Tech Repair - Educational Tutorials
Vox,CNBC Television,Business - Talking-Head Analysis
Vox,Michael Knowles,Politics - Talking-Head Analysis
Vox,KARE 11,News - Documentary
Vox,mrthomasenglish,Halloween Culture - Vlog
Vox,UNICEF,Child Rights Advocacy - Documentary
Vox,Megyn Kelly,Politics - Podcast/Interviews
Vox,PragerU,American Values - Educational Tutorials
Vox,The Daily Show,News and Politics - Satirical Commentary
Vox,Geo All Day,Geopolitics - Documentary
Vox,Captain Trucker,Culture - Vlog
Vox,Neil Patel,Digital Marketing - Talking-Head Analysis
Vox,Roya,Travel - Vlog
Vox,The Boston Globe,News - Documentary
Vox,SSE Energy Solutions,Energy Solutions - Educational Tutorials
Vox,BBC My World,Global Issues - Documentary
Vox,MTV Impact,Social Justice - Documentary
Vox,Dr Ben Miles,Entrepreneurship - Talking-Head Analysis
Vox,Dove US,Beauty - Documentary
Vox,Met Office - UK Weather,Weather - Educational Tutorials
Vox,The Ezra Klein Show,Ideas and Frameworks - Podcast/Interviews
Vox,I Wonder Why?,Human Interest - Documentary
Vox,SciShow,Science - Educational Tutorials
Vox,WIRED,Culture - Podcast/Interviews
Vox,Saturday Night Live,Comedy - Sketches
Vox,TVO Today,Current Affairs - Documentary
Vox,Devin Chase,Gaming - Talking-Head Analysis
Vox,Entertainment Tonight,Entertainment - News Reporting
Vox,Real Time with Bill Maher,Politics - Talk Show
Vox,Tucker Carlson,Political Commentary - Podcast/Interviews
Vox,The Heritage Foundation,Political Commentary - Talking-Head Analysis
Vox,Canon Press,Publishing - Podcast/Interviews
Vox,Kevin Stratvert,Technology - Educational Tutorials
Vox,potholer54,Science Communication - Talking-Head Analysis
Vox,YouTube Originals,Entertainment - Documentary
Vox,The Mannii Show,Comedy - Documentary
Vox,haevix,Kpop - Daily Updates
Vox,The Economist,International News - Documentary
Vox,CrowderBits,Comedy - Podcast/Interviews
Vox,WXYZ-TV Detroit | Channel 7,News - Talking-Head Analysis
Vox,Harnoor Singh,International Education - Podcast/Interviews
Vox,Insider Science,Science - Documentary
Vox,Some More News,News - Talking-Head Analysis
Vox,ABC News In-depth,News Analysis - Documentary
Vox,steveioe,Tech - List Format
Vox,Hoover Institution,Political Science - Educational Tutorials
Vox,Hodgetwins Podcast,Health & Nutrition - Podcast/Interviews
Vox,Tim Pool Show,Politics - Talking-Head Analysis
Vox,MSNBC,News Analysis - Talking-Head Analysis
Vox,Bloomberg ,Financial Education - Educational Tutorials
Vox,RedFrost Motivation,Motivation - Video Essays
Vox,PoliticsJOE,Politics - Podcast/Interviews
Vox,Bill Gates,Global Health and Education - Podcast/Interviews
Vox,PDS News Clips,Geopolitics - Educational Tutorials
Vox,Philip DeFranco,News Commentary - Talking-Head Analysis
Vox,ABC News,News - Live Streaming Coverage
Vox,LavenderTowne,Art - Educational Tutorials
Vox,CNN,News - Documentary
Vox,EDGE OF THE MATRIX,Culture War - Vlog
Vox,karen go home,First Amendment Rights - Documentary
Vox,Stand Together,Philanthropy - Documentary
Vox,homeproject,Environmental Awareness - Documentary
Vox,Tom Richey,History Education - Educational Tutorials
Vox,Anya Anti,Photography - Vlog
Vox,The Muslim Skeptic,Islamic Commentary - Podcast/Interviews
Vox,VICE,Culture - Documentary
Vox,Explore Nature Today,Travel - Documentary
Vox,Fox Business,Financial News - Talking-Head Analysis
Vox,Charlie Kirk,Political Activism - Podcast/Interviews
Vox,Judicial Watch,Government Accountability - Documentary
Vox,House Appropriations Committee,Politics - Talking-Head Analysis
Vox,Netflix,Entertainment - Documentary
Vox,The Doctors,Health - Talk Show
Vox,The Namarasa Podcast ,Spirituality - Podcast/Interviews
Vox,C-SPAN,Public Affairs - Documentary
Vox,ABC 7 News - WJLA,News - Talking-Head Analysis
Vox,cavettbiter,Entertainment - Podcast/Interviews
Vox,NowThis Earth,Climate Crisis - Documentary
Vox,Facts Matter with Roman Balmakov,News Commentary - Podcast/Interviews
Vox,Finest Trends,Trends - Documentary
Vox,Bloomberg Originals,Business - Documentary
Vox,CRUX,Geopolitics - Talking-Head Analysis
Vox,BBC News,Global News - Documentary
Vox,LegalEagle,Legal Education - Talking-Head Analysis
Vox,Bobby Foster,Media Analysis - Talking-Head Analysis
Vox,PBS NewsHour,News - Documentary
Vox,Late Night with Seth Meyers,Entertainment - Talk Show
Vox,Real Engineering,Engineering - Documentary
Vox,Veritasium,Science - Educational Tutorials
Vox,Leadership Institute,Politics - Educational Tutorials
Vox,Get Set Go தமிழ்,Culture - Vlog
Vox,Lando Kalriz,Humor - Vlog
Vox,Stephen A. Smith,Society and Culture - Podcast/Interviews
Vox,Forbes Breaking News,Politics - Podcast/Interviews
Vox,Piers Morgan Uncensored,Debate - Podcast/Interviews
Vox,Ankit Fadia,Technology - Educational Tutorials
Vox,Nas Daily,Entrepreneurship - Documentary
Vox,Learn Bright,Education - Educational Tutorials
Vox,Doctor Mike,Health/Medicine - Educational Tutorials
Vox,Compound Censored,Comedy - Podcast/Interviews
Vox,Corporate Junky,Business - Podcast/Interviews
Vox,oliSUNvia,Philosophy - Talking-Head Analysis
