Channel_Name,Channel_ID,video_id,title,description,published_at,duration_seconds,is_short
MKBHD,UCBJycsmduvYEL83R_U4JriQ,v5lc7UAAats,This or Apple Vision Pro?,,2025-10-24 02:20:38,72,False
MKBHD,UCBJycsmduvYEL83R_U4JriQ,rU9aqBv0YdY,What's Going on with Apple Vision Pro?,This is the Vision Pro with M5.  Samsung's XR headset: https://youtu.be/az5QL_NLBvg  VR headsets vs Smart Glasses: https://youtu.be/_XdD-TQseU4  MKBHD Merch: http://shop.MKBHD.com  Playlist of MKBHD Intro music: https://goo.gl/B3AWV5  Headset provided by Apple for review.  ~ http://twitter.com/MKBHD http://instagram.com/MKBHD http://facebook.com/MKBHD,2025-10-21 17:02:11,638,False
MKBHD,UCBJycsmduvYEL83R_U4JriQ,rZMMySvsKAA,The Solar Powered Aptera EV 👀,Straight from the Jetsons,2025-10-17 21:40:13,117,False
MKBHD,UCBJycsmduvYEL83R_U4JriQ,xIFkrVU5Krk,This or the iPhone?,Xiaomi 17 Pro Max?,2025-10-15 22:19:51,70,False
MKBHD,UCBJycsmduvYEL83R_U4JriQ,eou_g_cYCew,Xiaomi 17 Pro Max: An iPhone... But Better!,This phone is absolutely built around one-upping the iPhone.  Switching from iPhone to Android video: https://youtu.be/eCR17sBh-Qw  MKBHD Merch: http://shop.MKBHD.com  Playlist of MKBHD Intro music: https://goo.gl/B3AWV5  ~ http://twitter.com/MKBHD http://instagram.com/MKBHD http://facebook.com/MKBHD,2025-10-14 21:56:26,712,False
MKBHD,UCBJycsmduvYEL83R_U4JriQ,Tl8RS0sR-qA,Google Pixel Pro Fold Review: Not Compatible!,"I love using this phone, but also Pixel and foldable are opposites.  Google PIxel 10 Pro Fold: https://geni.us/lxilgO  MKBHD Merch: http://shop.MKBHD.com  Playlist of MKBHD Intro music: https://goo.gl/B3AWV5  Phone provided by Google for review.  ~ http://twitter.com/MKBHD http://instagram.com/MKBHD http://facebook.com/MKBHD",2025-10-08 17:00:26,491,False
MKBHD,UCBJycsmduvYEL83R_U4JriQ,rng_yUSwrgU,iPhone 17 Review: No Asterisks!,This is the best iPhone in years. Which can have an interesting effect on the rest of the lineup...  MKBHD Merch: http://shop.MKBHD.com  Playlist of MKBHD Intro music: https://goo.gl/B3AWV5  Phone provided by Apple for review.  ~ http://twitter.com/MKBHD http://instagram.com/MKBHD http://facebook.com/MKBHD,2025-10-01 20:41:40,680,False
MKBHD,UCBJycsmduvYEL83R_U4JriQ,q0aFOxT6TNw,iPhone 17 Pro Review: Paradox in a Box!,The two-sided existence of the iPhone 17 Pro/Pro Max  Protect your iPhone 17 Pro with dbrand at https://dbrand.com/iphone-17-cases  Auto Focus shot on iPhone 17 Pro: https://youtu.be/n_wbyAf0Sfs?si=ZCLdLpeNV9odVbe_ Tyler Stalman Review: https://youtu.be/KIwKEIMjBLM?si=keTAWfkW1SwobxI2 HTX Studio Review: https://youtu.be/zC7IIJCz8Dw?si=1AEb9v1WFlvzRkiM JerryRigEverything: https://youtu.be/KrOBzFwVzwA?si=CdL_xLH1K0dW2E20  Auto Focus: http://youtube.com/AutoFocus  MKBHD Merch: http://shop.MKBHD.com  Playlist of MKBHD Intro music: https://goo.gl/B3AWV5  ~ http://twitter.com/MKBHD http://instagram.com/MKBHD http://facebook.com/MKBHD  0:00 The Pro Paradox 1:57 Pro Cameras 5:02 Built like a tank 7:35 Performance 9:11 Big Battery 10:19 What a Thing,2025-09-26 21:00:43,742,False
The Food Ranger,UCiAq_SU0ED1C6vWFMnw8Ekg,EeYpzB2HIwA,"MUSLIM Chinese Street Food Tour of Xi'an, China! Most INSANE Street Food in China!","Muslim Chinese Street Food Tour of Xi’an, China! 👉 Subscribe for more: https://youtube.com/thefoodranger 👉Check out my friend Alex's channel https://www.youtube.com/@Just_Food  I’m so excited  to be back to exploring street food in China. In this video, I'm taking you and my friend Alex around on this  Chinese food tour. This is the most famous Muslim chinese street food city in China, packed with halal delights you need to try! Not only that, it also has regular Chinese street food as well!  My friend Alex came to China for the first time, and I took him around for tons of amazing Chinese street food.    Xi’an is home to the Hui Muslim Chinese community, and the Muslim street food here is incredibly delicious! This district is packed with delights! This is where Chinese and Middle Eastern flavors are prevalent everywhere! Lots of hand pulled noodles, blade sheared noodles, tons of lamb, cumin, and flatbread. This is one of the most delicious cuisines in the world. This is the home of the silk road, and this food traveled across Central Asia into the Middle East and also influenced cooking in Europe.  In this video (part 3 of 4), we try some of the most famous Xi'an foods, Muslim Chinese street foods and also non-halal street foods you must eat in Xi’an.  First up is the SajinQiao street foor market. We started the day at Sajinqiao street food Morning Market, one of Xi’an’s busiest street food spots. First up was Jinggao, AKA zenggao a sticky rice street cake packed with sweet red bean paste. Soft, chewy, and slightly smoky from the griddle, it’s a Xi’an breakfast classic (Price: 10RMB / ~$1.40USD).  Next up is the famous Chinese Jianbing Crepe! You gotta try it! Found deep in the back alleyways near Sajinqiao, only about 10-20RMB per jianbing depending on how much you add ($1.40-$3.00)  Next up, we also had some amazing hulatang special spicy and peppery beef soup! Hulatang (胡辣汤) is a rich, peppery soup that originated in Henan province but also famous in Xi'an with the hui muslim chinese. It is especially famous in cities like Luohe and Kaifeng, though it’s now beloved across northern China.   Next up was a famous Liangpi joint with tons of sesame paste and homemade chili oil and special vinegar! Found at 盛家酿皮, this is one of my favourite cold jelly noodle spots in Xi'an!  We also found some steamed dumplings at a little hole in the wall in the muslim quarter! And then went to finish off the night with one of the most famous Xi'an street foods you need to try, well actually it's from Xinjiang but it's also really good here too! The Dapanji big plate chicken! Found at 清真 伊布拉 大盘鸡 in the muslim district of Xi'an!  I hope you enjoy this street food video with my friend Alex! It was so much fun showing him around Xi’an and introducing him to Hui Muslim Chinese street food!  Make sure to check out his channel here: 👉 https://www.youtube.com/@Just_Food  Timestamps:   Follow me for more food adventures: https://youtube.com/thefoodranger https://instagram.com/thefoodranger https://facebook.com/thefoodranger  00:00 Introduction 00:53 Chinese market breakfast sweet 03:19 Chinese crepe Jianbiang 06:10 Muslim Chinese peppery soup 09:24 Cold jelly noodle liangpi 16:35 Street dumplings 21:07 Big plate chicken 25:34 Outro",2025-09-06 15:06:30,1597,False
The Food Ranger,UCiAq_SU0ED1C6vWFMnw8Ekg,yAmSzzauOF4,"MUSLIM Chinese Street Food Tour of Xi'an, China!  (INSANE!) The BEST Food in China!","Muslim Chinese Street Food Tour of Xi’an, China! 👉 Subscribe for more: https://youtube.com/thefoodranger 👉Check out my friend Alex's channel https://www.youtube.com/@Just_Food  I’m so excited  to be back to Foodrangin and to take you around Xi'an china on this incredible on this  Chinese food tour.This is perhaps the most famous street food city in China and the starting point of the Silk Road. It's packed with both muslim Chinese street food and Xi'an style Chinese street food too.  My friend Alex   @Just_Food    is visiting China for the first time, and I brought him around to try the real deal Muslim Chinese cuisine. It was awesome to see his reacti to trying authentic Chinese food for the first time in China!  Xi’an has a very vibrant Hui Muslim Chinese community, and the Muslim quarter street food here is next level. This district is packed with delights! This is where Chinese and Middle Eastern flavors combine. Lots of garlic, hand pulled noodles, fatty and juicy lamb, cumin, and flatbread. This creates one of the most delicious cuisines in the world. This is the birthplace of the silk road, and this food traveled across Central Asia into the Middle East and also influenced cooking in Europe.  In this video (part 2 of 4), we try some of the most iconic Muslim Chinese street foods and also non-halal street foods you must eat in Xi’an:  东仓门早市 (Dongcangmen Morning Market) We started the day at Dongcangmen Morning Market, one of Xi’an’s busiest street food spots. First up was Jinggao — a sticky rice street cake filled with sweet red bean paste. Soft, chewy, and slightly smoky from the griddle, it’s a Xi’an breakfast classic (Price: 5 RMB / ~$0.70 USD).  Next we tried a Chinese Jianbing Crepe, this version spread with bean paste and stuffed with two eggs. Crispy, savory, and sweet all in one bite — the ultimate breakfast street snack (Price: 8 RMB / ~$1.10 USD).  We also had Shuijianbao, juicy pan-fried buns served with vinegar and chili oil — only 1 RMB for three! Finally, we warmed up with a spicy, peppery bowl of Hulatang, Xi’an’s famous hot pepper soup packed with vegetables and tofu.  张凌峰肉夹馍 (Zhang Lingfeng Roujiamo) Next we stopped for Roujiamo, often called the “Chinese hamburger.” This one was one of the most loaded Roujiamo I’ve ever eaten — stuffed to the brim with slow-braised pork and a huge slice of fatty pork skin that melted in your mouth. Juicy, rich, and perfectly tucked inside the crispy baked flatbread. Price: 13 RMB (~$1.80 USD).  We also had a bowl of Liangpi, Xi’an’s famous cold skin noodles. Served with chili oil, garlic, and vinegar, it’s the perfect refreshing side dish to balance out the richness of the Roujiamo.  老何家卤汁凉粉 (Lao Hejia Luzhi Liangfen) After that, we visited Lao Hejia for their famous Luzhi Liangfen — jelly noodles mixed with crumbled Chinese mo flatbread. It came topped with century egg and drenched in chili oil, garlic, mustard, and the shop’s signature spiced vinegar. Tangy, spicy, and deeply savory, this is one of Xi’an’s most iconic and flavorful street snacks. Price: 11 RMB (~$1.50 USD).  Back Alley Uyghur Stall – Kaobaozi Deep in a hidden back alley, we found a Uyghur vendor selling freshly baked Kaobaozi — giant meat buns stuffed with a juicy mix of beef and rich lamb fat. Each bun was loaded with flavor from his secret cumin spice blend, making them smoky, aromatic, and incredibly satisfying.  老刘家泡馍 (Lao Liu Jia Paomo) We finished with one of Xi’an’s most legendary dishes — Yangrou Paomo (pita bread soaked in lamb soup). At Lao Liu Jia, you first break the dense flatbread into small pieces by hand, then it’s simmered in a rich, aromatic mutton broth. The result is a hearty, flavorful stew that represents the soul of Xi’an’s Muslim food culture. Price: 45 RMB (~$6.20 USD).  瑞宝斋马峰酸汤水饺 (Ruibaozhai Mafeng Suantang Shuijiao) We also tried Suantang Shuijiao — spicy and sour boiled dumplings swimming in a hot, tangy broth. The sourness comes from fermented vinegar and chili, giving each dumpling a bold kick of flavor. We got 24 dumplings for just 19 RMB (~$2.60 USD), making this one of the best-value meals in Xi’an.  I hope you enjoy this street food video with my friend Alex! It was so much fun showing him around Xi’an and introducing him to Hui Muslim Chinese street food!  Make sure to check out his channel here: 👉 https://www.youtube.com/@Just_Food  Timestamps: 00:00 Introduction 00:23 Silk road overview 00:55 Morning market 01:08 Xi'an breakfast sweet 02:49 Chinese crepe 05:07 pan fried dumplings 08:10 Chinese hamburger 13:50 Very unique street food 19:08 Uighur tandoor baozi 22:20 Lamb pita soup yangroupaomo 26:34 Late night dumplings 30:49 Thank for watching  Follow me for more food adventures: https://youtube.com/thefoodranger https://instagram.com/thefoodranger https://facebook.com/thefoodranger",2025-08-23 14:30:46,1871,False
The Food Ranger,UCiAq_SU0ED1C6vWFMnw8Ekg,o7RkF6kxphI,"MUSLIM Chinese Street Food Tour in Xi'an, China (Silk Road Series Begins!)","Muslim Chinese Street Food Tour in Xi’an, China! 👉 Subscribe for more: https://youtube.com/thefoodranger 👉Check out my friend Alex's channel https://www.youtube.com/@Just_Food  I’m so excited to take you on this ultimate Chinese food tour in Xi’an, China. This is one of the most famous street food cities in China and the starting point of the Silk Road.   My friend Alex  @Just_Food   came to China for the first time, and I took him to try authentic Muslim Chinese cuisine for the very first time. It was so much fun to see his reactions to trying authentic Chinese food for the first time in China!  Xi’an is home to the Hui Muslim Chinese community, and the Muslim Quarter street food here is legendary. This is where Chinese and Middle Eastern flavors blend, lots of cumin, chili, garlic, hand-pulled noodles, lamb, and flatbread. This creates one of the most unique cuisines in the world. This Silk Road food traveled across Central Asia into the Middle East and even influenced cooking in Europe.  In this video (part 1 of 4), we try some of the most iconic Muslim Chinese street foods you must eat in Xi’an:  正宗裤带面钟楼小区 (Authentic Belt Noodles) We started with Youpo Lazi (Biang Biang Mian) — hand-pulled “belt noodles” covered in hot chili oil, garlic, and vinegar. This famous Xi’an noodle dish costs just 14 RMB (~$2 USD) and is one of the most popular Chinese street foods.  清真马宾小炒 (The Xiaochao Paomo a famous stir fried noodle dish with flatbread) Next we ate Xiaochaopaomo (pita bread mutton stew). You tear the flatbread by hand into small pieces before it’s cooked in rich lamb soup, so it soaks up all the flavor. This is a traditional Muslim Chinese dish and one of the most famous Xi’an foods. We had the spicy version! Price: Free — they wouldn’t let us pay!  尔奈斯大盘鸡 (Big Plate Chicken) For our main course we ordered Big Plate Chicken (Dàpánjī). A huge platter of braised chicken, potatoes, and chilies, topped with hand-pulled noodles. Originally from Xinjiang, this dish is now a favorite across Northwest China. Price: 128 RMB (~$18 USD). This is a must-try Silk Road cuisine classic.  Xi’an Street BBQ Stall – We ended the night with Xi’an-style BBQ skewers — beef and lamb grilled over charcoal and coated with chili oil, cumin, and fermented bean paste. This is one of the most addictive Chinese street foods and a highlight of Xi’an’s Muslim Quarter night market.  I had an amazing time showing Alex around Xi’an and introducing him to Hui Muslim Chinese street food for the first time.   Make sure to check out his channel here: 👉 https://www.youtube.com/@Just_Food  Timestamps: 00:00 Intro 00:29 Airport Arrival 00:57 Chili sizzle noodles 05:21 Wok master noodles 09:45 Big plate chicken 16:05 Late night kebabs  Follow me for more food adventures: https://youtube.com/thefoodranger https://instagram.com/thefoodranger https://facebook.com/thefoodranger Join Trevor as he explores Xi'an, China, with a friend, diving headfirst into the local culinary scene! They sample a variety of dishes from the vibrant food street, including spicy options and unique noodles. This travel video showcases the best of china street food in Xi'an!",2025-08-16 16:01:11,1153,False
The Food Ranger,UCiAq_SU0ED1C6vWFMnw8Ekg,B5ZWNaXeJcY,"Eating WHOLE Cow Head Curry in Kenya - INSANELY Delicious Food of Kisumu, Kenya!","Join us as we dive into the heart of Kenyan cuisine with an extreme full cow head experience! Witness the traditional cooking methods and savor the delicious food that Kenya has to offer. This cooking video shows authentic Kenyan dishes in Kisumu, Kenya!  But first up before the giant cow head curry, we joined up with local guides Lauren and Jacky to take us around the fish market of Kisumu and then try a nice fish feast for lunch!   Then we went to try the whole cow head curry at VeeLarge restaurant in Kisumu!  Make sure to subscribe for more food videos!",2025-08-10 15:02:48,1111,False
Kurzgesagt – In a Nutshell,UCsXVk37bltHxD1rDPwtNM8Q,29pN-2KM2DI,It's Been 10 Years...,"The world is filling with low effort AI content… but we’d rather quit than make AI slop. That’s why the 12,026 Human Era Calendar matters so much to us: it’s a celebration of real human curiosity, made by the talented artists and researchers behind kurzgesagt.  Each copy supports our videos, art, and ideas we love to share, while also filling your home with twelve stunning prints and fascinating stories. ✨ Get yours now: https://shop.kgs.link/12-026   OUR CHANNELS ▀▀▀▀▀▀▀▀▀▀▀▀▀▀▀▀▀▀▀▀▀▀▀▀▀▀ German:        https://kgs.link/youtubeDE Spanish:        https://kgs.link/youtubeES French:          https://kgs.link/youtubeFR Portuguese:  https://kgs.link/youtubePT Arabic:           https://kgs.link/youtubeAR Hindi:             https://kgs.link/youtubeHI Japanese:     https://kgs.link/youtubeJA Korean:          https://kgs.link/youtubeKO   HOW CAN YOU SUPPORT US? ▀▀▀▀▀▀▀▀▀▀▀▀▀▀▀▀▀▀▀▀▀▀▀▀▀▀ This is how we make our living and it would be a pleasure if you support us!  Get Products designed with ❤️ https://shop.kgs.link Join the Patreon Bird Army 🐧  https://kgs.link/patreon     DISCUSSIONS & SOCIAL MEDIA ▀▀▀▀▀▀▀▀▀▀▀▀▀▀▀▀▀▀▀▀▀▀▀▀▀▀ TikTok:           https://kgs.link/tiktok Reddit:            https://kgs.link/reddit Instagram:     https://kgs.link/instagram Twitter:           https://kgs.link/twitter Facebook:      https://kgs.link/facebook Discord:          https://kgs.link/discord Newsletter:    https://kgs.link/newsletter   OUR VOICE ▀▀▀▀▀▀▀▀▀▀▀▀▀▀▀▀▀▀▀▀▀▀▀▀▀▀ The kurzgesagt voice is from  Steve Taylor:  https://kgs.link/youtube-voice   OUR MUSIC ♬♪ ▀▀▀▀▀▀▀▀▀▀▀▀▀▀▀▀▀▀▀▀▀▀▀▀▀▀ 700+ minutes of kurzgesagt Soundtracks by Epic Mountain:  Spotify:            https://kgs.link/music-spotify Soundcloud:   https://kgs.link/music-soundcloud Bandcamp:     https://kgs.link/music-bandcamp Youtube:          https://kgs.link/music-youtube Facebook:       https://kgs.link/music-facebook  If you want to help us caption this video, please send subtitles to subtitle@kurzgesagt.org You can find info on what subtitle files work on YouTube here: https://support.google.com/youtube/answer/2734698?hl=en-GB&ref_topic=7296214 Thank you!",2025-10-21 14:00:02,168,False
Kurzgesagt – In a Nutshell,UCsXVk37bltHxD1rDPwtNM8Q,cE0zgN6pYOc,"Dig Deep, Power a City","Deep underground, leftover heat from our planet’s formation and radioactive decay heats up the surrounding rocks and water. We can use this heat to warm our homes or generate electricity!  Creation supported by AHA – The Science Communication Hub and the Science Year 2025 – Energy of the Future  #kurzgesagt #inanutshell #kurzgesagt_inanutshell #learnwithshorts #science #renewableenergy  Sources & further reading:  https://sites.google.com/view/kgs-tiktok-sources  Follow us for more sciencey content! 🦆  OUR CHANNELS ▀▀▀▀▀▀▀▀▀▀▀▀▀▀▀▀▀▀▀▀▀▀▀▀▀▀ German:        https://kgs.link/youtubeDE Spanish:        https://kgs.link/youtubeES French:          https://kgs.link/youtubeFR Portuguese:  https://kgs.link/youtubePT Arabic:           https://kgs.link/youtubeAR Hindi:             https://kgs.link/youtubeHI Japanese:     https://kgs.link/youtubeJA Korean:          https://kgs.link/youtubeKO   HOW CAN YOU SUPPORT US? ▀▀▀▀▀▀▀▀▀▀▀▀▀▀▀▀▀▀▀▀▀▀▀▀▀▀ This is how we make our living and it would be a pleasure if you support us!  Get Products designed with ❤ https://shop.kgs.link/shorts Become a Part of kurzgesagt by joining the Patreon Bird Army 🐧  https://kgs.link/patreon     DISCUSSIONS & SOCIAL MEDIA ▀▀▀▀▀▀▀▀▀▀▀▀▀▀▀▀▀▀▀▀▀▀▀▀▀▀ Instagram:     https://kgs.link/instagram TikTok:           https://kgs.link/tiktok Reddit:            https://kgs.link/reddit Discord:          https://kgs.link/discord Twitter:           https://kgs.link/twitter Bluesky:          https://kgs.link/bluesky Facebook:      https://kgs.link/facebook Newsletter:    https://kgs.link/newsletter   OUR VOICE ▀▀▀▀▀▀▀▀▀▀▀▀▀▀▀▀▀▀▀▀▀▀▀▀▀▀ The Kurzgesagt voice is from  Steve Taylor:  https://kgs.link/youtube-voice   OUR MUSIC ♬♪ ▀▀▀▀▀▀▀▀▀▀▀▀▀▀▀▀▀▀▀▀▀▀▀▀▀▀ 700+ minutes of Kurzgesagt Soundtracks by Epic Mountain:  Spotify:            https://kgs.link/music-spotify Soundcloud:   https://kgs.link/music-soundcloud Bandcamp:     https://kgs.link/music-bandcamp Youtube:          https://kgs.link/music-youtube Facebook:       https://kgs.link/music-facebook",2025-10-16 14:00:58,71,False
Kurzgesagt – In a Nutshell,UCsXVk37bltHxD1rDPwtNM8Q,ty0WVFjOkok,What If Earth Suddenly Turned Into Gold?,Have you ever wondered what would happen if the entire Earth suddenly turned into gold? So did we.  #kurzgesagt #inanutshell #kurzgesagt_inanutshell #learnwithshorts #science #midas #midastouch   Sources & further reading:  https://sites.google.com/view/kgs-tiktok-sources  Follow us for more sciencey content! 🦆  OUR CHANNELS ▀▀▀▀▀▀▀▀▀▀▀▀▀▀▀▀▀▀▀▀▀▀▀▀▀▀ German:        https://kgs.link/youtubeDE Spanish:        https://kgs.link/youtubeES French:          https://kgs.link/youtubeFR Portuguese:  https://kgs.link/youtubePT Arabic:           https://kgs.link/youtubeAR Hindi:             https://kgs.link/youtubeHI Japanese:     https://kgs.link/youtubeJA Korean:          https://kgs.link/youtubeKO   HOW CAN YOU SUPPORT US? ▀▀▀▀▀▀▀▀▀▀▀▀▀▀▀▀▀▀▀▀▀▀▀▀▀▀ This is how we make our living and it would be a pleasure if you support us!  Get Products designed with ❤ https://shop.kgs.link/shorts Become a Part of kurzgesagt by joining the Patreon Bird Army 🐧  https://kgs.link/patreon     DISCUSSIONS & SOCIAL MEDIA ▀▀▀▀▀▀▀▀▀▀▀▀▀▀▀▀▀▀▀▀▀▀▀▀▀▀ Instagram:     https://kgs.link/instagram TikTok:           https://kgs.link/tiktok Reddit:            https://kgs.link/reddit Discord:          https://kgs.link/discord Twitter:           https://kgs.link/twitter Bluesky:          https://kgs.link/bluesky Facebook:      https://kgs.link/facebook Newsletter:    https://kgs.link/newsletter   OUR VOICE ▀▀▀▀▀▀▀▀▀▀▀▀▀▀▀▀▀▀▀▀▀▀▀▀▀▀ The Kurzgesagt voice is from  Steve Taylor:  https://kgs.link/youtube-voice   OUR MUSIC ♬♪ ▀▀▀▀▀▀▀▀▀▀▀▀▀▀▀▀▀▀▀▀▀▀▀▀▀▀ 700+ minutes of Kurzgesagt Soundtracks by Epic Mountain:  Spotify:            https://kgs.link/music-spotify Soundcloud:   https://kgs.link/music-soundcloud Bandcamp:     https://kgs.link/music-bandcamp Youtube:          https://kgs.link/music-youtube Facebook:       https://kgs.link/music-facebook,2025-10-09 14:01:52,93,False
Kurzgesagt – In a Nutshell,UCsXVk37bltHxD1rDPwtNM8Q,_zfN9wnPvU0,AI Slop Is Destroying The Internet,"IT’S HERE ✨ The 10th edition of the Human Era Calendar: https://shop.kgs.link/12026 Join us in 12,026 to celebrate humanity’s connection to the stars with a year of cosmic stories and gorgeous artwork. Every purchase helps fund another year of kurzgesagt.  Like everything we do, our calendar is human-made – no AI slop included. Thank you for being such a special part of our mission.  Sources & further reading: https://sites.google.com/view/sources-aislop  AI-generated content is flooding the internet, from videos and music to news and books. On top of that, generative AI is making false information look more convincing than ever.  We're entering a new era of information overload, and figuring out what's real and what's not is becoming more and more of a challenge. While AI slop is slowly changing the internet as we know it, one thing is certain: kurzgesagt videos will always remain human-made.   OUR CHANNELS ▀▀▀▀▀▀▀▀▀▀▀▀▀▀▀▀▀▀▀▀▀▀▀▀▀▀ German:        https://kgs.link/youtubeDE Spanish:        https://kgs.link/youtubeES French:          https://kgs.link/youtubeFR Portuguese:  https://kgs.link/youtubePT Arabic:           https://kgs.link/youtubeAR Hindi:             https://kgs.link/youtubeHI Japanese:     https://kgs.link/youtubeJA Korean:          https://kgs.link/youtubeKO   HOW CAN YOU SUPPORT US? ▀▀▀▀▀▀▀▀▀▀▀▀▀▀▀▀▀▀▀▀▀▀▀▀▀▀ This is how we make our living and it would be a pleasure if you support us!  Get Products designed with ❤️ https://shop.kgs.link Join the Patreon Bird Army 🐧  https://kgs.link/patreon     DISCUSSIONS & SOCIAL MEDIA ▀▀▀▀▀▀▀▀▀▀▀▀▀▀▀▀▀▀▀▀▀▀▀▀▀▀ Instagram:     https://kgs.link/instagram TikTok:           https://kgs.link/tiktok Reddit:            https://kgs.link/reddit Discord:          https://kgs.link/discord Twitter:           https://kgs.link/twitter Bluesky:          https://kgs.link/bluesky Facebook:      https://kgs.link/facebook Newsletter:    https://kgs.link/newsletter   OUR VOICE ▀▀▀▀▀▀▀▀▀▀▀▀▀▀▀▀▀▀▀▀▀▀▀▀▀▀ The kurzgesagt voice is from  Steve Taylor:  https://kgs.link/youtube-voice   OUR MUSIC ♬♪ ▀▀▀▀▀▀▀▀▀▀▀▀▀▀▀▀▀▀▀▀▀▀▀▀▀▀ 700+ minutes of kurzgesagt soundtracks by Epic Mountain:  Spotify:            https://kgs.link/music-spotify Soundcloud:   https://kgs.link/music-soundcloud Bandcamp:     https://kgs.link/music-bandcamp Youtube:          https://kgs.link/music-youtube Facebook:       https://kgs.link/music-facebook  The soundtrack of this video: SoundCloud: https://bit.ly/4nwF6XT Bandcamp: https://bit.ly/42oSrJs  If you want to help us caption this video, please send subtitles to subtitle@kurzgesagt.org You can find info on what subtitle files work on YouTube here: https://support.google.com/youtube/answer/2734698?hl=en-GB&ref_topic=7296214 Thank you!   🐦🐧🐤 PATREON BIRD ARMY 🐤🐧🐦 ▀▀▀▀▀▀▀▀▀▀▀▀▀▀▀▀▀▀▀▀▀▀▀▀▀▀ Many thanks to our wonderful Patreons (from http://kgs.link/patreon) who support us every month and made this video possible: Albie, AWhiskyDoc, Björn Simon, Bryan Maher, Calm_Sambonator, Delta Lead, Diana Lopez, Ektus, Elizabeth Dreghorn, Emily Vance, Endless Circuit, Gamtional Treasure, GTA Trolling, Hauke kaerkes,  Ian Watkins, Jade Jenner, Jakub, Jinxies Juice, Jonas K, Laura Wilkinson, Lizzie, Nebula, Panzer_43, Rich, Tigo Middelkoop, Toasti Mosti",2025-10-07 14:00:17,734,False
Kurzgesagt – In a Nutshell,UCsXVk37bltHxD1rDPwtNM8Q,mxG0ts7qmq0,How to Bottle a Star,"The Sun gives us endless energy... we only have to figure out how to store it. From mirrors and molten salt to ammonia fuel, here’s how we can bottle star power for later.  Creation supported by AHA – The Science Communication Hub and the Science Year 2025 – Energy of the Future  #kurzgesagt #inanutshell #kurzgesagt_inanutshell #learnwithshorts #science #renewableenergy  Sources & further reading:  https://sites.google.com/view/kgs-tiktok-sources  Follow us for more sciencey content! 🦆  OUR CHANNELS ▀▀▀▀▀▀▀▀▀▀▀▀▀▀▀▀▀▀▀▀▀▀▀▀▀▀ German:        https://kgs.link/youtubeDE Spanish:        https://kgs.link/youtubeES French:          https://kgs.link/youtubeFR Portuguese:  https://kgs.link/youtubePT Arabic:           https://kgs.link/youtubeAR Hindi:             https://kgs.link/youtubeHI Japanese:     https://kgs.link/youtubeJA Korean:          https://kgs.link/youtubeKO   HOW CAN YOU SUPPORT US? ▀▀▀▀▀▀▀▀▀▀▀▀▀▀▀▀▀▀▀▀▀▀▀▀▀▀ This is how we make our living and it would be a pleasure if you support us!  Get Products designed with ❤ https://shop.kgs.link/shorts Become a Part of kurzgesagt by joining the Patreon Bird Army 🐧  https://kgs.link/patreon     DISCUSSIONS & SOCIAL MEDIA ▀▀▀▀▀▀▀▀▀▀▀▀▀▀▀▀▀▀▀▀▀▀▀▀▀▀ Instagram:     https://kgs.link/instagram TikTok:           https://kgs.link/tiktok Reddit:            https://kgs.link/reddit Discord:          https://kgs.link/discord Twitter:           https://kgs.link/twitter Bluesky:          https://kgs.link/bluesky Facebook:      https://kgs.link/facebook Newsletter:    https://kgs.link/newsletter   OUR VOICE ▀▀▀▀▀▀▀▀▀▀▀▀▀▀▀▀▀▀▀▀▀▀▀▀▀▀ The Kurzgesagt voice is from  Steve Taylor:  https://kgs.link/youtube-voice   OUR MUSIC ♬♪ ▀▀▀▀▀▀▀▀▀▀▀▀▀▀▀▀▀▀▀▀▀▀▀▀▀▀ 700+ minutes of Kurzgesagt Soundtracks by Epic Mountain:  Spotify:            https://kgs.link/music-spotify Soundcloud:   https://kgs.link/music-soundcloud Bandcamp:     https://kgs.link/music-bandcamp Youtube:          https://kgs.link/music-youtube Facebook:       https://kgs.link/music-facebook",2025-10-02 14:01:14,67,False
Kurzgesagt – In a Nutshell,UCsXVk37bltHxD1rDPwtNM8Q,VMm-U2pHrXE,We Found a Loophole to Survive the End of the Universe,"Go to https://ground.news/nutshell to get 40% off unlimited access to Ground News so you can compare coverage and think critically about the news you read.  Sign up to the Birb’s Nest newsletter → https://shop.kgs.link/birb-nest  Get exclusive freebies, early access, and much more from the kurzgesagt universe.  Sources & further reading: https://sites.google.com/view/sources-surviveheatdeath/  Can we survive the heat death of the universe? One day, the last star will die, galaxies will dissolve, and black holes will evaporate. The universe becomes a cold, empty void where nothing happens.  Forever. But there might be a loophole that lets life keep going.   OUR CHANNELS ▀▀▀▀▀▀▀▀▀▀▀▀▀▀▀▀▀▀▀▀▀▀▀▀▀▀ German:        https://kgs.link/youtubeDE Spanish:        https://kgs.link/youtubeES French:          https://kgs.link/youtubeFR Portuguese:  https://kgs.link/youtubePT Arabic:           https://kgs.link/youtubeAR Hindi:             https://kgs.link/youtubeHI Japanese:     https://kgs.link/youtubeJA Korean:          https://kgs.link/youtubeKO   HOW CAN YOU SUPPORT US? ▀▀▀▀▀▀▀▀▀▀▀▀▀▀▀▀▀▀▀▀▀▀▀▀▀▀ This is how we make our living and it would be a pleasure if you support us!  Get Products designed with ❤️ https://shop.kgs.link Join the Patreon Bird Army 🐧  https://kgs.link/patreon     DISCUSSIONS & SOCIAL MEDIA ▀▀▀▀▀▀▀▀▀▀▀▀▀▀▀▀▀▀▀▀▀▀▀▀▀▀ Instagram:     https://kgs.link/instagram TikTok:           https://kgs.link/tiktok Reddit:            https://kgs.link/reddit Discord:          https://kgs.link/discord Twitter:           https://kgs.link/twitter Bluesky:          https://kgs.link/bluesky Facebook:      https://kgs.link/facebook Newsletter:    https://kgs.link/newsletter   OUR VOICE ▀▀▀▀▀▀▀▀▀▀▀▀▀▀▀▀▀▀▀▀▀▀▀▀▀▀ The kurzgesagt voice is from  Steve Taylor:  https://kgs.link/youtube-voice   OUR MUSIC ♬♪ ▀▀▀▀▀▀▀▀▀▀▀▀▀▀▀▀▀▀▀▀▀▀▀▀▀▀ 700+ minutes of kurzgesagt soundtracks by Epic Mountain:  Spotify:            https://kgs.link/music-spotify Soundcloud:   https://kgs.link/music-soundcloud Bandcamp:     https://kgs.link/music-bandcamp Youtube:          https://kgs.link/music-youtube Facebook:       https://kgs.link/music-facebook  The soundtrack of this video: SoundCloud: https://bit.ly/4pMcMCn Bandcamp: https://bit.ly/46Ik9SJ  If you want to help us caption this video, please send subtitles to subtitle@kurzgesagt.org You can find info on what subtitle files work on YouTube here: https://support.google.com/youtube/answer/2734698?hl=en-GB&ref_topic=7296214 Thank you!   🐦🐧🐤 PATREON BIRD ARMY 🐤🐧🐦 ▀▀▀▀▀▀▀▀▀▀▀▀▀▀▀▀▀▀▀▀▀▀▀▀▀▀ Many thanks to our wonderful Patreons (from http://kgs.link/patreon) who support us every month and made this video possible: Anna Moser, Christian, Cody Merhoff, Elesvan JL, Eric Bodo, Ernest Burs, Gerard Sworn, Michał Zasępa, Romar Heesen, Viz",2025-09-30 14:00:03,762,False
Kurzgesagt – In a Nutshell,UCsXVk37bltHxD1rDPwtNM8Q,Zpq1GbPqhy4,Pregnancy is Insane,"Get 20% off your first Panda Crate at https://kiwico.com/kurz  Sign up to the Birb’s Nest newsletter → https://shop.kgs.link/birb-nest  Get exclusive freebies, early access, and much more from the kurzgesagt universe.  Sources & further reading: https://sites.google.com/view/sources-pregnancy/  Pregnancy is not gentle. Babies begin as invaders, growing a brand-new organ inside another human. For months, they sap energy, hack the immune system, and fight for survival. Out of this struggle emerges the most magical thing there is: new life.  This is the brutal and beautiful story of how you and all of us came to be.   OUR CHANNELS ▀▀▀▀▀▀▀▀▀▀▀▀▀▀▀▀▀▀▀▀▀▀▀▀▀▀ German:        https://kgs.link/youtubeDE Spanish:        https://kgs.link/youtubeES French:          https://kgs.link/youtubeFR Portuguese:  https://kgs.link/youtubePT Arabic:           https://kgs.link/youtubeAR Hindi:             https://kgs.link/youtubeHI Japanese:     https://kgs.link/youtubeJA Korean:          https://kgs.link/youtubeKO   HOW CAN YOU SUPPORT US? ▀▀▀▀▀▀▀▀▀▀▀▀▀▀▀▀▀▀▀▀▀▀▀▀▀▀ This is how we make our living and it would be a pleasure if you support us!  Get Products designed with ❤️ https://shop.kgs.link Join the Patreon Bird Army 🐧  https://kgs.link/patreon     DISCUSSIONS & SOCIAL MEDIA ▀▀▀▀▀▀▀▀▀▀▀▀▀▀▀▀▀▀▀▀▀▀▀▀▀▀ Instagram:     https://kgs.link/instagram TikTok:           https://kgs.link/tiktok Reddit:            https://kgs.link/reddit Discord:          https://kgs.link/discord Twitter:           https://kgs.link/twitter Bluesky:          https://kgs.link/bluesky Facebook:      https://kgs.link/facebook Newsletter:    https://kgs.link/newsletter   OUR VOICE ▀▀▀▀▀▀▀▀▀▀▀▀▀▀▀▀▀▀▀▀▀▀▀▀▀▀ The kurzgesagt voice is from  Steve Taylor:  https://kgs.link/youtube-voice   OUR MUSIC ♬♪ ▀▀▀▀▀▀▀▀▀▀▀▀▀▀▀▀▀▀▀▀▀▀▀▀▀▀ 700+ minutes of kurzgesagt soundtracks by Epic Mountain:  Spotify:            https://kgs.link/music-spotify Soundcloud:   https://kgs.link/music-soundcloud Bandcamp:     https://kgs.link/music-bandcamp Youtube:          https://kgs.link/music-youtube Facebook:       https://kgs.link/music-facebook  The soundtrack of this video: SoundCloud: https://bit.ly/46hDmLV Bandcamp: https://bit.ly/4msPz5a  If you want to help us caption this video, please send subtitles to subtitle@kurzgesagt.org You can find info on what subtitle files work on YouTube here: https://support.google.com/youtube/answer/2734698?hl=en-GB&ref_topic=7296214 Thank you!   🐦🐧🐤 PATREON BIRD ARMY 🐤🐧🐦 ▀▀▀▀▀▀▀▀▀▀▀▀▀▀▀▀▀▀▀▀▀▀▀▀▀▀ Many thanks to our wonderful Patreons (from http://kgs.link/patreon) who support us every month and made this video possible: Anna Moser, Christian, Cody Merhoff, Elesvan JL, Eric Bodo, Ernest Burs, Gerard Sworn, Michał Zasępa, Romar Heesen, Viz",2025-09-23 14:00:25,796,False
Kurzgesagt – In a Nutshell,UCsXVk37bltHxD1rDPwtNM8Q,ByD__-ECSeI,Can We Run on Renewables?,"Can we really power the whole world with renewables? Solar and wind are cheap and clean, but they’re not always available. So how do we store energy and ditch fossil fuels for good?  Creation supported by AHA – The Science Communication Hub and the Science Year 2025 – Energy of the Future  #kurzgesagt #inanutshell #kurzgesagt_inanutshell #learnwithshorts #science #renewableenergy  Sources & further reading:  https://sites.google.com/view/kgs-tiktok-sources  Follow us for more sciencey content! 🦆  OUR CHANNELS ▀▀▀▀▀▀▀▀▀▀▀▀▀▀▀▀▀▀▀▀▀▀▀▀▀▀ German:        https://kgs.link/youtubeDE Spanish:        https://kgs.link/youtubeES French:          https://kgs.link/youtubeFR Portuguese:  https://kgs.link/youtubePT Arabic:           https://kgs.link/youtubeAR Hindi:             https://kgs.link/youtubeHI Japanese:     https://kgs.link/youtubeJA Korean:          https://kgs.link/youtubeKO   HOW CAN YOU SUPPORT US? ▀▀▀▀▀▀▀▀▀▀▀▀▀▀▀▀▀▀▀▀▀▀▀▀▀▀ This is how we make our living and it would be a pleasure if you support us!  Get Products designed with ❤ https://shop.kgs.link/shorts Become a Part of kurzgesagt by joining the Patreon Bird Army 🐧  https://kgs.link/patreon     DISCUSSIONS & SOCIAL MEDIA ▀▀▀▀▀▀▀▀▀▀▀▀▀▀▀▀▀▀▀▀▀▀▀▀▀▀ Instagram:     https://kgs.link/instagram TikTok:           https://kgs.link/tiktok Reddit:            https://kgs.link/reddit Discord:          https://kgs.link/discord Twitter:           https://kgs.link/twitter Bluesky:          https://kgs.link/bluesky Facebook:      https://kgs.link/facebook Newsletter:    https://kgs.link/newsletter   OUR VOICE ▀▀▀▀▀▀▀▀▀▀▀▀▀▀▀▀▀▀▀▀▀▀▀▀▀▀ The Kurzgesagt voice is from  Steve Taylor:  https://kgs.link/youtube-voice   OUR MUSIC ♬♪ ▀▀▀▀▀▀▀▀▀▀▀▀▀▀▀▀▀▀▀▀▀▀▀▀▀▀ 700+ minutes of Kurzgesagt Soundtracks by Epic Mountain:  Spotify:            https://kgs.link/music-spotify Soundcloud:   https://kgs.link/music-soundcloud Bandcamp:     https://kgs.link/music-bandcamp Youtube:          https://kgs.link/music-youtube Facebook:       https://kgs.link/music-facebook",2025-09-18 14:00:22,68,False
Linus Tech Tips,UCXuqSBlHAE6Xw-yeJA0Tunw,hUvzLI6juZ8,Xbox Might be Cooked,"Check out https://vessi.com/lmg to enter Vessi's October giveaway for a chance to win over $6,000 in prizes! You can also enjoy 20% off at checkout for this month only using our link!   Giveaway Details:  7 Prizes. 7 Winners. Over $6,000 in Prizes Ends Oct 31, 2025 Enter your email for a chance to win, no purchase necessary   Use code LTT25 and get $20 off Hetzner Object Storage at https://htznr.li/LTT2510  Microsoft's recent 50% Game Pass price hike has gamers furious, yet their gaming division revenue is at an all-time high. This video explores the baffling contradictions in Xbox's strategy: raising prices while claiming profitability, promising new Xbox hardware while pivoting to mobile. We delve into the decline of Xbox consoles, the impact of studio closures, and the shift towards services. Is Microsoft abandoning dedicated hardware for a Windows-centric, multi-platform future? Despite the self-inflicted wounds, Xbox is making more money than ever. We discuss the ""enshittification"" of Game Pass, the value proposition for gamers, and the hope for a future focused on great games, not just quarterly growth. What's on the (Forza) horizon, and see if Xbox can rise like a (Marcus) Phoenix from the ashes of this blunder.   Discuss on the forum: https://linustechtips.com/topic/1625168-xbox-might-be-cooked/#comment-16815837  Buy an Asus ROG Xbox Ally: https://geni.us/NvSK Buy an Asus ROG Xbox Ally X: https://geni.us/dL1nrkZ Buy an Xbox Series X: https://geni.us/WasFhu3 Buy a PlayStation 5 Slim: https://geni.us/cYl1qD Buy a PlayStation 5 Pro: https://geni.us/HeS46v Buy a Nintendo Switch 2: https://geni.us/MMAzlNc  ► GET OUR MERCH: https://lttstore.com ► GET EXCLUSIVE CONTENT ON FLOATPLANE: https://lmg.gg/lttfloatplane ► GET A VPN: http://www.piavpn.com/linus ► SPONSORS, AFFILIATES, AND PARTNERS: https://lmg.gg/partners  Purchases made through some store links may provide some compensation to Linus Media Group. Affiliate links powered in part by https://affilimate.com/  Linus Sebastian is an investor in Framework Computer, Inc  CHAPTERS --------------------------------------------------- 0:00 - Intro 1:57 Sponsor Spot 2:14 What Xbox has done RIGHT 4:01 More Xboxes? 5:25 Why this is different 7:06 Windows… WINDOWS? 10:27 So is XBOX really dying? 11:21 - Sponsor Spot 12:15 - Outro",2025-10-22 16:59:15,752,False
Linus Tech Tips,UCXuqSBlHAE6Xw-yeJA0Tunw,rffArvvVq5Q,I Fell For the Oldest Scam in the Book,"Unbox comfort at https://rovelab.com/LTT and get $300 off any sofa and bed purchase for a limited time. Sit back, relax, and enjoy M1.  A viewer messaged me after they were scammed out of their hard earned cash over some fake speakers. I said not cool. So I bought the speakers from him to show you how this scam works and how to avoid it.  Discuss on the forum: https://linustechtips.com/topic/1625132-i-fell-for-the-oldest-scam-in-the-book/  ► GET OUR MERCH: https://lttstore.com ► GET EXCLUSIVE CONTENT ON FLOATPLANE: https://lmg.gg/lttfloatplane ► GET A VPN: http://www.piavpn.com/linus ► SPONSORS, AFFILIATES, AND PARTNERS: https://lmg.gg/partners  Purchases made through some store links may provide some compensation to Linus Media Group. Affiliate links powered in part by https://affilimate.com/  Linus Sebastian is an investor in Framework Computer, Inc  CHAPTERS --------------------------------------------------- 0:00 Intro 1:58 Checking out the Box 7:10 Checking out their website 9:34 Unboxing 13:40 Hooking everything up 15:40 First Test 17:45 Friends try and Listen 19:40 How do these scams fully work? 22:40 Outro",2025-10-21 16:54:03,1375,False
Linus Tech Tips,UCXuqSBlHAE6Xw-yeJA0Tunw,nj8RO74JdSw,I NEEDED to Fix her Internet!,"Thanks to GL.iNet for sponsoring this video! Check out their Flint 3 and Comet Pro below!  Flint 3 (with 19% discount): https://link.gl-inet.com/be9300-ltt-251017 Comet Pro (GL-RM10): https://link.gl-inet.com/rm10-ltt-251006  Last time Linus was at Natalie's house for her AMD $5000 Upgrade, she forgot to upgrade her terrible WiFi. It took HOURS to download a Valorant update! This time GL.iNet stepped up to help her by giving her a free router to make sure she can be on WiFi 7 6Ghz!  Video about 50 Routers - https://www.youtube.com/watch?v=49JBYSv3Nig Video about MoCA - https://youtu.be/b0vy1VzFbf8?si=kGd0F0tCfavXIzfZ Video about Powerline Ethernet - https://www.youtube.com/watch?v=ywQeJCa3jl8  Discuss on the forum: https://linustechtips.com/topic/1625075-i-needed-to-fix-her-internet/  ► GET OUR MERCH: https://lttstore.com ► GET EXCLUSIVE CONTENT ON FLOATPLANE: https://lmg.gg/lttfloatplane ► GET A VPN: http://www.piavpn.com/linus ► SPONSORS, AFFILIATES, AND PARTNERS: https://lmg.gg/partners  Purchases made through some store links may provide some compensation to Linus Media Group. Affiliate links powered in part by https://affilimate.com/  Linus Sebastian is an investor in Framework Computer, Inc  CHAPTERS --------------------------------------------------- 0:00 Intro 2:04 HowFi 4:07 Getting rid of junk 5:29 The Upgrade 7:44 Results 8:21 PCiFi 10:52 Results are in 11:50 Full Bars Myth 12:51 Outro",2025-10-20 17:41:39,863,False
Linus Tech Tips,UCXuqSBlHAE6Xw-yeJA0Tunw,c4dwjI6AG3U,"They Auctioned This $40,000+ Environmental Test Chamber For $1000","Try Rocket Money for free: https://RocketMoney.com/ltt (US Residents Only) #rocketmoney #personalfinance  Thanks to MSI for sponsoring this video! Head over to https://lmg.gg/pK4Wi and check out their Codex R2 AI desktop!  Suddenly LTT Labs has a SECOND environmental test chamber at their disposal! I really don’t think Linus expected to win the auction when he put in his lowball bid -  but there’s a couple problems. The manufacturer went out of business years ago, the chamber hasn’t been powered on in a decade, and it’s been stored outside in a surplus yard for years! This should be quite the adventure.  Discuss on the forum: https://linustechtips.com/topic/1624976-they-auctioned-this-40000-test-chamber-for-1000/  ► GET OUR MERCH: https://lttstore.com ► GET EXCLUSIVE CONTENT ON FLOATPLANE: https://lmg.gg/lttfloatplane ► GET A VPN: http://www.piavpn.com/linus ► SPONSORS, AFFILIATES, AND PARTNERS: https://lmg.gg/partners  Purchases made through some store links may provide some compensation to Linus Media Group. Affiliate links powered in part by https://affilimate.com/  Linus Sebastian is an investor in Framework Computer, Inc  CHAPTERS --------------------------------------------------- 0:00 Intro 1:04 Did we buy a box of problems? 2:03 Why do we even want this? 2:50 Is there a plan? 4:48 It's not even in the door yet! 7:38 Let's get a closer look. 9:35 Is this thing water cooled? 13:17 A sign of life? 14:37 No really, we need a plan. 15:55 Credits",2025-10-18 16:59:46,982,False
Linus Tech Tips,UCXuqSBlHAE6Xw-yeJA0Tunw,aXQuqaXt3yw,"Pixel Phones Finally Blowing Up - WAN Show October 17, 2025","Unbox comfort at https://rovelab.com/Wanshow and get $200 off with any sofa and bed purchase for a limited time. Sit back, relax, and enjoy M1.  Do you want a spooky upgrade this spooky season? Head over to https://bit.ly/3KvEgMB to enter AMD's newest sweepstakes to win one of the five AMD Ryzen 9 9950X3D Processors!  Thanks to MSI for sponsoring this episode! Head over to https://lmg.gg/JIYiq and check out their MAG X870E TOMAHAWK WIFI Motherboard  Support a great cause with Green Man Gaming! Check out their Destiny 2 Charity Bundle using our link: https://bit.ly/4nPuKlU  Get a Circuit Board skin for your device so dbrand can keep messing with Linus at https://dbrand.com/pcb  Check out Dell’s powerful business laptops at: https://lmg.gg/dellprowan  Pick up a Secretlab Titan Evo Ergonomic Gaming Chair today at: https://lmg.gg/secretlabwan  Get a special deal on Private Internet Access VPN today at https://www.piavpn.com/LinusWan  Purchases made through some store links may provide some compensation to Linus Media Group.  Podcast Download: https://playlist.megaphone.fm?e=ROOSTER7105984350 Timestamps (courtesy of NoKi1119): 0:00 Chapters 1:27 Intro 2:12 Topic #1: Pixel 10 Pro Fold fires when JRE breaks the phone 2:47 Linus's ""work out when failing"" discipline idea 5:35 Folds are too pricy, iPhone VS Android, Discord & work 12:31 Luke mentions Nepal using Discord to vote for leaders 13:28 Linus isn't reading AI overviews, discussing foldables 17:40 Topic #2: Capcom doesn't see the value in rereleasing old games 19:11 Linus on FF Tactics' remaster, Luke on Oblivion's remake 32:07 Why are devs against rereleasing old games? FF's help menu 43:24 Luke talks about undisclosed leak damage on his unit 46:39 Linus on societal issues with problem solving 50:09 Luke's condo smoking issues, AC main head split 1:01:05 ""Luke isn't poor, he's cheap,"" financial & stock talk 1:09:15 Gold Xbox controller, magnificent 7 stocks 1:15:06 LTTStore's sales performance, stocks, r/WSB AI card game 1:24:09 LTTstore's new screensaver party designs & pet bandanas 1:27:16 LTT underswear restock 1:31:36 LTTStore office utility shirt 1:32:26 MM: How are the LTT cables coming along? 1:40:15 What advice does Luke have for dads? 1:44:28 LTT cables to release before Black Friday 1:46:25 Topic #3: HP pulls support documents for older products 1:52:47 Printers talk, lack of innovation 2:01:24 FP's Google rant exclusive 2:04:05 Sponsors 2:04:11 Rove Lab 2:06:03 AMD 2:08:32 Ultimate tech upgrades & inflation, MSRP PC, Arc B580 pricing 2:18:38 MSI ft. Linus on the usage of AI 2:20:48 Green Man Gaming 2:22:16 Movie night discussion 2:32:38 Topic #4: Philips Fixables abandoned after positive PR 2:34:24 Other companies' Printables 2:36:39 Topic #5: Clarifying LTT's Xbox ROG Ally X review backlash 2:43:21 Topic #6: Microsoft continues to force online login for W11 2:46:37 Topic #7: ChatGPT goes crazy when asked about a horse emoji 2:54:38 Asking ChatGPT to repeat a symbol vocally makes it go wild 2:56:16 Why would a simple prompt cause this? 2:58:10 LTT Official Folding Month VIII, FP beta testing 3:00:21 Topic #8: Should we ban paying for a crypto ransom? 3:05:00 Topic #9: Secure boot bypass affects 200K Linux Framework laptops 3:06:29 Topic #10: Apple's M5 chip & Vision Pro 2nd gen 3:09:55 Apple Vision Pro 2nd gen 3:11:54 Topic #11: Bose to discontinue SoundTouch products 3:14:15 LTT skin for OCCT, stress testing software 3:15:32 MM: Seen LinkedIn's users AI training opt in? ft. OneDrive 3:20:28 Have you used Claude Code yet? 3:22:46 Has Linus checked out Jellyfin on HexOS? 3:23:09 What's one tool LTT can't justify today but hopes to one day? 3:28:43 Dedicated networking or a switch for LAN PCs? 3:29:47 Will Linus daily drive a foldable soon? 3:30:14 Have you ever taped CPU pins to improve performance? 3:30:48 How do you make sure you don't go too grand on a project? 3:32:05 Have any of you frequented BBS's before? 3:32:46 Advice on staying positive after a massive setback? 3:34:55 Is doing a Windows AD worth it for a home lab? ft. Piano joke 3:41:19 Biggest athletic event you've participated in or attended? 3:44:38 ""Just get Samsung's The Wall, Linus"" ft. Luke's frugality, DD 3:56:10 Any planned Halloween outfits? 4:00:44 Anno 1800 difficulty recommendation? 4:03:58 What to do when a bad company buys a product you like? 4:05:22 How often do companies upgrade servers? 4:10:41 Outro",2025-10-18 04:46:02,15078,False
Linus Tech Tips,UCXuqSBlHAE6Xw-yeJA0Tunw,U4Sqh-uJ2NA,They let me take apart a SUPER COMPUTER,"Thanks to MSI for sponsoring this video! Head over to https://lmg.gg/0iNyl and check out the MSI MAG B850 TOMAHAWK MAX WIFI!  Check out https://vessi.com/lmg to enter Vessi's October giveaway for a chance to win over $6,000 in prizes! You can also enjoy 20% off at checkout for this month only using our link!   Giveaway Details:  - 7 Prizes. 7 Winners. Over $6,000 in Prizes - Ends Oct 31, 2025 - Enter your email for a chance to win, no purchase necessary   Dive deep into the heart of Canada's fastest academic supercomputer, this $82 CAD million powerhouse is redefining cutting-edge research in AI, genomics, and more. Join us as we go behind the scenes at Simon Fraser University's new data center, showcasing the incredible direct die liquid cooling system that achieves up to 95% heat capture. See the EPYC Genoa CPUs, 1.152TB RAM nodes, and learn how HBM3 memory delivers 3.36TB/s bandwidth. Explore the Aquatherm tubing, 600KW cooling distribution units (CDU), and massive evaporative cooling towers. We'll crack open a GPU node, reveal the intricacies of a 192-core CPU node, and uncover the networking secrets of 800Gbit NDR interconnects. Discover how 49PB of spinning rust and 2PB of NVMe storage support groundbreaking projects, including data from the Large Hadron Collider. This video uncovers the unparalleled engineering behind Canada's top supercomputing infrastructure. Get ready for an in-depth look at high-performance computing, liquid cooling, data center technology, and the future of scientific discovery!  Discuss on the forum: https://linustechtips.com/topic/1624857-they-let-me-take-apart-a-super-computer/  ► GET OUR MERCH: https://lttstore.com ► GET EXCLUSIVE CONTENT ON FLOATPLANE: https://lmg.gg/lttfloatplane ► GET A VPN: http://www.piavpn.com/linus ► SPONSORS, AFFILIATES, AND PARTNERS: https://lmg.gg/partners  Purchases made through some store links may provide some compensation to Linus Media Group. Affiliate links powered in part by https://affilimate.com/  Linus Sebastian is an investor in Framework Computer, Inc  CHAPTERS --------------------------------------------------- 0:00 Intro 1:13 Sponsor 1:38 640 Nvidia GPUs and power demands 2:25 Cracking open a liquid-cooled node 4:33 How the cooling loop works 8:27 Storage, networking, and power delivery 9:52 Touring the cooling distribution system 12:55 CPU nodes and 400-core servers 15:37 Security measures 16:12 Evap cooling towers and pumps 18:14 Who paid for all of this? 18:54 Sponsor 19:44 Credits",2025-10-16 17:00:01,1174,False
Linus Tech Tips,UCXuqSBlHAE6Xw-yeJA0Tunw,_XhDRAq4YO8,ROG Xbox Ally X - a PC Gamer’s Perspective,"Get your dbrand Killswitch at https://shortlinus.com  We're not entirely sure what makes the new Asus handheld an Xbox, but here we are. Thanks Microsoft. At least we finally get Windows Handheld mode and the X model - while expensive - is priced relatively competitively.   Buy an ROG Xbox Ally: https://geni.us/NvSK Buy an ROG Xbox Ally X: https://geni.us/dL1nrkZ  The Phawx channel: https://youtube.com/@ThePhawx?si=jIXCJ-r35JiQtRMr   Discuss on the forum: https://linustechtips.com/topic/1624767-rog-xbox-ally-x-a-pc-gamer%E2%80%99s-perspective/  ► GET OUR MERCH: https://lttstore.com ► GET EXCLUSIVE CONTENT ON FLOATPLANE: https://lmg.gg/lttfloatplane ► GET A VPN: http://www.piavpn.com/linus ► SPONSORS, AFFILIATES, AND PARTNERS: https://lmg.gg/partners  Purchases made through some store links may provide some compensation to Linus Media Group. Affiliate links powered in part by https://affilimate.com/  Linus Sebastian is an investor in Framework Computer, Inc  CHAPTERS --------------------------------------------------- 0:00 Intro 3:03 Software 6:55 Hardware 9:05 Teardown 13:00 Benchmarks 16:35 Battery Life 18:25 Conclusion 20:54 Outro",2025-10-15 13:00:32,1246,False
Linus Tech Tips,UCXuqSBlHAE6Xw-yeJA0Tunw,Ei1OQEcsE_4,"He Traveled 7000 Miles for this PC, and He Almost got DEPORTED!","Thanks to ASUS for sponsoring this video! Check out the other episodes of RIG Reboot, along with the parts from the video using our links!  ROG RIG REBOOT Campaign Page: https://us.rog.gg/RRR2025  ROG STRIX B850-I GAMING WIFI Motherboard - https://us.rog.gg/7n69q1 ASUS Prime GeForce RTX 5070 GPU - https://us.rog.gg/lkz81b ROG Loki SFX-L 850W Platinum PSU - https://us.rog.gg/4ckwe5 ROG STRIX LC III 240 ARGB AIO - https://us.rog.gg/e7xp98 ROG Falchion Ace HFX Keyboard - https://us.rog.gg/de4e1t ROG Harpe Ace Mini Mouse - https://us.rog.gg/tes73k ROG Pelta Headset - https://us.rog.gg/xw7pfc ROG Strix OLED XG27ACDNG Monitor - https://us.rog.gg/xdkbwr  Buy an AMD Ryzen 7 9800X3D 8-Core CPU: https://geni.us/8y9srz Buy a Patriot Viper VP4300 Lite M.2 PCIe Gen4 4TB SSD: https://geni.us/AYLM56B Buy a Cooler Master NR200 Mini-ITX Case: https://geni.us/UecF3lL  Today we have Tom all the way from Brazil! He teaches Linus all about turning Jank into Gold. And thanks to Asus ROG we get to build him a custom SFX Gaming PC. And he shares the story about how he traveled to Canada and almost got deported...  Discuss on the forum: https://linustechtips.com/topic/1624701-he-traveled-7000-miles-for-this-pc-and-he-almost-got-deported/  ► GET OUR MERCH: https://lttstore.com ► GET EXCLUSIVE CONTENT ON FLOATPLANE: https://lmg.gg/lttfloatplane ► GET A VPN: http://www.piavpn.com/linus ► SPONSORS, AFFILIATES, AND PARTNERS: https://lmg.gg/partners  Purchases made through some store links may provide some compensation to Linus Media Group. Affiliate links powered in part by https://affilimate.com/  Linus Sebastian is an investor in Framework Computer, Inc  CHAPTERS --------------------------------------------------- 0:00 Intro 2:10 Here we go again 2:40 PSU 3:15 Mobo  4:00 CPU 4:50 RAM 7:50 LTT Screwdriver Run 9:15 SSD 11:27 GPU 12:10 Case 18:00 Peripherals 19:30 Monitor 20:40 She Lives!  21:45 360Hz in all its glory 22:00 Cyberpunk 2077 22:40 Ready Or Not 23:25 Outro 23:30 Thanks ASUS :)",2025-10-14 17:07:06,1422,False
MrBeast,UCX6OQ3DkcsbYNE6H8uQQuVA,oBXSvS2QKxU,100 Kids Vs World's Strongest Man!,"No one could have predicted that outcome at the end lol  Feastables launched a new variety bag in Costco just in time for Halloween so you can give out mini sizes of our favorite flavors to trick-or-treaters! Find a store near you 👉 https://www.costco.com/w/-/locations FeastablesPartner  Incase you noticed the turbines moving during the Plane Pull section of the video, we just wanted to mention these engines were on idle therefore not sucking in any air. In order to control the planes braking system you have to have the engines on idle, which is standard in every strong man competition. We also had 2 pilots in the plane with full control of the aircraft along with personnel in contact and guiding them to ensure everything was safe for the kids, parents and crew we had on set that day.  New Merch - https://mrbeast.store  Check out Viewstats! - https://www.viewstats.com/  SUBSCRIBE OR I TAKE YOUR DOG ╔═╦╗╔╦╗╔═╦═╦╦╦╦╗╔═╗ ║╚╣║║║╚╣╚╣╔╣╔╣║╚╣═╣  ╠╗║╚╝║║╠╗║╚╣║║║║║═╣ ╚═╩══╩═╩═╩═╩╝╚╩═╩═╝  For any questions or inquiries regarding this video, please reach out to chucky@mrbeastbusiness.com  ---------------------------------------------------------------- follow all of these or i will kick you • Facebook - https://www.facebook.com/MrBeast/ • Twitter - https://twitter.com/MrBeast •  Instagram - https://www.instagram.com/mrbeast •  Im Hiring! - https://www.mrbeastjobs.com/ --------------------------------------------------------------------",2025-10-11 16:00:00,1641,False
MrBeast,UCX6OQ3DkcsbYNE6H8uQQuVA,UTdcX1e0cMA,"Jump Over The Lava, Win!",,2025-10-10 16:00:01,63,False
MrBeast,UCX6OQ3DkcsbYNE6H8uQQuVA,F0OkwXKcPSE,Hi Me In 10 Years,Holy crap I will probably be so different when this goes public.  I will be done with highschool I will have gone through college Probably gotten married (jk I am a loser)  If I still do youtube that will be crazy.,2025-10-04 16:00:07,194,False
MrBeast,UCX6OQ3DkcsbYNE6H8uQQuVA,zo7i8VTpfNM,"Would You Risk Dying For $500,000?","i cant believe he did that at the end Jack Link’s x MrBeast beef sticks have arrived! Click and go get yours now 👉 https://bit.ly/JLMBYT1 #snacklikeabeast #JackLinksPartner  New Merch - https://mrbeast.store  Check out Viewstats! - https://www.viewstats.com/  SUBSCRIBE OR I TAKE YOUR DOG ╔═╦╗╔╦╗╔═╦═╦╦╦╦╗╔═╗ ║╚╣║║║╚╣╚╣╔╣╔╣║╚╣═╣  ╠╗║╚╝║║╠╗║╚╣║║║║║═╣ ╚═╩══╩═╩═╩═╩╝╚╩═╩═╝  For any questions or inquiries regarding this video, please reach out to chucky@mrbeastbusiness.com  ---------------------------------------------------------------- follow all of these or i will kick you • Facebook - https://www.facebook.com/MrBeast/ • Twitter - https://twitter.com/MrBeast •  Instagram - https://www.instagram.com/mrbeast •  Im Hiring! - https://www.mrbeastjobs.com/ --------------------------------------------------------------------",2025-09-27 16:00:04,1526,False
