Channel_ID,Channel_Name,Date_Added,Processing_Status
UCLXo7UDZvByw2ixzpQCufnA,Vox,2025-11-03T11:20:27.077879,seed
UCOPh6jtZ-xdqzZvG3MQz_VA,Inside the Executive Branch,2025-11-03T11:20:27.079946,filtered_subs
UC63kOMam6uIR2il5tTRYRCA,University of Southampton,2025-11-03T11:20:27.079946,cached_for_llm
UCDsgIm0zLo_yzW8xkW21rnA,Spreadsheet Nation,2025-11-03T11:20:27.079946,cached_for_llm
UCcyq283he07B7_KUX07mmtA,Business Insider,2025-11-03T11:20:27.079946,filtered_max_videos
UCGBO6EahCqQSyXIws1MQdDg,Future Business Tech,2025-11-03T11:20:27.079946,cached_for_llm
UCdQkMf60u7lk5WoWcVdIgJA,AD Finance,2025-11-03T11:20:27.079946,filtered_subs
UCgtQKcwWdSaCPL8u0AAXvWw,The korian world  ,2025-11-03T11:20:27.079946,filtered_country_IN
UC6jaZrPy_AlsMdSPGM7jSyg,ABCD DANCE FACTORY,2025-11-03T11:20:27.079946,filtered_country_IN
UCRCaxGrGMLrn9A5k_bmd-Ow,sanjhifyyy,2025-11-03T11:20:27.079946,filtered_country_IN
UCKZozRVHRYsYHGEyNKuhhdA,Think School,2025-11-03T11:20:27.079946,filtered_country_IN
UCIDnolv9d0AXZXA6sKpxvGA,Drive White,2025-11-03T11:20:27.079946,filtered_subs
UCS4VWcCVVI8Bcn8Dteylxzw,Modern Millie,2025-11-03T11:20:27.079946,cached_for_llm
UCyOG9f8likyOBaPg7RmeUIw,Gorilla Tag VR,2025-11-03T11:20:27.079946,cached_for_llm
UCAMK2iZ_pvXqvdow5D6x-gw,Trang Trương,2025-11-03T11:20:27.079946,filtered_subs
UCbkjhyMW-cyk8q7afVP4xCw,★ DS2 - Della / Animation ★ ,2025-11-03T11:20:27.079946,filtered_country_MA
UCFbtcTaMFnOAP0pFO1L8hVw,Kyle Hill,2025-11-03T11:20:27.079946,cached_for_llm
UCTyGMGTqN6H4PPKwmj6TRyw,KINETIC SCHOOL,2025-11-03T11:20:27.079946,cached_for_llm
UC9ZRaMRtVgYRfBc-ojzzTnQ,Adam's Axiom,2025-11-03T11:20:27.079946,cached_for_llm
UC3DbEAQQbwwpU6XZBEEkqUw,Mindset Mastery,2025-11-03T11:20:27.079946,filtered_country_PT
UCWTGEpCPDpaq5cKbDMwH7aQ,Text Breakdown,2025-11-03T11:20:27.079946,filtered_subs
UCPqwspsmjhZnwuee3SiYzAg,meg,2025-11-03T11:20:27.079946,cached_for_llm
UCk9P9FH37GNzqIcP_4WcUEg,Inspiring Codes,2025-11-03T11:20:27.079946,filtered_country_IN
UC3nKFJEzTBMbUi7Vu0_pdNw,University of Plymouth,2025-11-03T11:20:27.079946,cached_for_llm
UCMdDvrpTcVtQxPqN162z9Pw,Waterloo Regional Health Network,2025-11-03T11:20:27.079946,filtered_subs
UCr4kgAUTFkGIwlWSodg43QA,Michael Knowles,2025-11-03T11:20:27.079946,filtered_max_videos
UC4A9zqDjNgjksLBCU97BDAw,chandni 1,2025-11-03T11:20:27.079946,filtered_subs
UCsQjXIogmPLe9ddOcAkv3zg,"JCU: James Cook University, Australia",2025-11-03T11:20:27.079946,filtered_subs
UCKHQmMru9nAJ71FMrGfhfJQ,SOC 119,2025-11-03T11:20:27.079946,cached_for_llm
UCuj0mRuuCZN0Ot7qJGA8AwQ,Inside the Supernatural,2025-11-03T11:20:27.079946,filtered_subs
UC6H07z6zAwbHRl4Lbl0GSsw,TechZone,2025-11-03T11:20:27.079946,cached_for_llm
UC-5OPoRRGw64RKyXMiMXNBQ,Metaphysical Political Talk,2025-11-03T11:20:27.079946,filtered_subs
UCb-capTCx4yI3fjZrtDKKEw,Olurinatti ,2025-11-03T11:20:27.079946,cached_for_llm
UChYbMYIMhr_5iYPhJ0C19dA,Tony Montez,2025-11-03T11:20:27.079946,filtered_subs
UC39nGOtc-gGE-Fy12v52toA,Male mentality,2025-11-03T11:20:27.079946,skipped_few_videos
UC9K9Wnz6t4cLnCdTzAVrXqQ,Vinh Giang,2025-11-03T11:20:27.079946,cached_for_llm
UC3rLoj87ctEHCcS7BuvIzkQ,MsMojo,2025-11-03T11:20:27.079946,filtered_max_videos
UCw-kH-Od73XDAt7qtH9uBYA,World Economic Forum,2025-11-03T11:20:27.079946,filtered_max_videos
UCYPvAwZP8pZhSMW8qs7cVCw,India Today,2025-11-03T11:20:27.079946,filtered_max_videos
UCfCpiEfEjDcr3Wv45B41MBA,Law Enforcement Insider,2025-11-03T11:20:27.079946,filtered_subs
UCl-Zrl0QhF66lu1aGXaTbfw,Neil Patel,2025-11-03T11:20:27.079946,cached_for_llm
UCAsvFcpUQegneSh0QAUd64A,Neo News,2025-11-03T11:20:27.079946,filtered_max_videos
UCszyYt-uEqZ7GfUUzivyezA,Dustin Avent-Holt,2025-11-03T11:20:27.079946,filtered_subs
UCfdNM3NAhaBOXCafH7krzrA,The Infographics Show,2025-11-03T11:20:27.079946,filtered_max_videos
UCGT_BYcMHygJYqYWZjGx68A,GROWTH™,2025-11-03T11:20:27.079946,skipped_few_videos
UCLKZ20yD2tNMBOkSDZo4FeQ,Shane Hummus,2025-11-03T11:20:27.079946,cached_for_llm
UC7APSczqv8QQb1VWUJoAwrw,Sci Explained,2025-11-03T11:20:27.079946,filtered_country_SE
UCWCiTvnpnEv0EFJV9NvGlSQ,Prepare Studies,2025-11-03T11:20:27.079946,filtered_country_IN
UCX-mxCpGJ7IHegraBXT_CXg,WiseVinez,2025-11-03T11:20:27.079946,filtered_subs
UCLE4Ho7LXHzz1rgbHD32BUg,The Cost Curve,2025-11-03T11:20:27.079946,filtered_subs
UClLlwd28LkaNiSFkzhiq6Zw,Making Politics Simple,2025-11-03T11:20:27.079946,filtered_subs
UCIHdDJ0tjn_3j-FS7s_X1kQ,Valuetainment,2025-11-03T11:20:27.079946,filtered_max_videos
UCFQWmx7wcHfxEG_-oAz-B2A,Chad McGuire,2025-11-03T11:20:27.079946,filtered_subs
UCIF3bOv6DAYurCbNILjqJ3Q,Film Acting,2025-11-03T11:20:27.079946,filtered_subs
UCWqek7bMcphDSUTgtpntXTA,The Insider Drop News,2025-11-03T11:20:27.079946,filtered_subs
UCIYhr3JsLYfKkCM7-W5B6DA,IMF,2025-11-03T11:20:27.079946,cached_for_llm
UCv0aU2eKry3kdSTnFa8QAWA,Science Magazine,2025-11-03T11:20:27.079946,cached_for_llm
UCvJyEIx_it2jFYP5M1OzGng,One Message Foundation,2025-11-03T11:20:27.079946,cached_for_llm
UCXBfkWuHGvm5cUTqvEN43_Q,FunFactTravel,2025-11-03T11:20:27.079946,filtered_subs
UCuUN7w6H1EWfjJcGhR-Q7kw,Common Knowledge,2025-11-03T11:20:27.079946,cached_for_llm
UCcwCRD-1JEk2epKglyCqDvw,CatholicVote Education,2025-11-03T11:20:27.079946,cached_for_llm
UC-RKpEc4eE9PwJaupN91xYQ,Sprouts,2025-11-03T11:20:27.079946,cached_for_llm
UCBG0kYugC-8bsMPB8H3zhaQ,learn political science,2025-11-03T11:20:27.079946,filtered_subs
UCyuO6oC8aFq4peopSfG1YZA,Rapid Revision ,2025-11-03T11:20:27.079946,filtered_subs
UCmGSJVG3mCRXVOP4yZrU1Dw,Johnny Harris,2025-11-03T11:20:27.079946,cached_for_llm
UCbhGt_Bia86mEOQxPFbO8RA,Vyshali U,2025-11-03T11:20:27.079946,filtered_subs
UCxSZB5CnflUzBlri6bJz5fw,THE HISTORY,2025-11-03T11:20:27.079946,filtered_subs
UC8fQzKHIhSoZeSq3bwQx4mw,Mayo Clinic,2025-11-03T11:20:27.079946,filtered_max_videos
UCqlmB3Q6N6A6CVQVQeRF2lg,Whogato Trend,2025-11-03T11:20:27.079946,filtered_subs
UCALCOHIbvNcDQqyOgpJZHdw,Institute of Development Studies,2025-11-03T11:20:27.079946,cached_for_llm
UCMOWlll34TkBDKOFQCOdILQ,GetSmarter,2025-11-03T11:20:27.079946,filtered_country_ZA
UCkB8eF4ATHl4Jm1BeCZgQ9A,Uneducated Economist,2025-11-03T11:20:27.079946,cached_for_llm
UCaehsa75y02rDJW1oPom-Xw,Jimmy on Relationships,2025-11-03T11:20:27.079946,cached_for_llm
UCCGkB0dR0Lf-i1gor1oYtXQ,Literary Icons,2025-11-03T11:20:27.079946,filtered_subs
UCOEMEjL1GBJ41uCWur5VXWQ,GaryVee Video Experience,2025-11-03T11:20:27.079946,filtered_max_videos
UCrsgFWXS98nBd7_1KvGzmIg,LailaMusicVEVO,2025-11-03T11:20:27.079946,filtered_subs
UCdi0GAxjx5nPG4X2lPdlyAw,Screen Hollywood,2025-11-03T11:20:27.079946,filtered_subs
UCym_AG0fWkK6oazYp6ye_8w,zaydante,2025-11-03T11:20:27.079946,cached_for_llm
UCO2xVnx8qNQaxEIvlnVeP9w,NIBIB,2025-11-03T11:20:27.079946,cached_for_llm
UCYs72_IPIm9px-hnRwDKAsg,motivationcentraledu,2025-11-03T11:20:27.079946,filtered_subs
UClZmCCcrhNaXhWYvZNIolWg,BUILD Series,2025-11-03T11:20:27.079946,filtered_max_videos
UCcUUj_5UkacrooZ0qBsNWpA,Explora Wow,2025-11-03T11:20:27.079946,filtered_subs
UCPXt4ihRwQL9kUm4psLk9zA,Tufts University,2025-11-03T11:20:27.079946,filtered_subs
UC2rI3El2Ups12GNaOQHjE0w,cirencestercollege,2025-11-03T11:20:27.079946,filtered_subs
UCUcNTfvHvOivRCJMyPzXbsQ,Twig Science Reporter,2025-11-03T11:20:27.079946,cached_for_llm
UCGBRdy-JmRr2yDHfIDepryg,Institute for Management Development IMD,2025-11-03T11:20:27.079946,filtered_country_CH
UC8PFKag0_zqyiFM21ZQ26qA,University of Cumbria,2025-11-03T11:20:27.079946,filtered_subs
UCkf5qWO4oNXfrrAWOsNHbmw,Vivek NISER | SciAstra,2025-11-03T11:20:27.079946,filtered_country_IN
UCZmyTxIRn5165P-NUDtybgA,Stephanie Flores,2025-11-03T11:20:27.079946,filtered_subs
UC0cd_-e49hZpWLH3UIwoWRA,Professor Dave Explains,2025-11-03T11:20:27.079946,cached_for_llm
UCLNCLOa1ChRr0fJlxMFNaUg,deejus,2025-11-03T11:20:27.079946,cached_for_llm
UCsv1tNG-d0CsEoRL7E2VknQ,Study Tips & Information,2025-11-03T11:20:27.079946,filtered_subs
UC8Av1tO-ha143nNYzxmf1Fg,Pierre Dalati,2025-11-03T11:20:27.079946,cached_for_llm
UCEb1b2lWpBA0Ux4wi8A4yJA,Next School,2025-11-03T11:20:27.079946,filtered_country_IN
UCJsUvAqDzczYv2UpFmu4PcA,Nas Daily,2025-11-03T11:20:27.079946,skipped_few_videos
UCWWCHrEqzME9N6JTuL6YUaw,Dexerto,2025-11-03T11:20:27.079946,filtered_max_videos
UCYwOOHF1BZ_hqPVnLnrT_fw,Chill Dude Explains,2025-11-03T11:20:27.079946,cached_for_llm
UC1_liDR4fRFJgH4HoJeV8cw,Future - Topic,2025-11-03T11:20:27.079946,cached_for_llm
UCly8bJs8X_jNn3XCxQ_MF5A,County Office,2025-11-03T11:20:27.079946,filtered_max_videos
UCWyJLcTABX_bxMX6528nRfw,QuickInspireVids,2025-11-03T11:20:27.079946,filtered_subs
UCsvqVGtbbyHaMoevxPAq9Fg,Simplilearn,2025-11-03T11:20:27.079946,filtered_max_videos
UCig0KhrB5NClMvX9QrbXcrw,Global Health with Greg Martin,2025-11-03T11:20:27.079946,filtered_country_IE
UCrmi-SXPbbqo_p9cnis49Ug,University of Ghana Distance Education,2025-11-03T11:20:27.079946,filtered_country_GH
UCvOXk89_pkIbhQwzIMrmpxg,Topic Analysis Centre,2025-11-03T11:20:27.079946,filtered_subs
UC4XCl3CYtcTHlfcE_43GyUg,Creative Creations,2025-11-03T11:20:27.079946,filtered_subs
UCsQbNBN5M9X-zQcxEXk3wPg,STEM Fun Labss,2025-11-03T11:20:27.079946,filtered_subs
UC34RwEKuS5hv2nPYCCn8Msg,Solanki is Speaking,2025-11-03T11:20:27.079946,filtered_country_IN
UCrh_s7ejffI7tDz6gus2nbw,Carnegie Mellon University's Scott Institute for Energy Innovation,2025-11-03T11:20:27.079946,filtered_subs
UC0rITCkvr7b7JzqdaFdDi7Q,Bundesumweltministerium,2025-11-03T11:20:27.079946,filtered_subs
UCMiJRAwDNSNzuYeN2uWa0pA,Mrwhosetheboss,2025-11-03T11:20:27.079946,cached_for_llm
UClLXKYEEM8OBBx85DOa6-cg,Devslopes,2025-11-03T11:20:27.079946,skipped_few_videos
UCjjAebYzWaBnEzRuX4csv4Q,Fırat's Words,2025-11-03T11:20:27.079946,filtered_subs
UC2OUvjoe9r1350p6ILNdbIQ,Reddit FM,2025-11-03T11:20:27.079946,filtered_country_LB
UCWBWgCD4oAqT3hUeq40SCUw,Sambucha,2025-11-03T11:20:27.079946,filtered_max_videos
UCXLesGEfmyhxqOjoAqhRwhA,FightMediocrity,2025-11-03T11:20:27.079946,cached_for_llm
UCRxX817fHwIgNy7E3ynmQWA,SUNY Cobleskill,2025-11-03T11:20:27.079946,filtered_subs
UCVTyTA7-g9nopHeHbeuvpRA,Late Night with Seth Meyers,2025-11-03T11:20:27.079946,filtered_max_videos
UCfp5MBK2IC90Bdm5IQUJvYw,Michigan Medicine,2025-11-03T11:20:27.079946,filtered_max_videos
UCh4X07oA7J8VVZarSJqc_2g,★Silly.s.k Aոimation★,2025-11-03T11:20:27.079946,filtered_country_ID
UCCdRHTOSx50HFbA4NQLe1yg,krystallee,2025-11-03T11:20:27.079946,skipped_few_videos
UCDq0-GSKBoFHgbP57x27bBA,Warwick Medical School,2025-11-03T11:20:27.079946,cached_for_llm
UCQ5lApGS-jxLeCpk3eCVbdg,Annika Peterson,2025-11-03T11:20:27.079946,filtered_subs
UC6ENI_P4BRGUu7bBF40wfiw,English to Excel,2025-11-03T11:20:27.079946,cached_for_llm
UCaWd5_7JhbQBe4dknZhsHJg,WatchMojo.com,2025-11-03T11:20:27.079946,filtered_max_videos
UCJ7_L7tal5ZBh985m0idEwg,Mark Peterson,2025-11-03T11:20:27.079946,filtered_subs
UCiS_bezw9UcySAZffZTmocQ,AI and Humans: Invincible Innovation,2025-11-03T11:20:27.079946,filtered_subs
UCEWpbFLzoYGPfuWUMFPSaoA,The Organic Chemistry Tutor,2025-11-03T11:20:27.079946,filtered_max_videos
UCl2C9AyRxxSk8C3yV7LwVcA,Jennifer Wang,2025-11-03T11:20:27.079946,skipped_few_videos
UCijDos-LUTh9RQvSCMQqN6Q,EWTN,2025-11-03T11:20:27.079946,filtered_max_videos
UCtzvIHQyRDL2mtetu6ZWsvw,History Mapped Out,2025-11-03T11:20:27.079946,cached_for_llm
UCce1r_d858CCzv0Mkrhp6sA,Jeroen Moes,2025-11-03T11:20:27.079946,filtered_subs
UCUeZBocfxALSUdOgNJB5ySA,Dr Ben Miles,2025-11-03T11:20:27.079946,cached_for_llm
UCqos1tl0RntucGGtPXNxkkA,Eternalised,2025-11-03T11:20:27.079946,filtered_country_ES
UCHpw8xwDNhU9gdohEcJu4aA,The Guardian,2025-11-03T11:20:27.079946,filtered_max_videos
UCEAZeUIeJs0IjQiqTCdVSIg,Yahoo Finance,2025-11-03T11:20:27.079946,filtered_max_videos
UCVhSrMom4y_WIVF9_iht58Q,Anre John,2025-11-03T11:20:27.079946,filtered_subs
UCA2S90hLD73W3Beu1emIa1g,emma’s book talks,2025-11-03T11:20:27.079946,filtered_subs
UC86HDzuWc6p_A1nNWYfv3Jw,Angelo Marasigan,2025-11-03T11:20:27.079946,cached_for_llm
UCuCuEKq1xuRA0dFQj1qg9-Q,Knowledgia,2025-11-03T11:20:27.079946,filtered_country_RO
UCctXZhXmG-kf3tlIXgVZUlw,GaryVee,2025-11-03T11:20:27.079946,filtered_max_videos
UCLrfZ-gGeRlpi5D2wXsOnIQ,Yolanda Anderson,2025-11-03T11:20:27.079946,filtered_subs
UCee2kMQIsmZcqPnTrFlN4Ug,Jahvaun Marcel,2025-11-03T11:20:27.079946,cached_for_llm
UC_fyAp919RnkKmBrMXGwnUQ,Google Career Certificates,2025-11-03T11:20:27.079946,cached_for_llm
UCU5eV0c0SE0TMXrV8P94jAQ,Learn with Jaspal,2025-11-03T11:20:27.079946,filtered_country_IN
UCxqG_E-68WAE0TWYfIopv6Q,Digifix,2025-11-03T11:20:27.079946,cached_for_llm
UC1Yviig6Gkoj9vi1cxlTeDg,The Deep End w/Taylor Welch,2025-11-03T11:20:27.079946,cached_for_llm
UCAcEIHZoelpXQ4xFXJJNoYA,District10TV,2025-11-03T11:20:27.079946,filtered_subs
UCdslIu-mDB_lvEoMSPwp5kg,Mr.Makhan,2025-11-03T11:20:27.079946,filtered_subs
UCzNTVzprq6UG7kBK0LIDtUw,Karl Niilo,2025-11-03T11:20:27.079946,filtered_country_EE
UCPgLNge0xqQHWM5B5EFH9Cg,The Telegraph,2025-11-03T11:20:27.079946,filtered_max_videos
UChqUTb7kYRX8-EiaN3XFrSQ,Reuters,2025-11-03T11:20:27.079946,filtered_max_videos
UC7geKfz2-IH0rsgRBtHTm0g,Learn With Shopify,2025-11-03T11:20:27.079946,cached_for_llm
UCvmofFg-oZc4jvBUIfZbjzg,ClickView,2025-11-03T11:20:27.079946,cached_for_llm
UCqdJYM9UHX_Rgg2H4sjCB8g,Positive People Commission📈,2025-11-03T11:20:27.079946,filtered_subs
UCj8DGOv5P7Ngsh-telMG-pw,Jon Youshaei,2025-11-03T11:20:27.079946,cached_for_llm
UCbrPqq29C9Q_TQP7OFFRzcw,Know Your Meme,2025-11-03T11:20:27.079946,cached_for_llm
UCnxrdFPXJMeHru_b4Q_vTPQ,Simply Explained,2025-11-03T11:20:27.079946,filtered_country_BE
UC_b3p6ISMj_txO90uM0c5Qg,PatentYogi,2025-11-03T11:20:27.079946,skipped_few_videos
UCr6t89L8ZlsDDvJWf-XO5Wg,SLICE Earth,2025-11-03T11:20:27.079946,filtered_country_FR
UCCwjfeJB5S0-O1y9LOCQYdw,Leaders Talk,2025-11-03T11:20:27.079946,filtered_country_IN
UCcr93i1-6gGWnxZmDtEfl6Q,Radhika Maroo,2025-11-03T11:20:27.079946,filtered_country_IN
UCEBpSZhI1X8WaP-kY_2LLcg,365 Data Science,2025-11-03T11:20:27.079946,filtered_country_BG
UC6q5KRnrHMEBHmOFvAQtL4w,The One Piece Boy,2025-11-03T11:20:27.079946,filtered_subs
UC7qxuJnsADaskQrIBvtBdrA,MetaverseMentors,2025-11-03T11:20:27.079946,skipped_few_videos
UCaARh-EbulNePDMrga5idzA,Danielle MacCartney,2025-11-03T11:20:27.079946,filtered_subs
UCq3hT5JPPKy87JGbDls_5BQ,Heavy Spoilers,2025-11-03T11:20:27.079946,filtered_max_videos
UCHqkXbgqrDrDVInBMSoGQgQ,The Daily Signal,2025-11-03T11:20:27.079946,filtered_max_videos
UC2-Q6VJ4ozwkxUKdVGz-ClQ,ReviewEcon,2025-11-03T11:20:27.079946,cached_for_llm
UCP1ZgG7ERCVBjLDy0aruXsg,Neticle,2025-11-03T11:20:27.079946,filtered_subs
UCFwU6m4bvOPVsdJXtrsaQzg,Shirish Gupta (shirishgee),2025-11-03T11:20:27.079946,filtered_country_IN
UCTY7oS9e2b8sKxRrTfn8OKw,Hazelwood Health Study,2025-11-03T11:20:27.079946,filtered_subs
UCT4wzuzJ8UOwowJlcxe-6_A,Christian Giurgioiu,2025-11-03T11:20:27.079946,filtered_subs
UCqGH6GRWhBEtc14Vuc0vYCw,Bloomberg ,2025-11-03T11:20:27.079946,cached_for_llm
UCUrTsIYi7eCk1SZIs_FqiEg,Hustle Reality,2025-11-03T11:20:27.079946,cached_for_llm
UC415bOPUcGSamy543abLmRA,Cleo Abram,2025-11-03T11:20:27.079946,cached_for_llm
UCzf6AA1e0dW2xGa45XJZU3A,Tech Mythos,2025-11-03T11:20:27.079946,filtered_subs
UCoMdktPbSTixAyNGwb-UYkQ,Sky News,2025-11-03T11:20:27.079946,filtered_max_videos
UC1r1Q6TUG5S77_cLKumUNIQ,Dr. Grace Ellis,2025-11-03T11:20:27.079946,filtered_subs
UCPHtbFhP_OXzhj5a6BRmbtg,Damián Gulich,2025-11-03T11:20:27.079946,filtered_subs
UC0QkAdm98jOI_ZPsOc92_yg,State of Kait,2025-11-03T11:20:27.079946,cached_for_llm
UCFKrbHKFDXN2xeDYKPQ5UiQ,MocomiKids,2025-11-03T11:20:27.079946,filtered_country_IN
UC6mHXZTo755XvOySt_sc0DA,JohnLincolnUSA,2025-11-03T11:20:27.079946,filtered_max_videos
UCXRSNxnGdfXAKmlucGIdQ2Q,SleepWise,2025-11-03T11:20:27.079946,cached_for_llm
UCB1VUJxQGhMU9jnPxpEycgA,Your Favorite English Teacher | Amy Joy,2025-11-03T11:20:27.079946,cached_for_llm
UCIFtADcWrOApqrsinzPoOfA,Destiny,2025-11-03T11:20:27.079946,cached_for_llm
UCAgNyzHvQllkZw4J3WJQd_A,Ron Wright,2025-11-03T11:20:27.079946,filtered_max_videos
UChGk956Cafb2xOx8xpuvMmw,The Info Thought,2025-11-03T11:20:27.079946,filtered_subs
UCXtLNwTWvHI7Co1n0qAp75g,Most Extreme Innovation,2025-11-03T11:20:27.079946,cached_for_llm
UC5egWoYd-z7lsp7waTHsEeQ,Dr Bilal Mehmood,2025-11-03T11:20:27.079946,filtered_subs
UCzOPvEqY402aiK9pqLVw55A,UArizona CALES,2025-11-03T11:20:27.079946,filtered_subs
UCHvGJ-eAV8krPgqofo65WYQ,Illustrate to Educate,2025-11-03T11:20:27.079946,cached_for_llm
UCb61DJtwboK1J-XlWEXzATQ,TWO PLAYERS - Topic,2025-11-03T11:20:27.079946,filtered_subs
UCRbdaEAHc3K-jd7zjrld59A,Just A Dude Podcast,2025-11-03T11:20:27.079946,filtered_subs
UCJaqjtkp8A98LKMCTuJaNzw,Aj Facts2,2025-11-03T11:20:27.079946,filtered_country_IN
UCWUA2W6LueNy9BSovivFVvQ,CBC Kids News,2025-11-03T11:20:27.079946,cached_for_llm
UCtxCXg-UvSnTKPOzLH4wJaQ,Tekta AI,2025-11-03T11:20:27.079946,cached_for_llm
UC6zXygvGgNa1Xv6c3PK3Omg,Bargain Investor,2025-11-03T11:20:27.079946,filtered_subs
UCvSAKIqirU7VHzguXAhwOpg,Bharat Yuvasena,2025-11-03T11:20:27.079946,filtered_country_IN
UCtrwX29xpuWc9y0-0PKrHSQ,Gary King,2025-11-03T11:20:27.079946,filtered_subs
UClPVvbHAFrQAezYF3uzSGsw,Education in Second,2025-11-03T11:20:27.079946,filtered_country_IN
UC_MjbTm-m5d3QtPv9eFNW8w,RoyaltyIsHere,2025-11-03T11:20:27.079946,cached_for_llm
UCViX4WGu425Yw3EEvPOZVVQ,IamLucid2,2025-11-03T11:20:27.079946,skipped_few_videos
UC3Wn3dABlgESm8Bzn8Vamgg,Sideprojects,2025-11-03T11:20:27.079946,filtered_country_CZ
UC7DdEm33SyaTDtWYGO2CwdA,Physics Girl,2025-11-03T11:20:27.079946,cached_for_llm
UC8B3mspc8jaPS2dMgC4WLyA,Loop It,2025-11-03T11:20:27.079946,filtered_subs
UCA0UOwXOzEtiO73ZUlf80vg,Rare Historical Stories,2025-11-03T11:20:27.079946,skipped_few_videos
UCH4BNI0-FOK2dMXoFtViWHw,Be Smart,2025-11-03T11:20:27.079946,cached_for_llm
UC0JSwuJowYKwTeisyHEDaPQ,Argonne National Laboratory,2025-11-03T11:20:27.079946,cached_for_llm
UCGxjDWAN1KwrkXYVi8CXtjQ,Think Media,2025-11-03T11:20:27.079946,filtered_max_videos
UCzLqOSZPtUKrmSEnlH4LAvw,Drishti IAS,2025-11-03T11:20:27.079946,filtered_max_videos
UCO3pT4ZI8x2RVqYWxxcrZsw,upGrad,2025-11-03T11:20:27.079946,filtered_country_IN
UCNYaxPiba3oxmeL_3jKxnYA,Insane Curiosity,2025-11-03T11:20:27.079946,cached_for_llm
UCmFeOdJI3IXgTBDzqBLD8qg,Moon,2025-11-03T11:20:27.079946,cached_for_llm
UC7dLcrSRqKBbE2X_5wdXxvQ,over alanalyzing,2025-11-03T11:20:27.079946,filtered_subs
UCkSMDOtrKr43OGSSmKnx6tQ,The Book Leo,2025-11-03T11:20:27.079946,cached_for_llm
UC9xTSAIfWFCnSLVZF5JNVqA,UniAbuja CDL&CE eLecture Contents Repository,2025-11-03T11:20:27.079946,cached_for_llm
UCFq5vPnNRNNNysLrktz4aSw,Strong Medicine,2025-11-03T11:20:27.079946,cached_for_llm
UC5cFA3uEyS7-PuCmBc5vaFw,The Space Wind,2025-11-03T11:20:27.079946,cached_for_llm
UCcN3IuIAR6Fn74FWMQf6lFA,Science ABC,2025-11-03T11:20:27.079946,filtered_country_IN
UC37-WoyxL1q-Yp6u44_jhhA,Uncover,2025-11-03T11:20:27.079946,skipped_few_videos
UCGmDjxc4ewTuZA-QyINm0sg,DropZone FF ,2025-11-03T11:20:27.079946,filtered_subs
UCNQQ0jf7KGP1MV08GUuX1JQ,The Pursuit of Truth,2025-11-03T11:20:27.079946,filtered_subs
UC1JAwKeDUjN2orv5t7LWODQ,KARE 11,2025-11-03T11:20:27.079946,filtered_max_videos
UCpN8-4S0c64IVKYPdeMxBuQ,Untold History,2025-11-03T11:20:27.079946,cached_for_llm
UCVOy6wNnmVJicMO42Amjngw,Opentiera,2025-11-03T11:20:27.079946,cached_for_llm
UCiOEUz7UCTSo6NUcQ86nFvA,FOX19 NOW | Cincinnati,2025-11-03T11:20:27.079946,filtered_max_videos
UCwClkA2_fv3Zo36qKN5fcew,The Body Language Guy,2025-11-03T11:20:27.079946,cached_for_llm
UChKsdyM3AK85AQX6nwAnqIg,Curiosity Capsule,2025-11-03T11:20:27.079946,filtered_subs
UCyhCmktFoSp3XgYlkcLAo5A,AI Robots in the Future,2025-11-03T11:20:27.079946,skipped_few_videos
UC3I-x2TfcFJ0gZgdjlQPx3w,TheMoreYouKnow,2025-11-03T11:20:27.079946,filtered_subs
UCkjSg8mZQcTU6qtnJIMcx8w,Casual Guy,2025-11-03T11:20:27.079946,filtered_subs
UCeLpImHFUmDUBhP1O53mEvg,EduQuest,2025-11-03T11:20:27.079946,filtered_subs
UCmYesELO6axBrCuSpf7S9DQ,Mr. Beat,2025-11-03T11:20:27.079946,cached_for_llm
UCIJnmp1MwUDtm_WMBSarEcw,Superheroes of Science,2025-11-03T11:20:27.079946,cached_for_llm
UCdZISa8UNFbwhazbYy_uWvQ,Bocconi University,2025-11-03T11:20:27.079946,filtered_max_videos
UCodbH5mUeF-m_BsNueRDjcw,Overly Sarcastic Productions,2025-11-03T11:20:27.079946,cached_for_llm
UCZFMm1mMw0F81Z37aaEzTUA,NDTV,2025-11-03T11:20:27.079946,filtered_max_videos
UCpg8-Y8AgEXqGVW0Ozmrp5Q,The Elsa Kurt Show,2025-11-03T11:20:27.079946,cached_for_llm
UCAI-E3bDNzyPLa6VkI7XFdg,Motivational Mantras,2025-11-03T11:20:27.079946,skipped_few_videos
UCy0tKL1T7wFoYcxCe0xjN6Q,Technology Connections,2025-11-03T11:20:27.079946,cached_for_llm
UCA7OQkX9AEIVQ6j9i0OSQhA,CEC,2025-11-03T11:20:27.079946,filtered_max_videos
UCGOm78ddO_zzY_avWn-4WVg,Ridiculon - Topic,2025-11-03T11:20:27.079946,filtered_subs
UCCj956IF62FbT7Gouszaj9w,BBC,2025-11-03T11:20:27.079946,filtered_max_videos
UC-qqLQb47WNUXk_TIdwWDUA,FILM DISCUSSION,2025-11-03T11:20:27.079946,skipped_few_videos
UC_R5smHVXRYGhZYDJsnXTwg,R Consortium,2025-11-03T11:20:27.079946,cached_for_llm
UCv9NS6CdNYisaKmHy_Ax1WA,Barcelona School of Economics,2025-11-03T11:20:27.079946,filtered_subs
UC7BhHN8NyMMru2RUygnDXSg,Sciencephile the AI,2025-11-03T11:20:27.079946,cached_for_llm
UCqmHLMwq_Pmm2hswhz3uksQ,WQED Pittsburgh,2025-11-03T11:20:27.079946,cached_for_llm
UCxzvNYT-17mjYJMuDzGx7AA,ANU TV,2025-11-03T11:20:27.079946,cached_for_llm
UC6ZFN9Tx6xh-skXCuRHCDpQ,PBS NewsHour,2025-11-03T11:20:27.079946,filtered_max_videos
UC_pjSU6cYSWipJkyKRRmoUw,SpaceBalls,2025-11-03T11:20:27.079946,cached_for_llm
UC5MOW8BO3dH38Fo3Rau17KQ,The Royal Society,2025-11-03T11:20:27.079946,cached_for_llm
UChijzGy18QVAsDukb3Qu6EA,PragerU Kids,2025-11-03T11:20:27.079946,cached_for_llm
UCuO1xKv8PwUCdQ1b3eY1TrA,vt.physics,2025-11-03T11:20:27.079946,skipped_few_videos
UCt0mjrgY1Y3u9tTPeVVdNwA,Scienceverse,2025-11-03T11:20:27.079946,skipped_few_videos
UCnfJ-NeOvfuA9fuIZUmA2UA,Journal - History Documentaries,2025-11-03T11:20:27.079946,cached_for_llm
UCQWoY8CkEGeE4t62djCZk-A,1Dime,2025-11-03T11:20:27.079946,cached_for_llm
UCVLnGPG1lx6ank1a5CWeh8w,Most Amazing Elite,2025-11-03T11:20:27.079946,filtered_max_videos
UCja84-LmIt77-w0tH5hjmTQ,Fun World For Kids,2025-11-03T11:20:27.079946,cached_for_llm
UC7fMhX5Vl2qQzgeZK06oqNw,Fastest IT Lab,2025-11-03T11:20:27.079946,filtered_subs
UCgyeJxD05YnoDquRMNBfBqw,PBS,2025-11-03T11:20:27.079946,filtered_max_videos
UCII84rxnNkEjtk1zC3qTtbg,The Rest Is Politics US,2025-11-03T11:20:27.079946,cached_for_llm
UCbAjHKGRd96DP-jujs0bUxw,Innovate & Update,2025-11-03T11:20:27.079946,filtered_subs
UCbyE5OvaP4GJhKvPCXxjWvw,Fire of Learning,2025-11-03T11:20:27.079946,cached_for_llm
UCRWy97kWgf1HgQ4O1B3xDyQ,Babbel USA,2025-11-03T11:20:27.079946,cached_for_llm
UCtatfZMf-8EkIwASXM4ts0A,AssemblyAI,2025-11-03T11:20:27.079946,cached_for_llm
UC2ZB_N0Vpg6iB5HxdxWg8gQ,DTC Podcast,2025-11-03T11:20:27.079946,filtered_subs
UCPxMZIFE856tbTfdkdjzTSQ,BeerBiceps,2025-11-03T11:20:27.079946,filtered_max_videos
UCYgL81lc7DOLNhnel1_J6Vg,Math and Science,2025-11-03T11:20:27.079946,filtered_max_videos
UCd7zlpSjvUuUwsQdqV3LF3w,Curiosity Stream,2025-11-03T11:20:27.079946,filtered_max_videos
UCw5laSluKZol8QuE1fOToTQ,Kritika Channel,2025-11-03T11:20:27.079946,filtered_max_videos
UCrTEvFd4rZMl7-pMyRRQnUg,Think Econ,2025-11-03T11:20:27.079946,cached_for_llm
UC0VOyT2OCBKdQhF3BAbZ-1g,ArianaGrandeVevo,2025-11-03T11:20:27.079946,cached_for_llm
UCs0QuZbFYbiaLnDR4-Os8Mw,SingHealth Duke-NUS Global Health Institute,2025-11-03T11:20:27.079946,filtered_subs
UCoTwgL6PnxxQqWUIHZZlHMg,DupreeGod,2025-11-03T11:20:27.079946,cached_for_llm
UC6yAQDtDsoM0A9fJbhs_F3w,FaceTatt Philosophy ,2025-11-03T11:20:27.079946,cached_for_llm
UCGNwoiuI8dtGe9r7vRzYbAQ,Movified Global,2025-11-03T11:20:27.079946,filtered_subs
UCX-_mAl0qpKVPc0mRq25IBA,Chemistry ke ustad,2025-11-03T11:20:27.079946,filtered_subs
UCkbzwqUISm9IidFmXnII85Q,Dan Geltrude - America's Accountant,2025-11-03T11:20:27.079946,filtered_subs
UCH1oRy1dINbMVp3UFWrKP0w,Good Morning America,2025-11-03T11:20:27.079946,filtered_max_videos
UCHscuyFnX4Plx39GfUhDbdQ,Daniel X Star,2025-11-03T11:20:27.079946,skipped_few_videos
UC-q5vNvj81OmWK0pzaLB-kg,Sprouht,2025-11-03T11:20:27.079946,cached_for_llm
UCUFq_n3GPou9AXe9tyNpZYA,Seli Zone,2025-11-03T11:20:27.079946,skipped_few_videos
UCFNU5rCNA33-wfLG0EQyvUg,The Ultimate List,2025-11-03T11:20:27.079946,filtered_subs
UC-QTh5HFiw28MwFrmFrRjzA,Beginning To Now,2025-11-03T11:20:27.079946,cached_for_llm
UCBdAR7RGd5JuivKZtToGlZg,Carlos Reig,2025-11-03T11:20:27.079946,cached_for_llm
UC4-AGCUwX7C-D4BsBook9fQ,Young America's Foundation,2025-11-03T11:20:27.079946,filtered_max_videos
UCS7XTUuk1XF5Tm5InADY6cA,MSL Talk,2025-11-03T11:20:27.079946,cached_for_llm
UC6uxdD16zccSgrrlb8641Lw,SOLDERBOND,2025-11-03T11:20:27.079946,filtered_subs
UCrJTxjHZT18sMo9LXl4WqrQ,StudyCorgi TV,2025-11-03T11:20:27.079946,filtered_subs
UCkhUJFAKqCJs-HfYosfeo2g,ConJay,2025-11-03T11:20:27.079946,skipped_few_videos
UCKWaEZ-_VweaEx1j62do_vQ,IBM Technology,2025-11-03T11:20:27.079946,cached_for_llm
UCqHPfrt6FurLYf10CdhzjLQ,Everything Japan,2025-11-03T11:20:27.079946,filtered_subs
UCZ9dXmuPmcstcgjt25VmOrg,American Express,2025-11-03T11:20:27.079946,cached_for_llm
UCUDQdVsKssximyFwg4IxnOQ,NTV News,2025-11-03T11:20:27.079946,filtered_max_videos
UCoXxgPhAw6b-alka6BJCt1g,Modern Life Dating,2025-11-03T11:20:27.079946,filtered_max_videos
UCEk-p_pQvT-pKKRcIbUouhQ,You Will Love Economics,2025-11-03T11:20:27.079946,cached_for_llm
UC8Pbxj-0cS_0zkVMgjCeYzA,Mr Ting,2025-11-03T11:20:27.079946,filtered_subs
UCJUuMiIWMDN_7cRBXg_Lbew,Mysterious Worlds,2025-11-03T11:20:27.079946,filtered_subs
UCdqG_gjmcrPglhsxElQX4ZA,"California State University, Chico",2025-11-03T11:20:27.079946,filtered_subs
UC3JlLgGnOiEXSmeD9bE6GRw,History Decoded,2025-11-03T11:20:27.079946,filtered_country_IN
UCbk_QsfaFZG6PdQeCvaYXJQ,Jay Shetty Podcast,2025-11-03T11:20:27.079946,cached_for_llm
UC_3wjSjftwZEgh4WqPgj5og,Nemcare Hospitals,2025-11-03T11:20:27.079946,filtered_subs
UCE9ZKI1b_PhVm3gejYuilhw,IMPAULSIVE Clips,2025-11-03T11:20:27.079946,filtered_max_videos
UCeNMeH4XVilUjaRU7kv0q5w,New learning Everyday,2025-11-03T11:20:27.079946,filtered_subs
UCeUvAEv5OxZQ6KSNaHrzoRQ,MindScope,2025-11-03T11:20:27.079946,cached_for_llm
UCldfgbzNILYZA4dmDt4Cd6A,Secular Talk,2025-11-03T11:20:27.079946,filtered_max_videos
UCRXeehIYurvv-kjdJ4Y8IUw,JFlo Education,2025-11-03T11:20:27.079946,filtered_subs
UCbmOgzvvDg60mXGm9t9Ad5Q,Omar Agamy,2025-11-03T11:20:27.079946,filtered_max_videos
UCRrgs0rSMF7jutTITInaFEA,Skeither Educational Channel,2025-11-03T11:20:27.079946,filtered_subs
UCIoaMFT_H0NCUnA4f71Exow,Jordan Dischinger-Smedes,2025-11-03T11:20:27.079946,cached_for_llm
UC8VhAX-voAUegprM4SpHQJQ,Wacky Science,2025-11-03T11:20:27.079946,filtered_country_CH
UC45yP4z7N5TirDJXqrS4s8Q,Simply Tutors,2025-11-03T11:20:27.079946,filtered_subs
UCDT8zjDg6zAczE-ISlgUpsQ,JuliaMichaelsVEVO,2025-11-03T11:20:27.079946,cached_for_llm
UCExx109KH5msQR0n52ZzyAw,Rock 'N Learn,2025-11-03T11:20:27.079946,cached_for_llm
UCwSwgzlB10ELt4SXbHz7zSA,APurposefulPath,2025-11-03T11:20:27.079946,filtered_subs
UCDGjYDY_3KDklKm5Xqm6j6Q,International Policy Zone,2025-11-03T11:20:27.079946,filtered_subs
UCru3nlhzHrbgK21x0MdB_eg,Natalie Brunell,2025-11-03T11:20:27.079946,cached_for_llm
UC4a-Gbdw7vOaccHmFo40b9g,Khan Academy,2025-11-03T11:20:27.079946,filtered_max_videos
UCnwUjPK7dXety-AJ4fNw_RQ,The Paint Explainer,2025-11-03T11:20:27.079946,cached_for_llm
UCRP6kYnjzVw7JC37_q3LO5g,Stefan | AI Guides,2025-11-03T11:20:27.079946,filtered_subs
UC4MZ7zUHb5eAxU75Dc_nqdQ,Tiff In Tech,2025-11-03T11:20:27.079946,cached_for_llm
UCTRWs9epBUdgd8YOx1jm4XA,Dr Matthew Grosse,2025-11-03T11:20:27.079946,filtered_subs
UCnG_tmFHXhwxLRZ_eLe7TCg,Evan Luft,2025-11-03T11:20:27.079946,skipped_few_videos
UCFmofUYwZd1Ibf_O3PF71jg,FOX 32 Chicago,2025-11-03T11:20:27.079946,filtered_max_videos
UCxqAWLTk1CmBvZFPzeZMd9A,Domain of Science,2025-11-03T11:20:27.079946,cached_for_llm
UCltDbhOXh6r9FyYE52rWzCQ,I HOPE,2025-11-03T11:20:27.079946,filtered_country_PH
UCoRE7RQUiGtMfJrT6bANqQA,Audioversity,2025-11-03T11:20:27.079946,filtered_max_videos
UCNjPtOCvMrKY5eLwr_-7eUg,Alux.com,2025-11-03T11:20:27.079946,filtered_max_videos
UCD-F9rxRPyH2SyAIlZVxIWA,Plainly Put,2025-11-03T11:20:27.079946,cached_for_llm
UCpDocDLzlRq2drrRYVhhBjA,Technical Institutes Media,2025-11-03T11:20:27.079946,filtered_subs
UCVoq_9iUceZd9x-fvmW5qdw,Qurious Mango,2025-11-03T11:20:27.079946,filtered_country_IN
UCCeXwLzVKZU7VW8qXis_UOQ,Katie Steckly,2025-11-03T11:20:27.079946,cached_for_llm
UCpn89UQsCtJIQ0bHGRlC6Iw,Universe_Uncovered,2025-11-03T11:20:27.079946,skipped_few_videos
UCixRv4BVgl-O1mCN2DjHuuQ,Study.com,2025-11-03T11:20:27.079946,cached_for_llm
UCLMtjmKyB2ORHx2A06crsmQ,Jade Beason,2025-11-03T11:20:27.079946,cached_for_llm
UCR6LasBpceuYUhuLToKBzvQ,Solar Sands,2025-11-03T11:20:27.079946,cached_for_llm
UCxiPSgY4RjnUQBcEYwEPy0w,Explore with Mia,2025-11-03T11:20:27.079946,skipped_few_videos
UCqzDTpma1AdQVgS7Ljhtf8g,Bossndrei,2025-11-03T11:20:27.079946,filtered_subs
UCrG8Y0EQ3YjmUNC1mevIC5A,ANCHI ,2025-11-03T11:20:27.079946,skipped_few_videos
UCkQO3QsgTpNTsOw6ujimT5Q,BE AMAZED,2025-11-03T11:20:27.079946,cached_for_llm
UCL_f53ZEJxp8TtlOkHwMV9Q,Jordan B Peterson,2025-11-03T11:20:27.079946,cached_for_llm
UCejYxz_-OD7ApJniESN1Rpg,Sociology Live!,2025-11-03T11:20:27.079946,cached_for_llm
UCH6Oc4MAJzzmK0SM805ZnjQ,Dr Matt & Dr Mike,2025-11-03T11:20:27.079946,cached_for_llm
UCIz0NWZAlvYWOBvCAadYATg,Experience Anatomy,2025-11-03T11:20:27.079946,skipped_few_videos
UCvPJW6COknLlK9qxtoxSivw,Emerald Publishing,2025-11-03T11:20:27.079946,filtered_subs
UCZ8Sxmkweh65HetaZfR8YuA,The Hollywood Reporter,2025-11-03T11:20:27.079946,filtered_max_videos
UCNzPBf0DNhmwzpEaPHcVDUQ,Learn English  ,2025-11-03T11:20:27.079946,cached_for_llm
UCARzPV4BkHMq01FX-8MEYJQ,POLITIKA,2025-11-03T11:20:27.079946,filtered_subs
UC2D2CMWXMOVWx7giW1n3LIg,Andrew Huberman,2025-11-03T11:20:27.079946,cached_for_llm
UC7u2HaYBKDaLPcWmldxgGEA,Mike Winger,2025-11-03T11:20:27.079946,cached_for_llm
UC-q-_DVLrAfmVApgnJTIa9A,Jaydone History,2025-11-03T11:20:27.079946,cached_for_llm
UCTjFxEdR5h_YSC1R0HWHPaw,Hustle With Yash,2025-11-03T11:20:27.079946,filtered_country_IN
UCuEC5u7JdNBOS5O4FA-qQFQ,Professor Rockey,2025-11-03T11:20:27.079946,filtered_subs
UCq2VjPylnROGkqQjJwX0a1Q,Rathbone,2025-11-03T11:20:27.079946,cached_for_llm
UCC5ABYyjXDlgny1dWJ0I2TA,The MSL Academy,2025-11-03T11:20:27.079946,filtered_subs
UCktaw9L-f65LzUUdjmCFkbQ,Disney Channel,2025-11-03T11:20:27.079946,filtered_max_videos
UCZfTWLrTkaoZoSx5fkrAPJA,hxsain,2025-11-03T11:20:27.079946,cached_for_llm
UCVYP2H9A0KAxSqzmtc6kQGw,Dr B,2025-11-03T11:20:27.079946,cached_for_llm
UCP4yCgA6mz1JGPSidbQj12g,3D Channel,2025-11-03T11:20:27.079946,skipped_few_videos
UCQk2vl95DBAvNR7irnf0_LA,A&D Quotes,2025-11-03T11:20:27.079946,filtered_country_IN
UC9u3UqkoikJ9Nr8t4wvyNRQ,See U in History / Mythology,2025-11-03T11:20:27.079946,filtered_max_videos
UCWnCfGNpSnOFi9h6GYwzmTg,Unacademy IAS - तैयारी जीत की,2025-11-03T11:20:27.079946,filtered_country_IN
UCh6KFtW4a4Ozr81GI1cxaBQ,University of California Television (UCTV),2025-11-03T11:20:27.079946,filtered_max_videos
UCJEdg8fhK0-boIiNkjUmUww,Bible Nerd Ministries,2025-11-03T11:20:27.079946,cached_for_llm
UCmF7qzCR8jRhTOta93P7y1Q,The Big-League Motivation,2025-11-03T11:20:27.079946,filtered_country_IN
UCBw-O-I2GQ0hjq0JZBVbA_g,Peppy Prisha,2025-11-03T11:20:27.079946,filtered_country_IN
UC7E8pvTuWNfBH5hLYc1dNJg,Syed Fida Muhammad,2025-11-03T11:20:27.079946,filtered_subs
UCvD34fvRZ3QHWSkU1aUM99w,Get.factual,2025-11-03T11:20:27.079946,filtered_country_DE
UC5bHd-MYU8XKlVD5sGFbYWQ,World At Crossroads,2025-11-03T11:20:27.079946,skipped_few_videos
UChC_apOWk6MSl03byUiVZRQ,Thomas Mulligan,2025-11-03T11:20:27.079946,skipped_few_videos
UCFdrcXgv_42HeeyiGa2Zbmg,KEW,2025-11-03T11:20:27.079946,filtered_subs
UC83ta0jcTiDzzBuXBviJpsw,Da Rundown Podcast,2025-11-03T11:20:27.079946,filtered_subs
UC_odwvm77m9TxJJ8OE585-g,Jim Brillon - California Licensed Therapist,2025-11-03T11:20:27.079946,skipped_few_videos
UCOwj-Mn1d-NBc2m1-FiX4FA,The Right Politics,2025-11-03T11:20:27.079946,filtered_subs
UCT4BqBoAqxdgyiSJrlmY04g,Marist University,2025-11-03T11:20:27.079946,filtered_subs
UCsN32BtMd0IoByjJRNF12cw,60 Minutes,2025-11-03T11:20:27.079946,filtered_max_videos
UCdp6GUwjKscp5ST4M4WgIpw,TechWiser,2025-11-03T11:20:27.079946,filtered_country_IN
UCEf3Ac-A8kathz5qOC4fxnQ,Tool Belt of Learning,2025-11-03T11:20:27.079946,filtered_subs
UCiAMOT48xJiQ-Uci8rb6VrQ,C-draw :D,2025-11-03T11:20:27.079946,skipped_few_videos
UCfrKt78tLPGs84KyX6rRaDw,SnapScience,2025-11-03T11:20:27.079946,filtered_subs
UC4jPc_njeMZlvqNIe-HGSmA,Shashank Sajwan Shorts,2025-11-03T11:20:27.079946,skipped_few_videos
UCHyMwXYaw69vtN244TiW2jQ,xDemon,2025-11-03T11:20:27.079946,cached_for_llm
UCGiUd5zxqobJIdUI28p7_kA,GP Prodigy,2025-11-03T11:20:27.079946,filtered_subs
UC8lk1PidR1QY0jlphsYJqtw,ROCK SQUAD,2025-11-03T11:20:27.079946,cached_for_llm
UCEdy7GqJK4BZWy_UJd6d7JA,Mentor Mike,2025-11-03T11:20:27.079946,cached_for_llm
UCFNosi99Sp0_eLilBiXmmXA,FutureVEVO,2025-11-03T11:20:27.079946,cached_for_llm
UCEszlI8-W79IsU8LSAiRbDg,John Michael Godier,2025-11-03T11:20:27.079946,cached_for_llm
UC0fXNmjDoC7ckPyT6qM8Urw,CBeebies,2025-11-03T11:20:27.079946,filtered_max_videos
UCgrHMffytDYdZlvVCuw8peQ,Science Fun Facts,2025-11-03T11:20:27.079946,filtered_country_DE
UCsaEBhRsI6tmmz12fkSEYdw,Hot Mess,2025-11-03T11:20:27.079946,cached_for_llm
UCZ4trZcPxr3DwcMbFb54rDQ,TRIBL,2025-11-03T11:20:27.079946,cached_for_llm
UCUhkTKYhY1Eb6adtfZ5rHTw,History.Culture.projects,2025-11-03T11:20:27.079946,cached_for_llm
UCEybk4mgoWM43ndjOkA5unA,DonnyGoogle Tv ,2025-11-03T11:20:27.079946,skipped_few_videos
UCC7e8_pALxeekNLXaMrxZkA,Kids Science Experiments in AR,2025-11-03T11:20:27.079946,filtered_subs
UC-DuRqsBQOEk_5o1q4Ze-Fg,Formula E,2025-11-03T11:20:27.079946,filtered_max_videos
UCsT0YIqwnpJCM-mx7-gSA4Q,TEDx Talks,2025-11-03T11:20:27.079946,filtered_max_videos
UCicjynhfFw2LiIQFnoS1JTw,Learn English | Let's Talk - Free English Lessons,2025-11-03T11:20:27.079946,filtered_max_videos
UC8butISFwT-Wl7EV0hUK0BQ,freeCodeCamp.org,2025-11-03T11:20:27.079946,cached_for_llm
UCmD16W7SwyOXZ5JpwOIs4KA,Philip N. Cohen,2025-11-03T11:20:27.079946,filtered_subs
UChKdxjtlyaS21ZuCdpL9ahA,Academic English Now,2025-11-03T11:20:27.079946,filtered_country_CR
UCr3cBLTYmIK9kY0F_OdFWFQ,Casually Explained,2025-11-03T11:20:27.079946,cached_for_llm
UC_cznB5YZZmvAmeq7Y3EriQ,Stated Clearly,2025-11-03T11:20:27.079946,cached_for_llm
UCd8gYBqSuVx3L6qbG9xvpiQ,Chris Castellarin,2025-11-03T11:20:27.079946,filtered_subs
UCiw3ocywxXvFGk8bp5Dq3Jw,The Outliners ,2025-11-03T11:20:27.079946,skipped_few_videos
UCVVuAYyOt54zkIT0sezX-4Q,Trinity College Dublin,2025-11-03T11:20:27.079946,filtered_max_videos
UCp35lOnXpoMtBXMb4jFglJQ,New Nature,2025-11-03T11:20:27.079946,cached_for_llm
UCpsyRRwL_cETxDEabQqredA,Baylor University Graduate School,2025-11-03T11:20:27.079946,filtered_subs
UCFiUTO1AstPE3CRinH68GGQ,The Accidental Philosopher,2025-11-03T11:20:27.079946,filtered_subs
UC9vBKURQxpFE0fkWrqY9meg,Social Issues For Everyone,2025-11-03T11:20:27.079946,filtered_subs
UCMSwvJBbCF3a-9B7hRYhqrg,financial Mindset,2025-11-03T11:20:27.079946,filtered_subs
UC4EY_qnSeAP1xGsh61eOoJA,YaleCourses,2025-11-03T11:20:27.079946,cached_for_llm
UCgV_oOQ2CArKxWL4Ru3RXGw,The Unfiltered Truth,2025-11-03T11:20:27.079946,filtered_subs
UCir8ZEhgIOLY__2tN1Pi0ig,Umar Ashraf,2025-11-03T11:20:27.079946,skipped_few_videos
UCIUYISDFTXzMrxPRUHakj0w,Charles Sturt University,2025-11-03T11:20:27.079946,filtered_subs
UCtYD2kITnigy8zf4vEzfPMQ,Worlds of Wisdom,2025-11-03T11:20:27.079946,filtered_subs
UC88lvyJe7aHZmcvzvubDFRg,Timeline - World History Documentaries,2025-11-03T11:20:27.079946,cached_for_llm
UCPGnJx_n_5q2k4gWbAa28yQ,Professor Ashley,2025-11-03T11:20:27.079946,filtered_subs
UC7k984zAMg_5DFHWawzPorg,Saturn,2025-11-03T11:20:27.079946,filtered_subs
UCHxbWqTInWfKkJL4s6qbUSw,GAPSAcademy,2025-11-03T11:20:27.079946,filtered_max_videos
UCr51KMSVvRICQNdsg9otmJA,Columbia Climate School,2025-11-03T11:20:27.079946,filtered_subs
UCkl9KnSSYFJmDmfWMHm1aew,Walter Graziano,2025-11-03T11:20:27.079946,filtered_subs
UCYlPwe7ehuSd5d6ik3K_3lQ,Intergovernmental Panel on Climate Change (IPCC),2025-11-03T11:20:27.079946,cached_for_llm
UCPQn1pwRRLV6vL0UXQtJvpg,Menagerie,2025-11-03T11:20:27.079946,skipped_few_videos
UCRJErxU66jADk3L8mRCWHhg,World Vista,2025-11-03T11:20:27.079946,filtered_country_DK
UCk1HnZpqA3HDHkiAbMnGFaA,Yasmin Art Drawing,2025-11-03T11:20:27.079946,skipped_few_videos
UCl9CUCvOPotOcl9ZZEzPZsA,GreggU,2025-11-03T11:20:27.079946,filtered_max_videos
UC6FO-Up1-oLj5nNivCNHL-Q,Ryan Chapman,2025-11-03T11:20:27.079946,cached_for_llm
UCKcef4d53ilok1ok0f91snw,Jasmine_2015_Daily_Art,2025-11-03T11:20:27.079946,filtered_subs
UCxyiSz4m161Z6frOsFxJpgw,Cleveland Clinic,2025-11-03T11:20:27.079946,filtered_max_videos
UCuljCEK-hEJKXORkAd7tZlQ,Policy And Taxation Group,2025-11-03T11:20:27.079946,filtered_subs
UCOo8aKrwtWmlLUEpatJ2nyg,explainitychannel,2025-11-03T11:20:27.079946,filtered_country_DE
UCUVwT8zcS5Z_rYXnpomlbfg,Dan Davis History,2025-11-03T11:20:27.079946,cached_for_llm
UCe4WlJgFV5XZqAQu6LK3lFQ,Motion Picture Evolution,2025-11-03T11:20:27.079946,filtered_country_JP
UC3XBa3SdVWih3WBN-AYJp9Q,Bibiana Prada,2025-11-03T11:20:27.079946,filtered_subs
UCL_A4jkwvKuMyToAPy3FQKQ,Council on Foreign Relations,2025-11-03T11:20:27.079946,filtered_max_videos
UCPk2s5c4R_d-EUUNvFFODoA,Gohar Khan,2025-11-03T11:20:27.079946,cached_for_llm
UCK8f1CUe8y403u3b0gCINww,University of Oxford,2025-11-03T11:20:27.079946,cached_for_llm
UCQBzn-XGeA4sq9kB8Gl8iHg,Victoria Pfeifer,2025-11-03T11:20:27.079946,skipped_few_videos
UCSLUrcByUa6L641WPik31RQ,Motivation Core,2025-11-03T11:20:27.079946,cached_for_llm
UCuSkeS5oU-B2tRIBDYntmaw,Business Upside,2025-11-03T11:20:27.079946,cached_for_llm
UCGaVdbSav8xWuFWTadK6loA,vlogbrothers,2025-11-03T11:20:27.079946,cached_for_llm
UCOvOXLATfCrOJmAYaO4mRBA,VFX HD,2025-11-03T11:20:27.079946,skipped_few_videos
UCQbo_mSWlTaKppIQViiVUZQ,Berkeley Initiative for Transparency in the Social Sciences (BITSS),2025-11-03T11:20:27.079946,filtered_subs
UCSRjQSRHv4jYp7Qwy8L5Z0Q,UC Berkeley Summer Sessions,2025-11-03T11:20:27.079946,filtered_subs
UC0JlrsWrWd59YFGcdxuzmSA,unowacademics,2025-11-03T11:20:27.079946,filtered_subs
UCHYlZMedjSdB9LkABuHbW7A,Think UPSC,2025-11-03T11:20:27.079946,filtered_country_IN
UCg3TXZ15YuORW5QaVwLJPFA,Shelagh Johnson,2025-11-03T11:20:27.079946,filtered_subs
UC2NsfoxoM6eWePzX3-9x9Cw,Talk Politics with Dr A K Verma,2025-11-03T11:20:27.079946,filtered_subs
UCP_XxqhMcSB4QggPo0UHoBA,We Are Liberal,2025-11-03T11:20:27.079946,filtered_subs
UCABe2FgVNv2hgBeMu2mySVg,Let's Crack UPSC CSE,2025-11-03T11:20:27.079946,filtered_max_videos
UC_kzFBb2-8zENiawppXcUig,BioTech Whisperer,2025-11-03T11:20:27.079946,filtered_max_videos
UCW71hQg1kDxmFIfijA8dL0Q,Unsolicited advice,2025-11-03T11:20:27.079946,cached_for_llm
UC86l-Zp-D4HWhxVKtXb4wIg,China Cultural Expedition,2025-11-03T11:20:27.079946,filtered_subs
UCkP3zvBTqrWBjIzj9RSW_NQ,Moddereditz,2025-11-03T11:20:27.079946,skipped_few_videos
UCqoAEDirJPjEUFcF2FklnBA,StarTalk,2025-11-03T11:20:27.079946,cached_for_llm
UCJL8eeHiTDuzBSWz1pyh9Jg,eliana☀️ marie,2025-11-03T11:20:27.079946,filtered_subs
UCWVX22z2KlJCQ0XqtfHIH7w,Leonard Cohen - Topic,2025-11-03T11:20:27.079946,cached_for_llm
UCzkrb91BQYUCNcqLFsbjTxA,MoonCraterTycho,2025-11-03T11:20:27.079946,filtered_subs
UCGtbVv_ACgV7difdVZ92NMw,Corporate Finance Institute,2025-11-03T11:20:27.079946,cached_for_llm
UCoUCPZ-u6MYX6_tIRmRnBtQ,Applied Worldwide,2025-11-03T11:20:27.079946,filtered_subs
UC_-_MtdvcJC3m-STIvwLzgQ,Dream English Education,2025-11-03T11:20:27.079946,cached_for_llm
UCQJDFI9j8UeNoqra37p5OkA,Operation Ouch,2025-11-03T11:20:27.079946,cached_for_llm
UCir93b_ftqInEaDpsWYbo_g,Practical Psychology,2025-11-03T11:20:27.079946,cached_for_llm
UCvSXMi2LebwJEM1s4bz5IBA,New Money,2025-11-03T11:20:27.079946,cached_for_llm
UCutMbTINQ3t_JF898I5lNmQ,Current Myanmar,2025-11-03T11:20:27.079946,cached_for_llm
UCUhRQkSIqtsF25htBgReQAA,Fakultas Ekonomika dan Bisnis UGM,2025-11-03T11:20:27.079946,filtered_country_ID
UCJGZli0VhF5AwTU6YTi8OFA,Ashley Hodgson,2025-11-03T11:20:27.079946,cached_for_llm
UCorruoVYwGGyND4SZVtrVDQ,The Project,2025-11-03T11:20:27.079946,filtered_max_videos
UCVeuau7DLrg7zlAjxxDbdww,HubSpot Marketing,2025-11-03T11:20:27.079946,cached_for_llm
UCIy8QgsVS2QHrYBwEOOtArQ,Explore With Jeven Dovey,2025-11-03T11:20:27.079946,skipped_few_videos
UCFMIEsP5ZVgl5GDVEy8HJpA,John Marx,2025-11-03T11:20:27.079946,filtered_subs
UCd1CT33NdLIg-tbQ0sVhjUQ,diplomaduck,2025-11-03T11:20:27.079946,cached_for_llm
UCQJGbLviO357JzLKnFoR6wg,World Genetics,2025-11-03T11:20:27.079946,filtered_country_FR
UChPnMUTtlnHMw7g3W4EHvDw,Standwithkurang,2025-11-03T11:20:27.079946,filtered_subs
UCxBweqANcJCGCgPJFjhgGgA,JointBioenergyInst,2025-11-03T11:20:27.079946,filtered_subs
UCJg9wBPyKMNA5sRDnvzmkdg,LiveNOW from FOX,2025-11-03T11:20:27.079946,filtered_max_videos
UCXXvOMN_74Jad119ybNce8g,The Travel Shack,2025-11-03T11:20:27.079946,skipped_few_videos
UCIk5qk-lMJ1Y1jpOc93nIDg,Declassified College,2025-11-03T11:20:27.079946,cached_for_llm
UC2Zs9v2hL2qZZ7vsAENsg4w,Justin Sung,2025-11-03T11:20:27.079946,cached_for_llm
UC0vBXGSyV14uvJ4hECDOl0Q,Techquickie,2025-11-03T11:20:27.079946,cached_for_llm
UCb72Gn5LXaLEcsOuPKGfQOg,DW Planet A,2025-11-03T11:20:27.079946,filtered_country_DE
UCrZGKtx0Vl97vTynXfBhm4w,IM is Live,2025-11-03T11:20:27.079946,filtered_country_IN
UC4TjXPVIYz9Z13SB3vxKuZQ,Mind Unveiled,2025-11-03T11:20:27.079946,cached_for_llm
UCGjj4ULTpqgcM6knuBv9h6Q,Queen,2025-11-03T11:20:27.079946,cached_for_llm
UCULpy5KeeAbaZUHwD3cz3ZQ,Rooghz AE,2025-11-03T11:20:27.079946,skipped_few_videos
UCAl18VyldcUawB6kyx9HKsw,ODI Global,2025-11-03T11:20:27.079946,filtered_subs
UCNz9FA4OYPfEU-6t6jsHOIA,Science Explained,2025-11-03T11:20:27.079946,skipped_few_videos
UC4XMF1RCbxd7dEn8-zGpWkQ,Top Hit,2025-11-03T11:20:27.079946,filtered_subs
UC3XNRomFhz4-2Tr3rUzK07A,UniBRIDGE Project,2025-11-03T11:20:27.079946,filtered_subs
UCnRVL1-HJnXWB_Xi2dAoTcg,Bryan Johnson,2025-11-03T11:20:27.079946,cached_for_llm
UCvC-fM1giLexvVWE1I6DWWQ,TheDocumentaryReel,2025-11-03T11:20:27.079946,filtered_subs
UC1N9t1TX5hCZBPs0vkVxNXw,AI Past To Future,2025-11-03T11:20:27.079946,filtered_country_TR
UC6XTIVq86zJPKNeiPay1czQ,Miacademy & MiaPrep Learning Channel,2025-11-03T11:20:27.079946,filtered_max_videos
UC6WMV2wvAeJbOqAWK8bbuqQ,Valinor - English,2025-11-03T11:20:27.079946,filtered_subs
UC_Ktic72t5bDX_3go_9u_pg,Vusi Thembekwayo,2025-11-03T11:20:27.079946,cached_for_llm
UCPk3Dl1cd5ZGJUnR0s2u0hg,KnoDAX,2025-11-03T11:20:27.079946,cached_for_llm
UCkpUcKKj1BfuoZcZ0Gx4PwA,Socialism Explained,2025-11-03T11:20:27.079946,filtered_subs
UCNIwyVMzpPsO8Ong4IBeaQw,FASH,2025-11-03T11:20:27.079946,cached_for_llm
UC-Jb6IMAz5T0JfWd5bdDosA,Pro Fan Hoops,2025-11-03T11:20:27.079946,filtered_subs
UCUTF61UNExRdjmoK5mXwWfQ,AI Uncovered,2025-11-03T11:20:27.079946,filtered_country_SE
UCbmr-PLneYF7uSp1bP1WKig,Nice768,2025-11-03T11:20:27.079946,filtered_subs
UCluOABJ753SGCvB6NVH132Q,Brainrot HUB,2025-11-03T11:20:27.079946,cached_for_llm
UCvPWBVQS3m1KtXJaLKijn4Q,Business School 101,2025-11-03T11:20:27.079946,cached_for_llm
UCeYda7MUy54yNYJya8txkJA,Museum of Science,2025-11-03T11:20:27.079946,cached_for_llm
UCQbBh9Jn2IjcSPZOiNKJu0g,EconplusDal,2025-11-03T11:20:27.079946,cached_for_llm
UCkS_HP3m9NXOgswVAKbMeJQ,Then & Now,2025-11-03T11:20:27.079946,cached_for_llm
UC6qAx0CkGalK1SIjOVAXrfQ,Dr. Jim,2025-11-03T11:20:27.079946,filtered_subs
UCoZJqGSt3CFeuLrYiKH4j-w,Bournemouth University,2025-11-03T11:20:27.079946,cached_for_llm
UCAeBekDBRMIygZMOeLnPLEQ,Ready Steady Excel,2025-11-03T11:20:27.079946,cached_for_llm
UCVrrEzxFvIDjM0w5a8LKYwg,Privacy Matters,2025-11-03T11:20:27.079946,filtered_country_NO
UCXvsBEzD1_pVT2wAIJe5o2A,"Teachers College, Columbia University",2025-11-03T11:20:27.079946,cached_for_llm
UCDk0O3AhRuKWC0MJAASgvXg,EcomOptix: AI Marketing Agency With Manoj,2025-11-03T11:20:27.079946,filtered_subs
UCgM7EYFFz_dba0OIZs5L9kg,Hopscotch,2025-11-03T11:20:27.079946,cached_for_llm
UCJekW1Vj5fCVEGdye_mBN6Q,SAMAA TV,2025-11-03T11:20:27.079946,filtered_max_videos
UCsooa4yRKGN_zEE8iknghZA,TED-Ed,2025-11-03T11:20:27.079946,cached_for_llm
UCMZfL_MKBqBlU2_wvwhSFGw,Mariia Gorpynych,2025-11-03T11:20:27.079946,filtered_subs
UC0p5jTq6Xx_DosDFxVXnWaQ,The Economist,2025-11-03T11:20:27.079946,cached_for_llm
UCZk5i6ZSuc_oMQKQS0JC_nA,KodyPlay,2025-11-03T11:20:27.079946,filtered_country_KZ
UCG16_HTqfM1OvpCHuBrHiiA,alisWebsite,2025-11-03T11:20:27.079946,cached_for_llm
UCcyOlIJee-Q1cGD2Dmf1rCA,SNHU,2025-11-03T11:20:27.079946,cached_for_llm
UCVIqhyNtEDSMhD18DEhROyA,tranhanh,2025-11-03T11:20:27.079946,filtered_subs
UC8Hr2D7Y5rqzb63U-1fPXrg,AHealthcareZ - Healthcare Finance Explained,2025-11-03T11:20:27.079946,cached_for_llm
UCg52OrQipnl3G5xmZGNUb_w,Explanation Point,2025-11-03T11:20:27.079946,cached_for_llm
UCzuqE7-t13O4NIDYJfakrhw,Democracy Now!,2025-11-03T11:20:27.079946,filtered_max_videos
UChiq4rbI_7Nmajzmv0a7QKg,TheSaturdaysVEVO,2025-11-03T11:20:27.079946,cached_for_llm
UCnmT7X96Wi4BOMwW2WjvwdA,UQ Political Science and International Studies,2025-11-03T11:20:27.079946,filtered_subs
UCNjJ2XIkJsgAXbyGsSu-z3w,MyFxCraze ,2025-11-03T11:20:27.079946,filtered_country_IN
UCZWlSUNDvCCS1hBiXV0zKcA,PragerU,2025-11-03T11:20:27.079946,filtered_max_videos
UCphUO7yVufV2J8plv_-Aj_A,Color Your Wardrobe | Color Analysis,2025-11-03T11:20:27.079946,filtered_subs
UCsBjURrPoezykLs9EqgamOA,Fireship,2025-11-03T11:20:27.079946,cached_for_llm
UColdwL6T062LNo65OHngXAQ,Dr. James Tour,2025-11-03T11:20:27.079946,cached_for_llm
UCJQJ4GjTiq5lmn8czf8oo0Q,PowerCert Animated Videos,2025-11-03T11:20:27.079946,cached_for_llm
UC6ZZNPulkYCtFVvHoY5FUNQ,@learn with Amara ,2025-11-03T11:20:27.079946,filtered_subs
UCqUwBqJB42q4VGv9A3rxTNw,BagOnly,2025-11-03T11:20:27.079946,cached_for_llm
UCEuhsgmcQRbtfiz8KMfYwIQ,NASA Space News,2025-11-03T11:20:27.079946,cached_for_llm
UCdp4_l1vPmpN-gDbUwhaRUQ,Branch Education,2025-11-03T11:20:27.079946,cached_for_llm
UCaHT88aobpcvRFEuy4v5Clg,Lessons in Meme Culture,2025-11-03T11:20:27.079946,skipped_few_videos
UCAUGDvVdzYrVbPTEEyzMJNg,Tina Travel,2025-11-03T11:20:27.079946,cached_for_llm
UCdl3ece6ZfQwsiLbMnh2bCw,AstroKobi,2025-11-03T11:20:27.079946,cached_for_llm
UCrxlsKHpKH82sbcfW6-SJeA,Go With David,2025-11-03T11:20:27.079946,filtered_subs
UC-SJ6nODDmufqBzPBwCvYvQ,CBS Mornings,2025-11-03T11:20:27.079946,filtered_max_videos
UCVxBA3Cbu3pm8w8gEIoMEog,ABC7,2025-11-03T11:20:27.079946,filtered_max_videos
UCLF3bQXEasbbJmIneStQk3Q,Keen Wealth Advisors,2025-11-03T11:20:27.079946,filtered_subs
UC2YKXCQ8wt1RFpQEELwILCQ,SXSW,2025-11-03T11:20:27.079946,filtered_max_videos
UC67Vc0fkLYeUPBp1f02VY9Q,edX,2025-11-03T11:20:27.079946,cached_for_llm
UCv8UWJ2XC-803ZbuEDa3_pw,Nmodel,2025-11-03T11:20:27.079946,filtered_country_KZ
UCfF7y2aRa8E2qA0aeRfFiPQ,Tokku Dairies,2025-11-03T11:20:27.079946,filtered_country_IN
UCOgGwJ2o1mxeS4eVb9_UQaw,FULL SEND Podcast Clips,2025-11-03T11:20:27.079946,cached_for_llm
UCXDtw21HbJONR6Asf-JaXGQ,pawan pl 97,2025-11-03T11:20:27.079946,filtered_max_videos
UCYG3D0QuoGvWM-_IC-87KAg,Shantanu shorts,2025-11-03T11:20:27.079946,filtered_max_videos
UCuUYSrkCzMU3XOClWLInLSw,News Highlights ,2025-11-03T11:20:27.079946,filtered_subs
UCSWZxpzUTkriCZRe0Nl0UqA,YouFact Tech,2025-11-03T11:20:27.079946,cached_for_llm
UCBwZHGNG_rnnhTm-QGZndSA,The uLesson Group,2025-11-03T11:20:27.079946,cached_for_llm
UCcIQzUJDjjjdA4XG5M8Lcnw,Macquarie University,2025-11-03T11:20:27.079946,cached_for_llm
UCPdVC7w-AmZ6BGCoIoU1v3g,Meibot,2025-11-03T11:20:27.079946,skipped_few_videos
UCCvf4eUxzb8JdgnRPGi1lKA,Dark Waters,2025-11-03T11:20:27.079946,filtered_max_videos
UCt3JiNkefsfbA2N4SgEkoiQ,Visual Venture,2025-11-03T11:20:27.079946,cached_for_llm
UCQXHTFnQYFTqN0MqmNh9EIA,BBC World Service,2025-11-03T11:20:27.079946,cached_for_llm
UCuZZmbHND2sRqefFJfgmQNQ,Finance Alliance,2025-11-03T11:20:27.079946,filtered_subs
UCX6b17PVsYBQ0ip5gyeme-Q,CrashCourse,2025-11-03T11:20:27.079946,cached_for_llm
UCX9GIbcPRxHjE461P6j2bGA,Ron Pope,2025-11-03T11:20:27.079946,cached_for_llm
UCqECaJ8Gagnn7YCbPEzWH6g,Taylor Swift,2025-11-03T11:20:27.079946,cached_for_llm
UCsTzO8paJsaB6Cw_S2UKWOQ,IvyPanda Edu Support,2025-11-03T11:20:27.079946,filtered_subs
UCHwGPm_TpMvLwTRv4sQKPyQ,Caleb Baldwin,2025-11-03T11:20:27.079946,filtered_subs
UCL0u5uz7KZ9q-pe-VC8TY-w,Candace Owens,2025-11-03T11:20:27.079946,cached_for_llm
UCT5jXAyiqg4q1gAIcYAgrAg,WWEMusic,2025-11-03T11:20:27.079946,cached_for_llm
UC3iNdSV_RQU7DHTGpqEW96w,wilfur,2025-11-03T11:20:27.079946,filtered_country_RO
UCYbLT06Aj_bArvNR4QofmWA,"School of Public Health and Social Policy, University of Victoria",2025-11-03T11:20:27.079946,filtered_subs
UCiz4lx8vV0VgGIUaqPIWsbg,Skye Nova,2025-11-03T11:20:27.079946,cached_for_llm
UCVvTyzaUBF6edBhkiVatc1Q,Prof . M.THANGA DARWIN,2025-11-03T11:20:27.079946,filtered_max_videos
UCFz_pS9Mt-Bp9aGTvoHVjSQ,World's_Mysterious_Facts,2025-11-03T11:20:27.079946,filtered_country_IN
UCvz84_Q0BbvZThy75mbd-Dg,Zack D. Films,2025-11-03T11:20:27.079946,skipped_few_videos
UCxoz4YfS4M3H3C57FD4jW4Q,Science Time,2025-11-03T11:20:27.079946,filtered_country_PT
UCK-6FjMu9OI8i0Fo6bkW0VA,Democracy At Work,2025-11-03T11:20:27.079946,cached_for_llm
UCR4uUg64LKlYTAp4rKrn2gg,lazy dasha,2025-11-03T11:20:27.079946,filtered_country_DE
UCeNj_qhmLbIxI35FOaLPBJA,SideMoneyTom,2025-11-03T11:20:27.079946,cached_for_llm
UCZylUy9cnB6GWicod4vskwQ,"University of Newcastle, Australia",2025-11-03T11:20:27.079946,skipped_few_videos
UCeY0bbntWzzVIaj2z3QigXg,NBC News,2025-11-03T11:20:27.079946,filtered_max_videos
UCQzLP2nvJEZPLWAOTC3maTQ,DailyMotivations,2025-11-03T11:20:27.079946,filtered_subs
UCqftaK1E4tZH_HzWyB3lDOg,Meta-Analysis Academy,2025-11-03T11:20:27.079946,cached_for_llm
UCc7p7J9tem8-18oJ0JzYOGg,The Evaluator,2025-11-03T11:20:27.079946,cached_for_llm
UCkhw0cDYnJPViJemGGJrOkg,Discoverling,2025-11-03T11:20:27.079946,skipped_few_videos
UCUMZ7gohGI9HcU9VNsr2FJQ,Bloomberg Originals,2025-11-03T11:20:27.079946,filtered_max_videos
UC0NjePvj-YE5qeysRNfY-gA,Metricool,2025-11-03T11:20:27.079946,cached_for_llm
UCcJyQ5dihoKAKwk2aRi-CQw,This Is History,2025-11-03T11:20:27.079946,cached_for_llm
UCYJ5QMtzbQbahCuPCulrlhw,20 Minute University,2025-11-03T11:20:27.079946,filtered_videos
UCPzDoraqPsAkLPAGpiX2V9A,StudY LoveR- VeeR,2025-11-03T11:20:27.079946,filtered_max_videos
UCvVjXYYXOikrRvCWMxdWvzA,Ken McElroy Podcast,2025-11-03T11:20:27.079946,filtered_subs
UCDgDrzjB26B7H-4lYCCaEOA,Details Matter,2025-11-03T11:20:27.079946,filtered_subs
UCCUr096WDp86n62CXBeHlQw,Vidya-mitra,2025-11-03T11:20:27.079946,filtered_max_videos
UCKegeYEy0lJxpkjWRthaRMw,Think Media Podcast,2025-11-03T11:20:27.079946,cached_for_llm
UCWQ9ZFFhEqUZ0r1IspnBm6Q,TDC,2025-11-03T11:20:27.079946,cached_for_llm
UC2rf0hAR5ZpYaQd3TXP2KDg,Ambasciata degli Stati Uniti d'America in Italia,2025-11-03T11:20:27.079946,filtered_subs
UC7eZfrs4WFXC_invjkL0ACg,The Hope Heritage,2025-11-03T11:20:27.079946,filtered_subs
UCg_0ComEH4GE249uEbL73MA,Buddha Gyan For Better Life,2025-11-03T11:20:27.079946,skipped_few_videos
UCiGUs_bhMxySYEcXGClVXXg,Wander Worth,2025-11-03T11:20:27.079946,skipped_few_videos
UCKCsVSA5THlkHbnkZTPm6-g,Learn Bright,2025-11-03T11:20:27.079946,cached_for_llm
UCZiOWhCvcqqEyirPb4I4GCg,Profiles of Countries,2025-11-03T11:20:27.079946,filtered_subs
UCn4sPeUomNGIr26bElVdDYg,NowThis Impact,2025-11-03T11:20:27.079946,filtered_max_videos
UCz2LI2_XL-qi0EtdvhS0X7g,Girl vs Globe,2025-11-03T11:20:27.079946,skipped_few_videos
UCDG0mJ_zkrODDT-4VTEV6TQ,WOOD TV8,2025-11-03T11:20:27.079946,filtered_max_videos
UCdOCfe9MT08PVEnb_1Rt-CQ,Mind5 Shift ,2025-11-03T11:20:27.079946,filtered_subs
UCoZCjNhOLwifuaklHYsRIRA,Adriatique - Topic,2025-11-03T11:20:27.079946,filtered_subs
UCIALMKvObZNtJ6AmdCLP7Lg,Bloomberg Television,2025-11-03T11:20:27.079946,filtered_max_videos
UConJDkGk921yT9hISzFqpzw,Freethink,2025-11-03T11:20:27.079946,cached_for_llm
UCVT1tPkR-fUVlO652EcO3ow,CBS Sunday Morning,2025-11-03T11:20:27.079946,filtered_max_videos
UCJNgVrKp8PHG8rmP0bz1gzQ,WriterZen,2025-11-03T11:20:27.079946,filtered_subs
UCYZnxoe44MeDtcJY4zSglCA,TMR,2025-11-03T11:20:27.079946,cached_for_llm
UCtRTWfe0lnAteMo-zFklPIA,Jarrett Moore,2025-11-03T11:20:27.079946,cached_for_llm
UCz9r9PqTBrNXJIL782uz_TQ,StargoldStory      ,2025-11-03T11:20:27.079946,filtered_subs
UCnTt_ZMMxgWgT71mCTxuDgg,Philosophy Beyond,2025-11-03T11:20:27.079946,filtered_subs
UC_v-PEaVY5Vz9s80AFXoIcA,Aimers,2025-11-03T11:20:27.079946,filtered_subs
UCmTM_hPCeckqN3cPWtYZZcg,The Deshbhakt,2025-11-03T11:20:27.079946,filtered_country_IN
UCdinNuLY0u98gs5wLRqmPdw,threadbare,2025-11-03T11:20:27.079946,cached_for_llm
UCtbkymRCxreyNHb_ON2FCsQ,Rachael Ray Show,2025-11-03T11:20:27.079946,filtered_max_videos
UCtig_Zsm0JfiO3w6SuX124Q,SUNY Brockport,2025-11-03T11:20:27.079946,filtered_subs
UCONtPx56PSebXJOxbFv-2jQ,Crash Course Kids,2025-11-03T11:20:27.079946,cached_for_llm
UCRcDlijAi5bJVOqSwG9Yebg,Discovery Hub,2025-11-03T11:20:27.079946,filtered_subs
UClpUDisyUUfESeO9c9qRkAQ,Techtalk Titans,2025-11-03T11:20:27.079946,filtered_subs
UCOHxDwCcOzBaLkeTazanwcw,Bravos Research,2025-11-03T11:20:27.079946,filtered_country_AE
UCqoGR_EedlhKDVuWNwYWRbg,Voices of the Past,2025-11-03T11:20:27.079946,cached_for_llm
UCF2v8v8te3_u4xhIQ8tGy1g,Noah Kagan,2025-11-03T11:20:27.079946,cached_for_llm
UCJi7vfbhKAd8nXgH_TjcWkw,American Doctrine,2025-11-03T11:20:27.079946,skipped_few_videos
UCIalVG0n6NzTpPBi5UuX1_A,Talking Pollitty,2025-11-03T11:20:27.079946,cached_for_llm
UCfIjR00qhYUFkbWIugAAbGg,ABC 7 News - WJLA,2025-11-03T11:20:27.079946,filtered_max_videos
UCyR3jMVUgZadX9dHjuKFuMQ,Pearl,2025-11-03T11:20:27.079946,cached_for_llm
UCZ4AMrDcNrfy3X6nsU8-rPg,Economics Explained,2025-11-03T11:20:27.079946,cached_for_llm
UC4OqEJz6oABzz_7nu29zF3A,FOX 26 Houston,2025-11-03T11:20:27.079946,filtered_max_videos
UCgDXVybABAcbVksw9B8qBog,NekoKaren,2025-11-03T11:20:27.079946,cached_for_llm
UCTqgYnpEv0QaWhOwSBsRLRQ,Billie Newland,2025-11-03T11:20:27.079946,cached_for_llm
UCftwRNsjfRo08xYE31tkiyw,WIRED,2025-11-03T11:20:27.079946,filtered_max_videos
UCmGHEHOXOf6hZgQmRYBYXTA,Woke TV,2025-11-03T11:20:27.079946,cached_for_llm
UCie6I5FBIeKLu9i6aOBCvTQ,Qasim Gulzar,2025-11-03T11:20:27.079946,filtered_subs
UCxoDMG0tvaYO5Xobvtqw5nw,Smile and Learn - English,2025-11-03T11:20:27.079946,cached_for_llm
UCKhZlJLGzFntI13NdFgHCuw,MAGA MACK NEWS,2025-11-03T11:20:27.079946,filtered_subs
UC84ZJujGee7Hrxh4Qcfkfgw,Sophie Silva,2025-11-03T11:20:27.079946,skipped_few_videos
UCGRryxFxjXbVAtBPE9EbyMg,Joe Bartolozzi,2025-11-03T11:20:27.079946,cached_for_llm
UCsszPWN4P6mKHmuMz3xZC8Q,TechIN,2025-11-03T11:20:27.079946,cached_for_llm
UCBt27KmXIkwFpXsA5_mQqfg,Marmelo Abante Official,2025-11-03T11:20:27.079946,filtered_subs
UCCQEbqDL8i40d83Au55lYMQ,Jacob Clifford,2025-11-03T11:20:27.079946,cached_for_llm
UC524ZXn1F-le5M_6vDZGaaw,The 10 Best,2025-11-03T11:20:27.079946,filtered_subs
UCtR0BDHW6htD40Q0fVDlz4w,LSE Department of Accounting,2025-11-03T11:20:27.079946,filtered_subs
UCva8ZrYCP3GjUrxo_lyXLWg,The K. Patricia Cross Academy,2025-11-03T11:20:27.079946,filtered_subs
UCGXfqzVEZr0XaZLWG3_HniA,The Media Insider,2025-11-03T11:20:27.079946,cached_for_llm
UCWqJpFqlX59OML324QIByZA,List 25,2025-11-03T11:20:27.079946,filtered_max_videos
UCnUNhNp3Jnvbh2Z9Sdz8Sww,S.E.T Media Reacts,2025-11-03T11:20:27.079946,filtered_max_videos
UCWOA1ZGywLbqmigxE4Qlvuw,Netflix,2025-11-03T11:20:27.079946,filtered_max_videos
UC5opyZSOTYmuR31IvpBRGKg,GIPSTE TV,2025-11-03T11:20:27.079946,filtered_subs
UCBjd8osJAH7PjCZfEwKOjRQ,Chattahoochee Technical College,2025-11-03T11:20:27.079946,filtered_subs
UCUFbQPEX8jzvvhUq1WnG_EA,Potential,2025-11-03T11:20:27.079946,cached_for_llm
UCxlJ45KjG4XVcQ_hd8j227A,Peekaboo Kidz,2025-11-03T11:20:27.079946,filtered_country_IN
UCMSYZVlQmyG8_2MkIKzg0kw,The Iced Coffee Hour,2025-11-03T11:20:27.079946,cached_for_llm
UC3cpN6gcJQqcCM6mxRUo_dA,Wendigoon,2025-11-03T11:20:27.079946,cached_for_llm
UC5EoTjbPm_U11odssdYXwSA,Sportology,2025-11-03T11:20:27.079946,cached_for_llm
UChCs6TB5FoGFOYUfhtR0nRA,Ultimate Tech Hub,2025-11-03T11:20:27.079946,cached_for_llm
UCx0ArCQSDAxH70zpWakIbPw,Study Buddhism,2025-11-03T11:20:27.079946,filtered_country_DE
UC67f2Qf7FYhtoUIF4Sf29cA,Bad Lip Reading,2025-11-03T11:20:27.079946,cached_for_llm
UC1t7LqbFtgtnzcSvRueICog,Kano,2025-11-03T11:20:27.079946,filtered_country_ZA
UCvvVOIyaYu2l4jiH9L8_eRw,Dax,2025-11-03T11:20:27.079946,skipped_few_videos
UCkd4takjjF1EGD1TKIK2QiA,Sky Sports Cricket,2025-11-03T11:20:27.079946,filtered_max_videos
UCql5i4wc-I1CgAyVn_c6dqA,Roger Love,2025-11-03T11:20:27.079946,cached_for_llm
UCytYuEjLMKFO_srJOLTSFBg,uwindsor,2025-11-03T11:20:27.079946,cached_for_llm
UCRKYjW6kCKpEb9vPvWvoW3w,IELTS Plus,2025-11-03T11:20:27.079946,filtered_country_KR
UCkVPC_Lc-2HYJgMqz1WIhKg,Social Work Scholar,2025-11-03T11:20:27.079946,filtered_subs
UC1xNraQytCPsaoO5N7_YABw,Koranos,2025-11-03T11:20:27.079946,cached_for_llm
UCyaeJ7lmQOBlwe5PkTvMZTg,Naftali Moses,2025-11-03T11:20:27.079946,cached_for_llm
UCTaypwV3sEzWyA8lVcu1Fxg,Dr. Steve Broskoske,2025-11-03T11:20:27.079946,filtered_subs
UCGDQNvybfDDeGTf4GtigXaw,DD India,2025-11-03T11:20:27.079946,filtered_max_videos
UCgKgAaGbKS-XWUJGWqP5W0A,NEXT IAS,2025-11-03T11:20:27.079946,filtered_max_videos
UCjpItV9tQ4gHGzcT6ooVTnA,Worldostats,2025-11-03T11:20:27.079946,filtered_country_IN
UCuN7GIc3D-nPQeoY2W4s2Ag,Political Study,2025-11-03T11:20:27.079946,filtered_subs
UC8MGtj6Zd7gaJxFChPMh8_A,Billionaire Secrets,2025-11-03T11:20:27.079946,skipped_few_videos
UCUeorU07RLlGfV_P67f_heg,Otaku_Edit,2025-11-03T11:20:27.079946,filtered_subs
UCsXVk37bltHxD1rDPwtNM8Q,Kurzgesagt – In a Nutshell,2025-11-03T11:20:27.079946,filtered_country_DE
UCUGwVgtUewevtLvu7NaxVrw,Dr. Roy Casagranda,2025-11-03T11:20:27.079946,cached_for_llm
UCDjiwACeEZhMjtkegSHob6A,Pigeon Finance,2025-11-03T11:20:27.079946,filtered_subs
UCIzuRUuVA_07UEMyQhsZEGg,MoneySecrets EN,2025-11-03T11:20:27.079946,filtered_subs
UCPkctgt1mTeJWTGj4tq4dPQ,LKLogic,2025-11-03T11:20:27.079946,filtered_max_videos
UCtNdVINwfYFTQEEZgMiQ8FA,Bailey Sarian,2025-11-03T11:20:27.079946,cached_for_llm
UCCOHJ7FQylpV8lmqJwU8bHA,Denver Community Media,2025-11-03T11:20:27.079946,filtered_subs
UCR27JFRfdHEiMdSoCUeZAGg,Hobby Coding,2025-11-03T11:20:27.079946,filtered_country_DZ
UCmcRUVgAMuDc_F0XMmoUPeg,Eric Jeng,2025-11-03T11:20:27.079946,skipped_few_videos
UCqvaXJ1K3HheTPNjH-KpwXQ,Principles by Ray Dalio,2025-11-03T11:20:27.079946,cached_for_llm
UCTljIqVt94OrqtCyNkRlRqg,Washington Policy Center,2025-11-03T11:20:27.079946,cached_for_llm
UC35gcEr3eOT_xM_5nEBXmTA,"OpenText ADM, CyberRes and ITOM Products",2025-11-03T11:20:27.079946,filtered_max_videos
UCcp8N65IvF_cuYXuu-ARXwQ,Florian,2025-11-03T11:20:27.079946,cached_for_llm
UCRVKDlQP5Yd6pztIfD6GhSQ,Ed Post,2025-11-03T11:20:27.079946,cached_for_llm
UCyhOl6uRlxryALlT5yifldw,J.J. McCullough,2025-11-03T11:20:27.079946,cached_for_llm
UCm9lChCn6U0dRyBwwH-3iHA,Conrad Askland,2025-11-03T11:20:27.079946,cached_for_llm
UCn53uGEhZwyPArHl3wdGZag,Quick Cybersecurity Study,2025-11-03T11:20:27.079946,filtered_subs
UCWwmrXrlubUhABfkbqgglVA,Hertz Beat W,2025-11-03T11:20:27.079946,filtered_subs
UCvcByMq2Ib-rznz7TyyJDpw,Religious Studies Explained,2025-11-03T11:20:27.079946,filtered_subs
UCw4t-Dafc-XlnagELJbCbhg,Renji Bijoy,2025-11-03T11:20:27.079946,filtered_subs
UCpxYSWgxVt3Pyn1ovXsGQ0g,PBS Terra,2025-11-03T11:20:27.079946,cached_for_llm
UCt-myyZwd4akeIDsNHgt-vQ,Patriot Audio Journal,2025-11-03T11:20:27.079946,filtered_subs
UCAuUUnT6oDeKwE6v1NGQxug,TED,2025-11-03T11:20:27.079946,filtered_max_videos
UC5zBk-chQqy4yoKJKOaP87Q,TrillyRap,2025-11-03T11:20:27.079946,cached_for_llm
UCT8FhiYjSw3-OfJFmbhJ2rw,Dr. Suzanne Soliman,2025-11-03T11:20:27.079946,cached_for_llm
UCZtN6RlLojT6Ygvwhpw89-g,University of Saskatchewan,2025-11-03T11:20:27.079946,cached_for_llm
UCiZ2z8F8ilr6SC7lOaxAQ4g,camman18,2025-11-03T11:20:27.079946,skipped_few_videos
UCCl68Fm8MbBe8usvYVh6SWg,Culturally Distinct Network,2025-11-03T11:20:27.079946,filtered_subs
UC-yewGHQbNFpDrGM0diZOLA,Sargon of Akkad,2025-11-03T11:20:27.079946,cached_for_llm
UCeZDE17tb8g1u3T6O7eLEDw,PoppinsMagic,2025-11-03T11:20:27.079946,filtered_subs
UCHIJAK5cAj8wnDoqsvGeaaQ,Woodrow Wilson School of Public and International Affairs,2025-11-03T11:20:27.079946,filtered_subs
UCMq1R1LgS04lIKdpLh_OS1w,Wes McDowell,2025-11-03T11:20:27.079946,cached_for_llm
UCq8T0ImmPVWO2-8h3RB5QMg,Trend Unwrapper,2025-11-03T11:20:27.079946,filtered_subs
UCoRdzm15_jjsE_OtZeb0EXg,Psyche Lab,2025-11-03T11:20:27.079946,skipped_few_videos
UCTcw8GqWQlFcc6ioeJQOMAQ,Game Changer Shorts,2025-11-03T11:20:27.079946,skipped_few_videos
UCNp9DQOeck6pfr_BhFIGTQg,"Live Your Life, Live Your Dream",2025-11-03T11:20:27.079946,cached_for_llm
UC2zO7i36zSzyYxa96giSqPw,Science Museum,2025-11-03T11:20:27.079946,cached_for_llm
UC42VsoDtra5hMiXZSsD6eGg,The Modern Rogue,2025-11-03T11:20:27.079946,filtered_max_videos
UC7Q0EfPzTwtanMVSWuK_QXA,Unacademy IAS: English,2025-11-03T11:20:27.079946,filtered_country_IN
UCvEb0fYl2SPCYmaVb_OpSzA,Ziir$masH,2025-11-03T11:20:27.079946,filtered_subs
UCPEZnYBqewx-h43B5tLymYw,Alex Cattoni,2025-11-03T11:20:27.079946,cached_for_llm
UCR2Ygp2qtlfHnzTrIF2HihQ,Climate KIC,2025-11-03T11:20:27.079946,filtered_subs
UCUzmizB92LJ9oxf5T_snZNA,BadEmpanada,2025-11-03T11:20:27.079946,cached_for_llm
UCI8Xs2oPTMb9DkuYsEqCnnQ,Marketing Business Network,2025-11-03T11:20:27.079946,cached_for_llm
UCV1SsN7SFRJQQk7JRGj2lZw,Rohan Garg | AI Autonomy,2025-11-03T11:20:27.079946,filtered_subs
UC7Yjkadbl_x6A7mE-54RXEQ,The Functional Melancholic,2025-11-03T11:20:27.079946,cached_for_llm
UCljz_M6NK7ASp5u0t2ImfiQ,Icycol,2025-11-03T11:20:27.079946,filtered_max_videos
UCfLIZ9m6DnvaQai5cUppVvQ,Aashiq Shah,2025-11-03T11:20:27.079946,filtered_subs
UCsYxr-Su3k5vRMRUUasvREw,High Season Co.,2025-11-03T11:20:27.079946,cached_for_llm
UCFvDMQ0DRm0Jjp6XaukjJSA,Matt Green,2025-11-03T11:20:27.079946,skipped_few_videos
UCBUuzOtr-W5t-uuSDlh8hvg,Watch Ben Shapiro,2025-11-03T11:20:27.079946,filtered_subs
UCdzsHPQ_uNfN8r5PILc3NhQ,Campaign Trend,2025-11-03T11:20:27.079946,filtered_subs
UCy_eiqAaRCaP8wYUFvqtuYw,woismaro ,2025-11-03T11:20:27.079946,filtered_country_PK
UCJyeGKk56rkzma3Tk4ABZfQ,World Wonders,2025-11-03T11:20:27.079946,filtered_max_videos
UCquX65xaaLvumBDHm6M684g,HistoryMush,2025-11-03T11:20:27.079946,cached_for_llm
UCTOntUWBTCD9NwZ1J9LSvxw,Ofshane - Topic,2025-11-03T11:20:27.079946,skipped_few_videos
UCT2OYGLtOyyui_9MGrnfyzA,Let'stute,2025-11-03T11:20:27.079946,filtered_country_IN
UCqjSVeZZIGSxOxR-vz3K-AA,POL SC HELP,2025-11-03T11:20:27.079946,cached_for_llm
UCrq8njNr92EBuA4KXJX3OiQ,FuturisticTech,2025-11-03T11:20:27.079946,cached_for_llm
UCKpz_4qERjwMB7oFMW1RmHw,Cambridge Law Faculty,2025-11-03T11:20:27.079946,cached_for_llm
UCRU0spMCoDaBZyhCcPFOyAQ,Ken Ward,2025-11-03T11:20:27.079946,filtered_subs
UC2rAZZvmvL8vowu0qQXNG-Q,Motivational Viral TV,2025-11-03T11:20:27.079946,filtered_subs
UCLebgUu82N_XaDbUHGva_ig,bleachy,2025-11-03T11:20:27.079946,skipped_few_videos
UCO5QSoES5yn2Dw7YixDYT5Q,Aperture,2025-11-03T11:20:27.079946,cached_for_llm
UCwDevr5zjWHu3eSgM0vDs_g,amecorg,2025-11-03T11:20:27.079946,filtered_subs
UCCHdN6cenSYxspuBG5hGS7w,Idea Infographics,2025-11-03T11:20:27.079946,filtered_subs
UCC1RmztYmOIuTGiw_G73fLg,YANA CHIRKINA,2025-11-03T11:20:27.079946,filtered_max_videos
UC5u53DhPVmDc9RUA9AuUulw,Coyotl,2025-11-03T11:20:27.079946,skipped_few_videos
UCANp2YejdjMHJ4rIuce93oA,History by Mae,2025-11-03T11:20:27.079946,skipped_few_videos
UCXZVeOY2keryCE3wKFTHGxQ,Sociology Classes by Shibu,2025-11-03T11:20:27.079946,filtered_country_IN
UCPn_wlMCqTDUZgC6Xd3nVug,Ultimate Word Definitions,2025-11-03T11:20:27.079946,filtered_max_videos
UCcYos33m_g5vqIi50_tYgrg,Thinkmerit - Master JEE & Boards,2025-11-03T11:20:27.079946,filtered_subs
UCr-ODu8TnpqF2sJMi1LCM4w,IHI Open School,2025-11-03T11:20:27.079946,cached_for_llm
UCXIJgqnII2ZOINSWNOGFThA,Fox News,2025-11-03T11:20:27.079946,filtered_max_videos
UCx68qqZktpK5nkXFBcEr4kA,CHANGSHA HAPPY GO Ceramic Tableware Supplier,2025-11-03T11:20:27.079946,filtered_subs
UCIyAy8lIQwnj-2CGt9e-N3g,Taimur_Laal,2025-11-03T11:20:27.079946,filtered_country_PK
UCBhAW9FzB_qhzxbkcqXqLPQ,Tech Explained,2025-11-03T11:20:27.079946,filtered_country_IT
UC3fZADLw9FsV-E5Utbbm0QQ,kelli•ninja,2025-11-03T11:20:27.079946,filtered_subs
UCTUqtjrHYGUwEOjAiUbVcUw,SkyHealth Learning Academy,2025-11-03T11:20:27.079946,filtered_country_AE
UCN9sHgUY6_L5E-4Sw-dLIjA,Wageningen Environmental Research,2025-11-03T11:20:27.079946,filtered_subs
UC3OOilQP8dHr69BI2BybuiQ,itsaProblemVEVO,2025-11-03T11:20:27.079946,cached_for_llm
UCnNXqZdTTGYAItnyq6L_rbg,Science Insights,2025-11-03T11:20:27.079946,filtered_country_IN
UCnYKC_TAu0dlCPxJsPCJdgA,Mystery Skulls - Topic,2025-11-03T11:20:27.079946,filtered_subs
UCsdJxGA27BSz7IiPMn9VV1g,Jack Chapple,2025-11-03T11:20:27.079946,cached_for_llm
UCpEndBvAimOBiSqpV9QZBKQ,Ananya アナンヤ,2025-11-03T11:20:27.079946,cached_for_llm
UCVcDBXwTxKIDGpfB7NTvqOQ,The Explained Channel,2025-11-03T11:20:27.079946,filtered_country_IN
UCwWhs_6x42TyRM4Wstoq8HA,The Daily Show,2025-11-03T11:20:27.079946,filtered_max_videos
UC08qAR-kyTJb8Xjwbo6C7ZQ,Ghost - Topic,2025-11-03T11:20:27.079946,cached_for_llm
UCTFWKO9EiG1lumOBA8bjMsQ,Jasmine Star,2025-11-03T11:20:27.079946,cached_for_llm
UCS_xsiVIMAH_sDgrVJpHSZA,Finance Broz,2025-11-03T11:20:27.079946,filtered_subs
UCzIyoPv6j1MAZpDHKLGP_eA,Morgan Wallen,2025-11-03T11:20:27.079946,cached_for_llm
UCfkzsfj7Go1Q_kRFZmJptsw,Students for Life of America,2025-11-03T11:20:27.079946,cached_for_llm
UCSc8lYlSyXiKeYhlIop8Ykg,Study Hall ,2025-11-03T11:20:27.079946,cached_for_llm
UCw4wosjC-DKq95xI5klz92w,Vision IAS,2025-11-03T11:20:27.079946,filtered_max_videos
UCwQnoax3HWID1WOzZ4mqLPQ,Cole Hastings,2025-11-03T11:20:27.079946,cached_for_llm
UC1yNl2E66ZzKApQdRuTQ4tw,Sabine Hossenfelder,2025-11-03T11:20:27.079946,filtered_country_DE
UCTpmmkp1E4nmZqWPS-dl5bg,Quanta Magazine,2025-11-03T11:20:27.079946,cached_for_llm
UC94CWk0h3FkvfarzL-9TUxg,Power Institute,2025-11-03T11:20:27.079946,filtered_subs
UC0sxhtq1q07yH0Wdiqs9ngw,Global Politics ,2025-11-03T11:20:27.079946,filtered_subs
UCGGf14wH0-iKBnOpXf0DV4w,WhiteSkiii,2025-11-03T11:20:27.079946,filtered_subs
UC_iW_KvXMd7-hJb8yrDgI3A,UCLA Environment,2025-11-03T11:20:27.079946,filtered_subs
UCWNi_ws2zQSJ9k-OIc5Rf2A,MANIFESTED PUBLISHERS,2025-11-03T11:20:27.079946,filtered_max_videos
UCfnuZk44VjeHQq_5IIEJAnw,Nancy Bullard (Mrs. B TV),2025-11-03T11:20:27.079946,skipped_few_videos
UCK8sQmJBp8GCxrOtXWBpyEA,Google,2025-11-03T11:20:27.079946,cached_for_llm
UCMMEt0lMPTmSgVu-liIpKkw,Olga Koelsch,2025-11-03T11:20:27.079946,filtered_country_NO
UCNI0qOojpkhsUtaQ4_2NUhQ,Osmosis from Elsevier,2025-11-03T11:20:27.079946,cached_for_llm
UCIZwIF-RyQxQNroTd5AFKNQ,Mike Sherrard,2025-11-03T11:20:27.079946,cached_for_llm
UCbiF4WGkj7H0IcT8myL0nlg,GSLIM,2025-11-03T11:20:27.079946,filtered_subs
UCdUCBgvTRdkD5PvA_gyi57A,The Language Library,2025-11-03T11:20:27.079946,filtered_subs
UC-9b7aDP6ZN0coj9-xFnrtw,Astrum,2025-11-03T11:20:27.079946,cached_for_llm
UC84BLMH2b5kquBloCaiddrw,Economics Videos That Don't Suck,2025-11-03T11:20:27.079946,filtered_subs
UCrvG04V6wbOau6fVJI01OlQ,DRM News,2025-11-03T11:20:27.079946,filtered_max_videos
UCz-pFBjbqeCCD2ul3BAnh4Q,10 Lines on,2025-11-03T11:20:27.079946,filtered_country_IN
UC9E3khO8S6uagV3nKpO7BeA,Nomadic Kitty,2025-11-03T11:20:27.079946,filtered_subs
UC9Tib0IsWBst6tlQ-p3L4Pw,Will Bowers,2025-11-03T11:20:27.079946,skipped_few_videos
UCFgunGjwTepPN2mELLy2tsw,American Patriot Hub,2025-11-03T11:20:27.079946,filtered_max_videos
UClHVl2N3jPEbkNJVx-ItQIQ,HealthyGamerGG,2025-11-03T11:20:27.079946,cached_for_llm
UCBD8s5PzU7Desuv3QBDjTJA,HSPATH,2025-11-03T11:20:27.079946,filtered_country_IN
UCEbKmzWByEckp32WtvCy0VQ,freethinking ENGLISH Shorts,2025-11-03T11:20:27.079946,filtered_subs
UCLG1HMjL-MK8bmBmZjsqfwQ,SAGE Video,2025-11-03T11:20:27.079946,filtered_subs
UC2kzBeBKUiZ9WUYTAInyLDw,Economics,2025-11-03T11:20:27.079946,filtered_subs
UC3TJi0V-Zc5mL1PkPah_Ptw,UQ Science,2025-11-03T11:20:27.079946,cached_for_llm
UCgZgYvJ0r3He-qiAjBhu35A,Fullintel,2025-11-03T11:20:27.079946,filtered_subs
UC0hph8p4fB5OMho20H_hpiA,Bloomberg Center for Cities at Harvard University,2025-11-03T11:20:27.079946,filtered_subs
UCn7oUV959X0PQ3wx4N8xnGA,Paranormal adventure ,2025-11-03T11:20:27.079946,filtered_subs
UCdFJqgt5FYi8qW5D5sso-Hg,American Patriots for Convention of States,2025-11-03T11:20:27.079946,filtered_subs
UCrp_UI8XtuYfpiqluWLD7Lw,CNBC Television,2025-11-03T11:20:27.079946,filtered_max_videos
UCHWXhYtSP5FN6y4qcBrSMbg,Jog - Topic,2025-11-03T11:20:27.079946,cached_for_llm
UCS0Sp0UfbRBxVRqLoz9JuSQ,KIDU (Kids' University),2025-11-03T11:20:27.079946,filtered_subs
UCpSr3zuNE4ZJoN1e2upu2Nw,CFR Education,2025-11-03T11:20:27.079946,cached_for_llm
UC2j1xhEnRoagIL5RdXOHvBg,Professor Leckrone,2025-11-03T11:20:27.079946,filtered_subs
UC99SmmX-YhR6jJWIIwvO__g,The Well Traveled,2025-11-03T11:20:27.079946,filtered_subs
UCBpOP2LvDw7l2j6phMgVYaA,Niharika Choudhary,2025-11-03T11:20:27.079946,filtered_country_IN
UCmuTmpLY35O3csvhyA6vrkg,TeleSUR English,2025-11-03T11:20:27.079946,filtered_max_videos
UCiQtJ9wVv8R-x7GKHzgZu8A,MorganWallenVEVO,2025-11-03T11:20:27.079946,cached_for_llm
UCGKEZI_Y8klYxCSIX_-dyNw,Freebandz Ent,2025-11-03T11:20:27.079946,cached_for_llm
UCoyVP_7TksKXPPOIC_3D77w,GovTalkToday,2025-11-03T11:20:27.079946,filtered_subs
UCKE86hHnKVGExM6jEZM747Q,Tech Might,2025-11-03T11:20:27.079946,filtered_country_PK
UCogMB5Dasui73w9DnCpObzA,Exploring Ancient Myths,2025-11-03T11:20:27.079946,filtered_subs
UCknLrEdhRCp1aegoMqRaCZg,DW News,2025-11-03T11:20:27.079946,filtered_max_videos
UCK7tptUDHh-RYDsdxO1-5QQ,The Wall Street Journal,2025-11-03T11:20:27.079946,filtered_max_videos
UCpJ2GGms6lnWLtuTX-PNY9Q,Recokh,2025-11-03T11:20:27.079946,cached_for_llm
UCU9ccRjKksigQicSlIRlcOQ,PodClip Vault,2025-11-03T11:20:27.079946,filtered_subs
UC6-URUKHVmFWSt_KdRsX8UA,Investing Basics,2025-11-03T11:20:27.079946,cached_for_llm
UCOgybRtXVaaJiJhnP0393jA,Miuka ,2025-11-03T11:20:27.079946,filtered_country_JP
UCSUx8XzYbinaF0whJYXHU8Q,Conservation Strategy Fund,2025-11-03T11:20:27.079946,cached_for_llm
UC7IcJI8PUf5Z3zKxnZvTBog,The School of Life,2025-11-03T11:20:27.079946,cached_for_llm
UCTTMyZa_MvGJu3v0vkNOhVg,Simplified Education,2025-11-03T11:20:27.079946,filtered_subs
UC9pGVgLJs9TLTmdVy4idwKA,Buzzfix,2025-11-03T11:20:27.079946,filtered_subs
UCrwtoexMB4UD7v2r9DS7zzw,Rizki Aditama | Sekolah Trading,2025-11-03T11:20:27.079946,filtered_max_videos
UC9nSKvcOz_By32iNZshwdKA,Traci Rowe,2025-11-03T11:20:27.079946,filtered_subs
UC8KeTcWfu3ThkasR-qFS_Ug,GUIDE IN DUBAI,2025-11-03T11:20:27.079946,filtered_country_AE
UCM9tLH0teI9WwmmAKH-xzsw,CMAC,2025-11-03T11:20:27.079946,filtered_subs
UCLjv1v1L9q708UFLbxIcvmg,Random Channel Ketelin,2025-11-03T11:20:27.079946,filtered_country_BR
UCKFQ0ZIOFeE0abOvqR13tiw,Reveal AI,2025-11-03T11:20:27.079946,filtered_subs
UCnCyxgGNUvNnpG-2cf8M6_w,ELT Buzz English,2025-11-03T11:20:27.079946,filtered_subs
UC35TDFl2IpUk61qhJL9sMOQ,Pop Goes Joe,2025-11-03T11:20:27.079946,filtered_subs
UCQrgetn1CTBp3aa3xzbeXJw,Yale Medicine,2025-11-03T11:20:27.079946,cached_for_llm
UCKuZHhneoyhEXe7G0pqR_bw,"Infoadda,👍💯",2025-11-03T11:20:27.079946,filtered_subs
UCw7hRkEAmkNFa16dxMkrjxA,Danni edits,2025-11-03T11:20:27.079946,filtered_subs
UCIJr9qiD_TtLgEcLxiRQTUA,Learn Basics,2025-11-03T11:20:27.079946,filtered_max_videos
UCL8Nxsa1LB9DrMTHtt3IKiw,Mashable,2025-11-03T11:20:27.079946,filtered_max_videos
UCOE69QrJB2HaDsL4oKRRVmg,Joseph DeBenedictis,2025-11-03T11:20:27.079946,cached_for_llm
UCcjrC8BFmC04Pjy9yiyJsag,Newcastle University,2025-11-03T11:20:27.079946,cached_for_llm
UCUi2SFPyyDNcsH2ZGpHyQIQ,magnify,2025-11-03T11:20:27.079946,skipped_few_videos
UC16niRr50-MSBwiO3YDb3RA,BBC News,2025-11-03T11:20:27.079946,filtered_max_videos
UCGINcKuFbysZAslgL46KeOA,The University of Chicago,2025-11-03T11:20:27.079946,filtered_max_videos
UCAMNEnixjT-RO9KiDb3E2iw,James Muldoon,2025-11-03T11:20:27.079946,cached_for_llm
UCB4NFn-8oipHct0IfAQBQrQ,Unnecessary Inventions,2025-11-03T11:20:27.079946,cached_for_llm
UCRFzfDmxPoedpWbO1zqE1yw,Universe Lair,2025-11-03T11:20:27.079946,skipped_few_videos
UC0ZpTXIPeVdQqKPIVUrTjiQ,FocusRx | Customized Career Coaching,2025-11-03T11:20:27.079946,cached_for_llm
UCkUDHpSP0xouVm5QNSJy9ew,Future Ai Robots,2025-11-03T11:20:27.079946,filtered_country_PK
UC3KbhYa4bXrOgIROdpmveNA,Cloud_was_here2,2025-11-03T11:20:27.079946,filtered_subs
UCZYTClx2T1of7BRZ86-8fow,SciShow,2025-11-03T11:20:27.079946,filtered_max_videos
UCoUxsWakJucWg46KW5RsvPw,Financial Times,2025-11-03T11:20:27.079946,filtered_max_videos
UC8916kFtQkupT41XVjfyZsg,UC Science,2025-11-03T11:20:27.079946,filtered_subs
UCyRlbLHHmuZ6QuHKY0yVnMg,Lowkey.Sophie,2025-11-03T11:20:27.079946,filtered_max_videos
UCwVRLP3k8WBM6zSIspcbdbw,LaMotivation,2025-11-03T11:20:27.079946,filtered_country_DE
UC2o9Vjg9g2mS6QPFGMV8duQ,Math Vibe,2025-11-03T11:20:27.079946,cached_for_llm
UCTPJmNNiLw9eqDac2WjlNIA,Ari,2025-11-03T11:20:27.079946,cached_for_llm
UCcKjc01cooAY0Do6AgMfGyQ,Meme Culture ,2025-11-03T11:20:27.079946,skipped_few_videos
UCTxUwcJJWYy63YgJbJXRF7g,Juicy J,2025-11-03T11:20:27.079946,cached_for_llm
UCg5WjzrwxRRUUDf7WHKPzsA,Kallaway,2025-11-03T11:20:27.079946,cached_for_llm
UCFkrm6TTxoXVicJVdVvpuTw,Chike Live,2025-11-03T11:20:27.079946,cached_for_llm
UC_Ynnj0GlRxKDW3w5SMDCzw,Tiny Tales English ,2025-11-03T11:20:27.079946,filtered_subs
UCLDQAez3vikRkZ0pDVwX5FQ,TATE-ZONE,2025-11-03T11:20:27.079946,filtered_subs
UCjXB7nX8bL2U2sje8d212Yw,Roland S. Martin,2025-11-03T11:20:27.079946,filtered_max_videos
UCaXkIU1QidjPwiAYu6GcHjg,MSNBC,2025-11-03T11:20:27.079946,filtered_max_videos
UChiVMDZtKPhOmLVZ6dCR1DA,Sky Jack Morgan,2025-11-03T11:20:27.079946,filtered_max_videos
UCvScrH2EyCHOWYtmctIphBQ,The History You Missed,2025-11-03T11:20:27.079946,filtered_subs
UCU98JVxJf-VQXbPQPNbkbQQ,Meditations for the anxious mind,2025-11-03T11:20:27.079946,cached_for_llm
UCLZRuu4dtysnQHn2TGxk93g,MindShift Clips,2025-11-03T11:20:27.079946,filtered_country_GR
UCBMQUaUg2GEnBL4i7S6Ouqg,Worldwide Traditions,2025-11-03T11:20:27.079946,filtered_subs
UC5Ghe5TBQGYIOANuiNW4hDQ,Garys Economics,2025-11-03T11:20:27.079946,cached_for_llm
UC754do8QLwcl8DEG2GBqFRA,Mind Mosaic,2025-11-03T11:20:27.079946,filtered_subs
UCZgQGZGfNkC8_jV-7iapKHA,The Rich And Famous Files,2025-11-03T11:20:27.079946,filtered_subs
UCv8p2XGz8k9rGL8neuqth_w,canadian zone ,2025-11-03T11:20:27.079946,filtered_subs
UCSs1vWPc1-EBVBkuSbMSCvA,Milou Pietersz,2025-11-03T11:20:27.079946,cached_for_llm
UC6lsKOED7uB6JbqBQDRROJA,Let's Learn Public Health,2025-11-03T11:20:27.079946,cached_for_llm
UCBZP9fXThLV-IN2NvYjGvaw,Loren Feldman,2025-11-03T11:20:27.079946,filtered_subs
UCUd_Tg0FoMZRvE-mReCz3Pw,InterPolAber,2025-11-03T11:20:27.079946,filtered_subs
UC7q-GcHyjCHkTpXCUTLzy7Q,Philosophy Overdose,2025-11-03T11:20:27.079946,cached_for_llm
UCdBsAaKfd0qpjTHf0voH1Yg,Biomeducated,2025-11-03T11:20:27.079946,filtered_country_BE
UCa281l3X0l09ixK5sy6vrCw,Prime point news,2025-11-03T11:20:27.079946,filtered_subs
UCg3ERB0zyFdl-N9_omCsLRg,Mr.PiwPiew,2025-11-03T11:20:27.079946,cached_for_llm
UCmEDdYsBjM0LkYWojQ8QN4A,Speech on success,2025-11-03T11:20:27.079946,filtered_country_IN
UCvC6KqMFj7ifnd-JH7hYtQA,Live Action,2025-11-03T11:20:27.079946,cached_for_llm
UCtylTUUVIGY_i5afsQYeBZA,Lyrical Lemonade,2025-11-03T11:20:27.079946,cached_for_llm
UC2DTNSotN6ceuu8ur4DRbmQ,Reddittia,2025-11-03T11:20:27.079946,filtered_subs
UCjQAJ5BfF4jdOMDvc0RCgzw,Tebtalks,2025-11-03T11:20:27.079946,filtered_subs
UCnbAQEeit5CJYnaoei5NGIA,Kyle Matthews,2025-11-03T11:20:27.079946,filtered_subs
UC8vLzAG8k1RatHCHd7nkFUw,Liminal Arcade,2025-11-03T11:20:27.079946,filtered_subs
UCv_PUh_dXWCCrZpU7lCw22w,Mushtaq Ahmad,2025-11-03T11:20:27.079946,filtered_country_PK
UCSIFu39z2Dy3vLVS_hlxsdQ,Blair (Whatitis),2025-11-03T11:20:27.079946,cached_for_llm
UCpMcsdZf2KkAnfmxiq2MfMQ,Arvin Ash,2025-11-03T11:20:27.079946,cached_for_llm
UCVY5YwwgpprO_2KEYz-cVrw,Government Analysis Function,2025-11-03T11:20:27.079946,filtered_subs
UCrw4-qe3kFZNdw51cKjr2XQ,BP International,2025-11-03T11:20:27.079946,filtered_subs
UCqlYzSgsh5jdtWYfVIBoTDw,Fox News Clips,2025-11-03T11:20:27.079946,filtered_max_videos
UCcvlLFpMy81h0gWTxPY-Jnw,Jonathan Miller Music,2025-11-03T11:20:27.079946,cached_for_llm
UCttwStSDBO0hlz6q6i3dvvQ,Jerry Shkavritko,2025-11-03T11:20:27.079946,filtered_subs
UCEKkDmdUcK1T3upDpYfb4zw,SpeltOut,2025-11-03T11:20:27.079946,filtered_country_IN
UCS6yG-bLRA9C8ayoPhE-HjQ,Ohio Senate Republicans,2025-11-03T11:20:27.079946,filtered_subs
UCUyDOdBWhC1MCxEjC46d-zw,Alex Hormozi,2025-11-03T11:20:27.079946,filtered_max_videos
UC3qW8yyZHOvif8hR32CdCUw,RicochetScience,2025-11-03T11:20:27.079946,cached_for_llm
UC5kZqMTfdy7qzzEisIoH_OQ,JadeRobin,2025-11-03T11:20:27.079946,cached_for_llm
UCFPvnkCZbHfBvV8ApBBE0vA,JJ Medicine,2025-11-03T11:20:27.079946,cached_for_llm
UCT3EznhW_CNFcfOlyDNTLLw,Minority Mindset,2025-11-03T11:20:27.079946,cached_for_llm
UC22s1Pa2i9p9EpRgiQ1DCuA,Engineering Drawing with Umang,2025-11-03T11:20:27.079946,filtered_country_IN
UC68TLK0mAEzUyHx5x5k-S1Q,Jeff Nippard,2025-11-03T11:20:27.079946,cached_for_llm
UCZ0PirxURj8AWtBIdIVSF9Q,𝐒𝐭𝐮𝐝𝐲 𝐊𝐨𝐫𝐨,2025-11-03T11:20:27.079946,filtered_country_IN
UCKX8qlNu2v4m0bCkhd7jicA,Haley Kalil,2025-11-03T11:20:27.079946,filtered_max_videos
UCpp_h9ZN0NnXoFgLmrs4MFg,Julian Camacho,2025-11-03T11:20:27.079946,filtered_subs
UCT6zcE-d5Rlc2xto-1lNjgA,Diary of 4,2025-11-03T11:20:27.079946,filtered_max_videos
UCCkAre3VdvbZz6p6gsbnHVA,IAS Illumine,2025-11-03T11:20:27.079946,filtered_country_IN
UCXLZUvZ6cNnkLiJOIoXPhew,Griffith University,2025-11-03T11:20:27.079946,cached_for_llm
UCa9gErQ9AE5jT2DZLjXBIdA,Shaw Talebi,2025-11-03T11:20:27.079946,cached_for_llm
UC8N-CwxI4qz1wMT-bL9maFw,The Singing History Teachers,2025-11-03T11:20:27.079946,cached_for_llm
UCGSGPehp0RWfca-kENgBJ9Q,JREG,2025-11-03T11:20:27.079946,cached_for_llm
UCXdBRizIkHWp-DLW-SCqP_Q,House Of Facts,2025-11-03T11:20:27.079946,filtered_subs
UCvIXLhbRYn9MRqzquBqM8SA,Natalie Frank,2025-11-03T11:20:27.079946,filtered_subs
UC4EBMTzT0PWXBOJYBFVSEUg,Controlled Chaos,2025-11-03T11:20:27.079946,filtered_subs
UCC03-Rich_1-C5sJ2QQAhWA,Jimmy Zhang,2025-11-03T11:20:27.079946,cached_for_llm
UCKtK890BFXJ9TVy80uUv48Q,The Halfie Project,2025-11-03T11:20:27.079946,cached_for_llm
UC-63BXrSjNIPSJPc4DAO7eg,EXC Awards,2025-11-03T11:20:27.079946,filtered_subs
UCA1pil7GfHhJugZAhrDtTVQ,Surgical Knowledge,2025-11-03T11:20:27.079946,filtered_country_PK
UCroz7JPK0OvdqlF3z0gBOIw,Earth and Space Sciences X,2025-11-03T11:20:27.079946,cached_for_llm
UCc9DHAB22pmnG6r7tC3r4cw,Richard Huish College,2025-11-03T11:20:27.079946,filtered_subs
UCHWuOgeqt-c1aqCQhHdHGlw,Nta Net Preparation,2025-11-03T11:20:27.079946,filtered_country_IN
UCKWoQf6ANuOclrBz5W7ryfQ,Relive History,2025-11-03T11:20:27.079946,filtered_subs
UC8p1vwvWtl6T73JiExfWs1g,CBS News,2025-11-03T11:20:27.079946,filtered_max_videos
UCKK-wEyeX_J6f1U_33MfhRw,Secondary Skills,2025-11-03T11:20:27.079946,filtered_subs
UCfhEE36NCJOtTduGE4ECxjg,majoryungnigga,2025-11-03T11:20:27.079946,filtered_subs
UCNw6eXUbyv-Dk39SSSeE69A,Science and Art of Public Health,2025-11-03T11:20:27.079946,filtered_subs
UCDCEnqrxozcG72G9wZIEThQ,The NewDEAL,2025-11-03T11:20:27.079946,filtered_subs
UCxCUXiehh4AUVWqC4lZ9wIQ,BrainFriend,2025-11-03T11:20:27.079946,filtered_subs
UCBi2mrWuNuyYy4gbM6fU18Q,ABC News,2025-11-03T11:20:27.079946,filtered_max_videos
UCjPX6GE9CKFm7feaRyUPXZw,Korczyk's Class,2025-11-03T11:20:27.079946,cached_for_llm
UCtMGrbxf3_cmpHlRPNgKFtg,Technology Dash,2025-11-03T11:20:27.079946,filtered_subs
UC67L7LUp7rfH6Az8tCuay4g,Inside the Lyrics,2025-11-03T11:20:27.079946,filtered_subs
UCEik-U3T6u6JA0XiHLbNbOw,Bozeman Science,2025-11-03T11:20:27.079946,cached_for_llm
UCEvJa4PqhUgp3opS7z1sAAw,"Dr. Chris, PharmD",2025-11-03T11:20:27.079946,filtered_subs
UCf1jN421MvkLJGO0a8SKe5A,The Conscious Commune ,2025-11-03T11:20:27.079946,skipped_few_videos
UC9hJ2UnFDCp1BOZ0moL69QQ,KonicaMinoltaUS,2025-11-03T11:20:27.079946,filtered_subs
UCUqHcOmcznOSgNjMJ7qEzIg,AHRQ Primary Care,2025-11-03T11:20:27.079946,filtered_subs
UCM_PsKK4kvrOTNrHlsgK6pQ,Marketing Explained,2025-11-03T11:20:27.079946,filtered_country_ES
UCA_QWzlCfKpEYTV0Urr7cUg,Wesleyblack,2025-11-03T11:20:27.079946,skipped_few_videos
UCH_MsVVRSlZXrk_PkGEfbxw,Can We Talk? Hosted by Dan Mason,2025-11-03T11:20:27.079946,filtered_subs
UCpVm7bg6pXKo1Pr6k5kxG9A,National Geographic,2025-11-03T11:20:27.079946,filtered_max_videos
UCNye-wNBqNL5ZzHSJj3l8Bg,Al Jazeera English,2025-11-03T11:20:27.079946,filtered_max_videos
UCTAgbu2l6_rBKdbTvEodEDw,Nerdist,2025-11-03T11:20:27.079946,filtered_max_videos
UCQxbkY1l9orvoMLv04pCOcQ,The Science Fact,2025-11-03T11:20:27.079946,filtered_country_IN
UCN7n6IeXXm9Zz5mgV_PgZHg,The Art of Being Human,2025-11-03T11:20:27.079946,filtered_country_ID
UC7kIy8fZavEni8Gzl8NLjOQ,Alex O'Connor,2025-11-03T11:20:27.079946,cached_for_llm
UCxRSpkGOH_09pxKvgD8S5jQ,Study of Antiquity and the Middle Ages,2025-11-03T11:20:27.079946,cached_for_llm
UCupvZG-5ko_eiXAupbDfxWw,CNN,2025-11-03T11:20:27.079946,filtered_max_videos
UCIbCkxo18-nUxbIsoD0ozLw,@economicsiskingofwealth,2025-11-03T11:20:27.079946,filtered_subs
UCPghbLaIQHVWsnphUSj6mZQ, Basics of Sociology ,2025-11-03T11:20:27.079946,filtered_subs
UCyFRcOLzOYZe462jYCNag8g,Jimi Moso,2025-11-03T11:20:27.079946,skipped_few_videos
UCZYs8Q3tCiuFLB0kECN-b1Q, Hyper Rocky,2025-11-03T11:20:27.079946,filtered_country_IN
UCK08RpWeZV6EygZYgZN8xpA,OpenTuition,2025-11-03T11:20:27.079946,filtered_max_videos
UCqDNzPPYBBenLgu5IuyT9sg,Matt Fyfield,2025-11-03T11:20:27.079946,filtered_subs
UCH1dpzjCEiGAt8CXkryhkZg,Bernie Sanders,2025-11-03T11:20:27.079946,cached_for_llm
UCGaSR-bOUU1XLGq9d4POpJw,Unsupervised Nerds,2025-11-03T11:20:27.079946,filtered_subs
UC-pL0CeQdSClY-z4V8iNK-g,Impossible Science,2025-11-03T11:20:27.079946,skipped_few_videos
UCt8lRYpzb-sSrKFb4DT2ECw,American Enterprise Institute,2025-11-03T11:20:27.079946,filtered_max_videos
UCQfwfsi5VrQ8yKZ-UWmAEFg,FRANCE 24 English,2025-11-03T11:20:27.079946,filtered_max_videos
UC5Dyz7MH395_C7o-nUrzjUw,POLITICAL SCIENCE TUTORIALS,2025-11-03T11:20:27.079946,filtered_country_IN
UCEGgBQHA20NHvXaekAdiOmQ,Bruce Ke,2025-11-03T11:20:27.079946,skipped_few_videos
UCt8xPLI3TnRXYUQbGdMf_IQ,Evangelical Times,2025-11-03T11:20:27.079946,filtered_subs
UCggXQcy57bwxUeZI1LB8DCw,Tech Is The New Black,2025-11-03T11:20:27.079946,cached_for_llm
UCY6DpwQetygtye7GM1zVHmw,tiffanyferg,2025-11-03T11:20:27.079946,cached_for_llm
UC-mLb2dq2Q0aThykHmXatCg,MES e-Learning,2025-11-03T11:20:27.079946,filtered_country_IN
UCzWQYUVCpZqtN93H8RR44Qw,Seeker,2025-11-03T11:20:27.079946,filtered_max_videos
UCf_tUhlRBFHi1bElzwMWTgg,Desan Art,2025-11-03T11:20:27.079946,filtered_country_IN
