Discovered_Channel_Name,Original_Tier,Original_LLM_Score,Original_Niche,is_competitor,confidence,reason
Benny Johnson,2,0.76,Politics - Talking-Head Analysis,False,High,"The Seed channel focuses on societal issues and cultural commentary, while the Candidate channel centers on political news and conservative commentary, indicating a mismatch in both format and niche."
PEEPER,2,0.73,Celebrity Gossip - Talking-Head Analysis,False,High,"The Seed channel focuses on societal issues and cultural commentary, while the Candidate channel is centered around celebrity gossip and drama, indicating a significant niche mismatch despite some overlapping keywords."
Amala Ekpunobi,1,0.82,Culture Critique - Talking-Head Analysis,True,High,"Both channels focus on cultural commentary and social issues, utilizing a similar talking-head analysis format to discuss trending topics and societal critiques."
Film Cooper,2,0.76,Pop Culture Commentary - Talking-Head Analysis,True,High,"Both channels focus on celebrity news and pop culture commentary, utilizing a similar talking-head analysis format to discuss societal issues and trends."
Raven Schwam-Curtis ,2,0.76,Political Commentary - Talking-Head Analysis,False,High,"The Seed channel focuses on societal issues and cultural commentary, while the Candidate channel centers on political analysis and social justice, indicating a mismatch in both format and niche."
Thinking What,2,0.73,Political Commentary - Talking-Head Analysis,False,High,"The Seed channel focuses on societal and cultural commentary, while the Candidate channel is centered around political commentary, indicating a format mismatch and different niche focus."
Timcast,2,0.73,Politics - Talking-Head Analysis,False,High,"The Seed channel focuses on societal issues and cultural commentary, while the Candidate channel is centered on political analysis and commentary, indicating a format mismatch and differing primary topics."
TMR,2,0.73,Media Critique - Talking-Head Analysis,False,High,"The Seed channel focuses on societal issues and cultural commentary, while the Candidate channel emphasizes political commentary and critiques, indicating a format mismatch in intent and a niche divergence."
The Royal Spotlight,2,0.73,Celebrity Gossip - Talking-Head Analysis,False,High,"The Seed channel focuses on societal issues and cultural commentary, while the Candidate channel is centered on celebrity gossip and entertainment news, indicating a significant niche mismatch."
Dark Waters,2,0.76,Political News - Talking-Head Analysis,False,High,"The Seed channel focuses on cultural and societal commentary while the Candidate channel is centered on conservative political news and analysis, indicating a mismatch in both format and niche."
Misha Petrov,2,0.76,Social Commentary - Talking-Head Analysis,False,High,"The Seed channel focuses on societal issues and cultural commentary, while the Candidate channel emphasizes political commentary and cultural analysis, leading to a format mismatch and differing niche focus."
Tom Nicholas,2,0.73,Politics - Talking-Head Analysis,False,High,"The Seed channel focuses on societal issues and cultural commentary, while the Candidate channel centers on political analysis and current affairs, indicating a mismatch in both format and niche."
The Young Turks,2,0.76,Politics - Talking-Head Analysis,False,High,"The Seed channel focuses on societal issues and cultural commentary, while the Candidate channel primarily covers political news and analysis, indicating a mismatch in both format and niche."
The Daily Show,2,0.73,News and Politics - Satirical Commentary,False,High,"The Seed channel focuses on societal issues and cultural commentary, while the Candidate channel is centered on political satire and news analysis, indicating a format mismatch and differing primary topics."
The Rational National,2,0.76,Political Commentary - Talking-Head Analysis,False,High,"The Seed channel focuses on societal issues and cultural commentary, while the Candidate channel is centered on political commentary and media criticism, indicating a mismatch in both format and niche."
Then & Now,2,0.76,Political Commentary - Talking-Head Analysis,False,High,"The Seed channel focuses on societal issues and cultural commentary, while the Candidate channel centers on political commentary and historical analysis, resulting in a format mismatch and differing niches."
SiahSpeaks ,2,0.76,Social Commentary - Talking-Head Analysis,True,High,"Both channels focus on cultural and societal commentary, with similar formats of analysis and discussion on modern societal issues."
Tucker Carlson Network,2,0.76,Politics - Talking-Head Analysis,False,High,"The Seed channel focuses on societal issues and cultural commentary, while the Candidate channel is centered on political analysis and conservative viewpoints, indicating a mismatch in both format and niche."
