Seed_Channel_Name,Seed_Channel_ID,Seed_Niche,Discovered_Channel_Name,Discovered_Channel_ID,Discovered_Channel_URL,Discovered_Subs,Discovered_Video_Count,Discovered_Niche,Language,LLM_Score,Embedding_Score,Discovered_Channel_Description,Discovered_Keywords,Seed_Keywords,Level,Timestamp,Discovered_Country
Ali Abdaal,UCoOae5nYA7VqaXzerajD0lg,Productivity - Educational Tutorials,Codie Sanchez,UC5fI3kxC-ewZ6ZXEYgznM7g,https://www.youtube.com/@codiesanchezct,1940000,663,Entrepreneurship - Talking-Head Analysis,en,0.88,0.934,"I worked on Wall Street for 15+ years so you don’t have to. 

My mission? Help you and I own and grow local businesses. One business at a time, we take back control and cash flow.

I’m the CEO of Contrarian Thinking and a NYT bestselling author of Main Street Millionaire.
→ Owner: Resibrands, BizScout, Main St. Holding Co
→ Investor in 30+ startups via Contrarian Thinking Capital

This channel is your no-gatekeeping playbook for building wealth through real businesses.
Let’s take back Main Street.

Need funding? Shop and compare lenders in minutes + get up to $2M—with no credit hit for exploring your options. Start here →  https://sofi.com/codie *affiliate link
","start a business, small business ideas, entrepreneurship tips, business growth, service business, financial freedom, passive income, make money online, wealth building, money mindset, productivity tips, self improvement, time management, life design, habits and routines, career growth, how to succeed, career tips, professional development, job skills, investment ideas, wealth management, investing for beginners, build wealth, financial planning","build a business, lifestyle business, boring business ideas, entrepreneurship 2025, make money online, business ideas for beginners, how to start a business, financial freedom, get rich, passive income, how to make money, wealth building, millionaire habits, money mindset, productivity tips, how to change your life, self improvement, time management, habits and routines, discipline and motivation, overthinking, youtube growth, how to start a youtube channel, creator business, content creator, personal brand, solopreneur, ai for entrepreneurs, ai productivity tools, how to use ai for business, ai workflow, ai tools 2025",1,2025-10-29T21:12:42.419506,Unknown
Ali Abdaal,UCoOae5nYA7VqaXzerajD0lg,Productivity - Educational Tutorials,The Koerner Office Business Ideas,UCzjpCGEXR7BU-_SJSl59CGQ,https://www.youtube.com/@thekoernerofficeideas,87000,542,Entrepreneurship - Talking-Head Analysis,en,0.85,0.928,This is the official Koerner Office business ideas channel.,"business ideas 2025, unique business ideas, small business ideas, startup ideas, entrepreneurship ideas, ice cream industry, industry analysis, market trends, business breakdown, industry secrets, how to start a business, entrepreneur tips, startup advice, business growth, entrepreneur journey, make money online, passive income, financial freedom, wealth building, investment ideas, productivity tips, self improvement, time management, habits and routines, life design","build a business, lifestyle business, boring business ideas, entrepreneurship 2025, make money online, business ideas for beginners, how to start a business, financial freedom, get rich, passive income, how to make money, wealth building, millionaire habits, money mindset, productivity tips, how to change your life, self improvement, time management, habits and routines, discipline and motivation, overthinking, youtube growth, how to start a youtube channel, creator business, content creator, personal brand, solopreneur, ai for entrepreneurs, ai productivity tools, how to use ai for business, ai workflow, ai tools 2025",1,2025-10-29T20:24:53.050076,Unknown
Ali Abdaal,UCoOae5nYA7VqaXzerajD0lg,Productivity - Educational Tutorials,Alex Hormozi,UCUyDOdBWhC1MCxEjC46d-zw,https://www.youtube.com/@alexhormozi,3740000,4056,Entrepreneurship - Talking-Head Analysis,en,0.85,0.923,"Founder Acquisition.com, Co-Founder Skool.com. My new book $100M Money Models is out. [3.6M copies sold] Get yours now at https://go.acq.com
","scale a business, business growth, entrepreneur tips, start a business, business ideas 2025, financial freedom, make money online, wealth building, passive income, money mindset, productivity tips, self improvement, time management, habits and routines, discipline and motivation, self improvement, personal growth, life success, mindset shift, goal setting, career growth, success tips, professional development, career advice, how to succeed","build a business, lifestyle business, boring business ideas, entrepreneurship 2025, make money online, business ideas for beginners, how to start a business, financial freedom, get rich, passive income, how to make money, wealth building, millionaire habits, money mindset, productivity tips, how to change your life, self improvement, time management, habits and routines, discipline and motivation, overthinking, youtube growth, how to start a youtube channel, creator business, content creator, personal brand, solopreneur, ai for entrepreneurs, ai productivity tools, how to use ai for business, ai workflow, ai tools 2025",1,2025-10-29T20:51:24.151432,Unknown
Ali Abdaal,UCoOae5nYA7VqaXzerajD0lg,Productivity - Educational Tutorials,Mark Tilbury,UCxgAuX3XZROujMmGphN_scA,https://www.youtube.com/@marktilbury,7090000,286,Entrepreneurship - Talking-Head Analysis,en,0.79,0.887,"I firmly believe that anyone who learns the skill sets of a millionaire can become a millionaire, ANYONE.

My Story: 

I left school at 16 with no qualifications and no money. No one believed in me especially my teachers. My first job was making wooden trash cans, and it paid less than $2 per hour. My manager bullied me and gave me all the bad jobs. I decided to quit and start my own business, it was a big risk.

30 years later...

I run a multi-million dollar business. I have grossed over 50 million. I have the house of my dreams and most importantly I have the freedom to spend time with my family. 

Now I want to help you become financially free as well. 

Socials name is @MarkTilbury on Tiktok, YouTube, Twitter & IG📸

","financial freedom, credit card tips, money management, wealth building, how to save money, start a business, business ideas, entrepreneur tips, business growth, how to succeed, self improvement, life success, motivation tips, personal growth, how to win, why people are poor, economic traps, financial pitfalls, banking secrets, money myths","build a business, lifestyle business, boring business ideas, entrepreneurship 2025, make money online, business ideas for beginners, how to start a business, financial freedom, get rich, passive income, how to make money, wealth building, millionaire habits, money mindset, productivity tips, how to change your life, self improvement, time management, habits and routines, discipline and motivation, overthinking, youtube growth, how to start a youtube channel, creator business, content creator, personal brand, solopreneur, ai for entrepreneurs, ai productivity tools, how to use ai for business, ai workflow, ai tools 2025",1,2025-10-29T20:54:51.308696,Unknown
Ali Abdaal,UCoOae5nYA7VqaXzerajD0lg,Productivity - Educational Tutorials,Stefanovic,UC0GmdVKZhMM3Rmielp4oVAA,https://www.youtube.com/@stefanovic92,327000,108,Tech Careers - Talking-Head Analysis,en,0.76,0.827,"Escape the 9-5. Live your Dream Life. Sharing my lessons along this journey.
","escape 9 to 5, freelance success, freelance career, freelance income, freelance tips, data analyst jobs, data analysis career, python data analysis, data analyst skills, data camp courses, financial freedom, make money online, passive income, earn more money, financial independence, productivity tips, life design, work life balance, self improvement, time management","build a business, lifestyle business, boring business ideas, entrepreneurship 2025, make money online, business ideas for beginners, how to start a business, financial freedom, get rich, passive income, how to make money, wealth building, millionaire habits, money mindset, productivity tips, how to change your life, self improvement, time management, habits and routines, discipline and motivation, overthinking, youtube growth, how to start a youtube channel, creator business, content creator, personal brand, solopreneur, ai for entrepreneurs, ai productivity tools, how to use ai for business, ai workflow, ai tools 2025",1,2025-10-29T20:42:04.248934,Unknown
Ali Abdaal,UCoOae5nYA7VqaXzerajD0lg,Productivity - Educational Tutorials,Money Making Community,UCmPCw8O8vVicoPvgWsIorhg,https://www.youtube.com/@moneymakingcommunity,140000,169,Entrepreneurship - Talking-Head Analysis,en,0.76,0.924,This is the place where Future Billionaires come to get inspired! 🚀,"build a business, entrepreneurship tips, business ideas 2025, how to start a business, make money online, financial freedom, passive income, wealth building, money mindset, millionaire habits, ai for business, ai future, ethical ai, ai tools 2025, tech innovations, elon musk insights, sam altman views, mark zuckerberg news, peter thiel advice, tech leaders, company history, business empire, corporate scandal, startup stories, business analysis","build a business, lifestyle business, boring business ideas, entrepreneurship 2025, make money online, business ideas for beginners, how to start a business, financial freedom, get rich, passive income, how to make money, wealth building, millionaire habits, money mindset, productivity tips, how to change your life, self improvement, time management, habits and routines, discipline and motivation, overthinking, youtube growth, how to start a youtube channel, creator business, content creator, personal brand, solopreneur, ai for entrepreneurs, ai productivity tools, how to use ai for business, ai workflow, ai tools 2025",1,2025-10-29T21:17:49.681233,Unknown
