video_id,title,description,published_at,duration_seconds,is_short,Channel_Name,Channel_ID,channel_description
nH56nlI1QXo,The Myth of the Alpha Wolf,,2025-06-16 21:17:57,181,False,Pop Culture Detective,UCHiwtz2tCEfS17N9A-WoSSw,"Video essays exploring the intersections of politics, masculinity, and entertainment. Hosted by Jonathan McIntosh.

Help me make more videos!
https://www.patreon.com/popdetective"
kpvpadX5mwM,The Myth of the Alpha Male,"There’s no such thing as an “alpha male.” It’s a false myth with no bases in biology or science. That fact, however, hasn’t stopped the pseudoscience behind a natural dominance hierarchy among men from spreading like a virus through our media culture.  PATREON https://www.patreon.com/popdetective PAYPAL https://www.paypal.me/popdetective WISHLIST https://www.amazon.com/hz/wishlist/ls/VPZW4GU512ON?ref_=wl_share  REFERENCES • Dr. David Mech explains why the term ""alpha wolf"" is wrong https://youtu.be/tNtFgdwTsbU?feature=shared • Frans de Waal debunks the aggressive ""alpha male"" myth in apes https://www.youtube.com/watch?v=inx2dMobzYs • Frans de Waal on The Surprising Science of ""alpha male"" Apes https://www.youtube.com/watch?v=BPsSKKL8N0s • The Will to Change: Men, Masculinity, and Love by bell hooks https://www.powells.com/book/will-to-change-men-masculinity-love-9780743456081  SUBTITLES • Help translate this video over on Amara https://amara.org/videos/DqYhZzpMT8t2/info/the-myth-of-the-alpha-male/  TEXT TRANSCRIPT  • Coming soon  COMMENTS Some YouTube comments are held for approval to reduce the number of trolls. If you'd like to participate in constructive online conversations about this video, please share it on your social media networks.  FAIR USE All multimedia clips included in this video constitute a 'fair use' of any copyrighted material as provided for in Section 107 of U.S. Copyright law, which allows for criticism, comment and scholarship. Learn more about fair use with this awesome app by New Media Rights! http://newmediarights.org/fairuse",2025-05-27 20:25:40,1897,False,Pop Culture Detective,UCHiwtz2tCEfS17N9A-WoSSw,"Video essays exploring the intersections of politics, masculinity, and entertainment. Hosted by Jonathan McIntosh.

Help me make more videos!
https://www.patreon.com/popdetective"
_yl0LJH-nFM,"Human Nature, Hope & Ice Cream","Political scholar Noam Chomsky used to do a thought experiment to combat cynicism about human nature involving an ice cream cone. This video explores Chomsky's rhetorical arguments on the topic through the lens of popular culture.   PATREON https://www.patreon.com/popdetective PAYPAL https://www.paypal.me/popdetective WISHLIST https://www.amazon.com/hz/wishlist/ls/VPZW4GU512ON?ref_=wl_share  REFERENCES • Bill Moyers interview with Noam Chomsky (1988) https://www.youtube.com/watch?v=mEYJMCydFNI • Mutual Aid: An Illuminated Factor of Evolution by Peter Kropotkin https://pmpress.org/index.php?l=product_detail&p=1185 • Ice Cream story appears in ""Understanding Power: The Indispensable Chomsky"" https://thenewpress.com/books/understanding-power • The Mean World Syndrome https://www.youtube.com/watch?v=ylhqasb1chI  SUBTITLES • Help translate this video over on Amara https://amara.org/videos/jwD4kkcqq3ww/info/human-nature-hope-ice-cream/  TEXT TRANSCRIPT  • Coming soon  COMMENTS Some YouTube comments are held for approval to reduce the number of trolls. If you'd like to participate in constructive online conversations about this video, please share it on your social media networks.",2024-11-09 00:07:24,691,False,Pop Culture Detective,UCHiwtz2tCEfS17N9A-WoSSw,"Video essays exploring the intersections of politics, masculinity, and entertainment. Hosted by Jonathan McIntosh.

Help me make more videos!
https://www.patreon.com/popdetective"
rK66s7VQmXE,Patriarchy According to The Barbie Movie,"This video essay uses the Barbie Movie as a primer to help explain what patriarchy actually is, what it isn't, and how it ends up harming everyone, including men.   PATREON https://www.patreon.com/popdetective PAYPAL https://www.paypal.me/popdetective  REFERENCES • The Gender Knot: Unraveling Our Patriarchal Legacy by Allan G Johnson • The Will to Change: Men, Masculinity, and Love by bell hooks • Masculinities by R. W. Connell  VIDEOS • Longer supercut of conservatives freaking out https://www.patreon.com/posts/behind-scenes-95631754 •  Longer supercut of fictional characters saying the word patriarchy  https://www.patreon.com/posts/another-behind-97665659 •  Supercut of fictional male characters saying the word patriarchy  https://www.patreon.com/posts/behind-scenes-3-99506234 • Julia Fox Takes A lie Detector Test https://www.vanityfair.com/video/watch/lie-detector-test-vf-lie-detector-julia-fox  SUBTITLES • Help translate this video over on Amara https://amara.org/videos/H0IvWPZJuDKv/info/patriarchy-according-to-the-barbie-movie/  TEXT TRANSCRIPT  • Coming soon  COMMENTS Some YouTube comment may be held for approval to reduce the number of trolls. If you'd like to participate in constructive online conversations about this video, please share it on your social media networks.",2024-05-09 22:33:09,1981,False,Pop Culture Detective,UCHiwtz2tCEfS17N9A-WoSSw,"Video essays exploring the intersections of politics, masculinity, and entertainment. Hosted by Jonathan McIntosh.

Help me make more videos!
https://www.patreon.com/popdetective"
SArtgoMMDNg,Searching for Humanity in Fortnite,"Can you win Fortnite's Battle Royale as a pacifist? Can you make friends with opponents during a death match? Come with me on a journey as I try to break Fortnite by acting like a Care Bear on a battlefield.  PATREON https://www.patreon.com/popdetective PAYPAL https://www.paypal.me/popdetective WISHLIST https://www.amazon.com/hz/wishlist/ls/VPZW4GU512ON?ref_=wl_share  GAMES MENTIONED • Book of Travels (Early Access) https://www.mightanddelight.com/book-of-travels • Palia (Public beta)  https://palia.com • Codename: Islands https://meetyourisland.com/ • Communite https://jimjum.itch.io/communite • Loftia  https://loftia.gg • Meadow https://store.steampowered.com/app/486310/Meadow • Sky: Children of the Light  https://www.thatskygame.com/  REFERENCES • John Green plays Fortnite as a pacifist:  https://www.youtube.com/watch?v=XjRa1RQhy-w • The real Lord of the Flies article by Rutger Bergman: https://www.theguardian.com/books/2020/may/09/the-real-lord-of-the-flies-what-happened-when-six-boys-were-shipwrecked-for-15-months • The Castaways documentary film from 1966: https://www.youtube.com/watch?v=DYebOCCoTYM • Humankind by Rutger Bregman: https://www.powells.com/book/-9780316418539/1-11 • Fortnite Players Roleplaying As Taxi Drivers: https://www.gamespot.com/articles/fortnite-players-are-roleplaying-as-taxi-drivers/1100-6480764/ • Crash Course Literature - Lord of the Flies: https://www.youtube.com/watch?v=WfNiQBXmPw8  POP DETECTIVE PODCAST • Apple Podcasts https://podcasts.apple.com/us/podcast/pop-culture-detective-audio-files/id1585512628 • Spotify: https://open.spotify.com/show/2C6SdbT75mdRp2jRyvuLfa • Google Podcasts: https://podcasts.google.com/feed/aHR0cHM6Ly9wb3BjdWx0dXJlZGV0ZWN0aXZlLmFnZW5jeS9mZWVkL3BvZGNhc3Q  SUBTITLES • Help translate this video over on Amara https://amara.org  TEXT TRANSCRIPT  • Coming soon  COMMENTS Some YouTube comments are held for approval to reduce the number of trolls. If you'd like to participate in constructive online conversations about this video, please share it on your social media networks.",2023-11-01 04:00:15,1818,False,Pop Culture Detective,UCHiwtz2tCEfS17N9A-WoSSw,"Video essays exploring the intersections of politics, masculinity, and entertainment. Hosted by Jonathan McIntosh.

Help me make more videos!
https://www.patreon.com/popdetective"
HhNLkKw7ClM,Solarpunk and How We Escape Dystopia with @Andrewism - Audio Episode 10,"In this episode we explore a relatively new subgenre of science fiction called Solarpunk, which aims to imagine better, more ecologically harmonious, futures on earth. In many ways Solarpunk is a reaction to both the real-world climate crisis and to the many apocalyptic visions of collapse filling our screens. Andrew Sage from the YouTube channel @Andrewism  joins host Jonathan McIntosh and friend of the show Carl Williams for this conversation.  FOLLOW OUR PODCAST Spotify: https://open.spotify.com/show/2C6SdbT75mdRp2jRyvuLfa Apple Podcasts: https://podcasts.apple.com/us/podcast/pop-culture-detective-audio-files/id1585512628 Google Podcasts: https://podcasts.google.com/feed/aHR0cHM6Ly9wb3BjdWx0dXJlZGV0ZWN0aXZlLmFnZW5jeS9mZWVkL3BvZGNhc3Q Our website: https://popculturedetective.agency/podcast  PATREON https://www.patreon.com/popdetective  PAYPAL https://www.paypal.me/popdetective  WISHLIST https://www.amazon.com/hz/wishlist/ls/VPZW4GU512ON?ref_=wl_share  LINKS & REFERENCES • The Andrewism YouTube Channel https://www.youtube.com/c/Andrewism • Walkaway by Cory Doctorow https://craphound.com/category/walkaway/ • Ecotopia by Ernest Callenbach https://www.penguinrandomhouse.com/books/23059/ecotopia-by-ernest-callenbach/ • Sunvault: Stories of Solarpunk and Eco-Speculation https://upperrubberboot.com/sunvault/ • Fighting for the Future edited by Phoebe Wagner  https://www.kickstarter.com/projects/androidpress/fighting-for-the-future • Parable of the Sower by Octavia Butler https://en.wikipedia.org/wiki/Parable_of_the_Sower_(novel) • Princess Mononoke from Studio Ghibli https://letterboxd.com/film/princess-mononoke/ • The Ones Who Walk Away from Omelas by Ursula K. Le Guin https://en.wikipedia.org/wiki/The_Ones_Who_Walk_Away_from_Omelas • Emergency Skin by N. K. Jemisin https://en.wikipedia.org/wiki/Emergency_Skin • Monk and Robot book series by Becky Chambers https://us.macmillan.com/series/monkrobot • Disney’s Strange Solarpunk World  https://www.youtube.com/watch?v=rqQJHja9qxU • Dear Alice from THE LINE https://www.youtube.com/watch?v=z-Ng5ZvrDm4 • Dear Alice’ Decommodified Edition by Waffle To The Left https://www.youtube.com/watch?v=UqJJktxCY9U • Our History Is the Future by Nick Estes https://www.versobooks.com/products/600-our-history-is-the-future • 3000-Year-Old Solutions to Modern Problems by Lyla June  https://www.youtube.com/watch?v=eH5zJxQETl4 • Capitalist Realism by Mark Fisher https://en.wikipedia.org/wiki/Capitalist_Realism  * Background image is the cover of the first book in the Monk and Robot series entitled ""Psalm for the Wild-Built.""  FAIR USE All multimedia clips included in this podcast constitute a ‘fair use’ of any copyrighted material as provided for in Section 107 of U.S. Copyright law, which allows for criticism, comment and scholarship. Learn more about fair use via New Media Rights!   CREDITS Audio production: Jonathan McIntosh Intro music: Simon Stålenhag Outro music: Rick Lopez",2023-05-29 20:16:26,3218,False,Pop Culture Detective,UCHiwtz2tCEfS17N9A-WoSSw,"Video essays exploring the intersections of politics, masculinity, and entertainment. Hosted by Jonathan McIntosh.

Help me make more videos!
https://www.patreon.com/popdetective"
rqQJHja9qxU,In Defense of Disney’s Strange Solarpunk World,"Exploring the surprisingly radical ecological messages in Disney's Strange World. The movie's visuals are borrowed from old pulp adventure magazines but its theme has much more in common with Solarpunk narratives.  PATREON https://www.patreon.com/popdetective PAYPAL https://www.paypal.me/popdetective WISHLIST https://www.amazon.com/hz/wishlist/ls/VPZW4GU512ON?ref_=wl_share  RESOURCES • Lyla June's talk ""3000-Year-Old Solutions To Modern Problems: https://www.youtube.com/watch?v=eH5zJxQETl4 • Decommodified version of  ""Dear Alice"" by Waffle To The Left: https://www.youtube.com/watch?v=UqJJktxCY9U • The Monk and Robot series by Becky Chambers  https://us.macmillan.com/series/monkrobot • Mock ""Clean Coal"" commercial by The Coen brothers https://www.youtube.com/watch?v=W-_U1Z0vezw • Join The Sunrise Movement:  https://www.sunrisemovement.org • The Dawn of Everything: A New History of Humanity https://us.macmillan.com/books/9780374157357/thedawnofeverything • ""What is Solarpunk?"" by Andrewism https://www.youtube.com/watch?v=hHI61GHNGJM • ""Why Solarpunk is not enough"" by Andrewism https://www.youtube.com/watch?v=rKaSb2gi1Ew  POP DETECTIVE PODCAST • Apple Podcasts https://podcasts.apple.com/us/podcast/pop-culture-detective-audio-files/id1585512628 • Spotify: https://open.spotify.com/show/2C6SdbT75mdRp2jRyvuLfa • Google Podcasts: https://podcasts.google.com/feed/aHR0cHM6Ly9wb3BjdWx0dXJlZGV0ZWN0aXZlLmFnZW5jeS9mZWVkL3BvZGNhc3Q  SUBTITLES • Help translate this video over on Amara https://amara.org/videos/xwJ5HzMpEIRM/info/in-defense-of-disneys-strange-solarpunk-world/?team=  TEXT TRANSCRIPT  • Coming soon  COMMENTS Some YouTube comments are held for approval to reduce the number of trolls. If you'd like to participate in constructive online conversations about this video, please share it on your social media networks.  FAIR USE All multimedia clips included in this video constitute a 'fair use' of any copyrighted material as provided for in Section 107 of U.S. Copyright law, which allows for criticism, comment and scholarship. Learn more about fair use with this awesome app by New Media Rights! http://newmediarights.org/fairuse  VIDEO LINK FOR EDUCATORS • Coming soon   CREDITS Writer/Editing: Jonathan McIntosh Outro music: Rick Lopez",2023-05-01 08:11:02,971,False,Pop Culture Detective,UCHiwtz2tCEfS17N9A-WoSSw,"Video essays exploring the intersections of politics, masculinity, and entertainment. Hosted by Jonathan McIntosh.

Help me make more videos!
https://www.patreon.com/popdetective"
-4SuuIcDmug,"Demystifying Fair Use, Copyright, and Content ID - Audio Episode 09","In this Audio Files episode, we discuss the fair use doctrine and why it's so important for everyone on the internet. We also dig into how fair use interacts (or doesn't) with YouTube’s Content ID system. Two legal experts in fair use join the conversation: Art Neill and Erika Lee from New Media Rights.  New Media Rights website: https://www.newmediarights.org  Listen wherever you get your podcasts: Spotify: https://open.spotify.com/show/2C6SdbT75mdRp2jRyvuLfa Apple Podcasts: https://podcasts.apple.com/us/podcast/pop-culture-detective-audio-files/id1585512628 Google Podcasts: https://podcasts.google.com/feed/aHR0cHM6Ly9wb3BjdWx0dXJlZGV0ZWN0aXZlLmFnZW5jeS9mZWVkL3BvZGNhc3Q Our website: https://popculturedetective.agency/podcast  PATREON Support this media project on Patreon: https://www.patreon.com/popdetective  PAYPAL Make a one-time donation via PayPal: https://www.paypal.me/popdetective  WISHLIST Send research materials for video essays: https://www.amazon.com/hz/wishlist/ls/VPZW4GU512ON?ref_=wl_share  Fair use: All multimedia clips included in this podcast constitute a ‘fair use’ of any copyrighted material as provided for in Section 107 of U.S. Copyright law, which allows for criticism, comment and scholarship. Learn more about fair use via New Media Rights!   Show credits: Audio production: Jonathan McIntosh Intro music: Simon Stålenhag Outro music: Rick Lopez",2023-02-01 09:24:06,3298,False,Pop Culture Detective,UCHiwtz2tCEfS17N9A-WoSSw,"Video essays exploring the intersections of politics, masculinity, and entertainment. Hosted by Jonathan McIntosh.

Help me make more videos!
https://www.patreon.com/popdetective"
LpitmEnaYeU,Marvel: Defenders of The Status Quo,"Superheroes usually manage to roll back the various apocalypses but rarely use their powers to build a better world. The villains are the ones constantly dreaming up big audacious schemes to transform the universe.  PATREON Support this project on Patreon: https://www.patreon.com/popdetective  PAYPAL Make a one-time donation via PayPal: https://www.paypal.me/popdetective  WISHLIST Send research materials for video essays: https://www.amazon.com/hz/wishlist/ls/VPZW4GU512ON?ref_=wl_share  PODCAST LINKS Apple Podcasts https://podcasts.apple.com/us/podcast/pop-culture-detective-audio-files/id1585512628 Spotify: https://open.spotify.com/show/2C6SdbT75mdRp2jRyvuLfa Google Podcasts: https://podcasts.google.com/feed/aHR0cHM6Ly9wb3BjdWx0dXJlZGV0ZWN0aXZlLmFnZW5jeS9mZWVkL3BvZGNhc3Q  REFERENCES • Super Position by David Graeber  https://thenewinquiry.com/super-position • The Utopia of Rules by David Graeber  https://www.mhpbooks.com/books/the-utopia-of-rules • Alan Moore Gives Rare Interview https://deadline.com/2020/10/alan-moore-rare-interview-watchmen-creator-the-show-superhero-movies-blighted-culture-1234594526  DOCUMENTARY FOOTAGE FROM  • This Changes Everything (2015) • The 13th (2016) • Sir No Sir (2005) • I Am Not Your Negro (2016) • Eyes on the Prize (1987) • The Vote (2020) • Harlan County U.S.A. (1976) • Disobedience (2016) • We Were Here (2011) • The Corporation (2003) • Zapatista (1999)  SUBTITLES • Help by adding subtitle translations via Amara https://amara.org/videos/bnhuIc588XqN/info/marvels-defenders-of-the-status-quo  TEXT TRANSCRIPT  • Coming soon  COMMENTS Many YouTube comments are held for approval to reduce the number of bad-faith trolls. If you'd like to participate in constructive online conversations about this video, please share it on your social media networks.  FAIR USE All multimedia clips included in this video constitute a 'fair use' of any copyrighted material as provided for in Section 107 of U.S. Copyright law, which allows for criticism, comment and scholarship. Learn more about fair use with this awesome app by New Media Rights! http://newmediarights.org/fairuse  VIDEO LINK FOR EDUCATORS • Coming soon   CREDITS Writer/Editing: Jonathan McIntosh Outro music: Rick Lopez",2022-12-01 02:30:28,1319,False,Pop Culture Detective,UCHiwtz2tCEfS17N9A-WoSSw,"Video essays exploring the intersections of politics, masculinity, and entertainment. Hosted by Jonathan McIntosh.

Help me make more videos!
https://www.patreon.com/popdetective"
MPhvr_vlF_w,A Conversation with Artist Simon Stålenhag - Audio Episode 08,"This special podcast episode is an in-depth conversation with award-winning Swedish artist and storyteller Simon Stålenhag. Simon is the creator of narrative art books like Tales From the Loop, Things From the Flood, and The Electric State. We discuss what it’s like for a small artist to be courted by the Hollywood machine. We dig into the meaning and messages in dystopian science fiction. And we talk about the negative implications of AI art generators.  Follow Simon's art narratives here:  https://www.simonstalenhag.se  Listen wherever you get your podcasts: Spotify: https://open.spotify.com/show/2C6SdbT75mdRp2jRyvuLfa Apple Podcasts: https://podcasts.apple.com/us/podcast/pop-culture-detective-audio-files/id1585512628 Google Podcasts: https://podcasts.google.com/feed/aHR0cHM6Ly9wb3BjdWx0dXJlZGV0ZWN0aXZlLmFnZW5jeS9mZWVkL3BvZGNhc3Q Our website: https://popculturedetective.agency/podcast  PATREON Support this media project on Patreon: https://www.patreon.com/popdetective  PAYPAL Make a one-time donation via PayPal: https://www.paypal.me/popdetective  WISHLIST Send research materials for video essays: https://www.amazon.com/hz/wishlist/ls/VPZW4GU512ON?ref_=wl_share  Fair use: All multimedia clips included in this podcast constitute a ‘fair use’ of any copyrighted material as provided for in Section 107 of U.S. Copyright law, which allows for criticism, comment and scholarship. Learn more about fair use via New Media Rights!   Show credits: Audio production: Jonathan McIntosh Intro music: Simon Stålenhag Outro music: Rick Lopez",2022-11-01 03:46:32,2665,False,Pop Culture Detective,UCHiwtz2tCEfS17N9A-WoSSw,"Video essays exploring the intersections of politics, masculinity, and entertainment. Hosted by Jonathan McIntosh.

Help me make more videos!
https://www.patreon.com/popdetective"
O7YnbGszcb8,Everyone Everywhere Needs Waymond Wang (and Ke Huy Quan),"Help me make more videos!  https://www.patreon.com/popdetective  Everything Everywhere All At Once is a genre bending multiverse movie but it's also one of the most challenging and subversive representations of masculinity I’ve ever seen in any genre.  **It's best to watch the movie first and then come back and watch this :) ***Please note: this movie contains some strobe effects   PATREON Support this project on Patreon: https://www.patreon.com/popdetective  PAYPAL Make a one-time donation via PayPal: https://www.paypal.me/popdetective  WISHLIST Send research materials for video essays: https://www.amazon.com/hz/wishlist/ls/VPZW4GU512ON?ref_=wl_share  PODCAST LINKS Apple Podcasts https://podcasts.apple.com/us/podcast/pop-culture-detective-audio-files/id1585512628 Spotify: https://open.spotify.com/show/2C6SdbT75mdRp2jRyvuLfa Google Podcasts: https://podcasts.google.com/feed/aHR0cHM6Ly9wb3BjdWx0dXJlZGV0ZWN0aXZlLmFnZW5jeS9mZWVkL3BvZGNhc3Q  REFERENCES • Ke Huy Quan returns in front of the camera  https://www.wbur.org/hereandnow/2022/04/08/ke-huy-quan-acting •  Asian Men Needed a Movie Like Everything Everywhere All at Once https://slate.com/culture/2022/04/everything-everywhere-all-once-waymond-ke-huy-quan.html • The Dawn of Everything: A New History of Humanity https://us.macmillan.com/books/9780374157357/thedawnofeverything  SUBTITLES • Help translate this video over on Amara https://amara.org/en/videos/0Zldmat82WBl/info/everyone-everywhere-needs-waymond-wang/  TEXT TRANSCRIPT  https://popculturedetective.agency/2022/everyone-everywhere-needs-waymond-wang#more  COMMENTS Most YouTube comments are held for approval to reduce the number of trolls. If you'd like to participate in constructive online conversations about this video, please share it on your social media networks.  FAIR USE All multimedia clips included in this video constitute a 'fair use' of any copyrighted material as provided for in Section 107 of U.S. Copyright law, which allows for criticism, comment and scholarship. Learn more about fair use with this awesome app by New Media Rights! http://newmediarights.org/fairuse  VIDEO LINK FOR EDUCATORS • Coming soon   CREDITS Writer/Editing: Jonathan McIntosh Outro music: Rick Lopez",2022-07-20 02:10:42,1129,False,Pop Culture Detective,UCHiwtz2tCEfS17N9A-WoSSw,"Video essays exploring the intersections of politics, masculinity, and entertainment. Hosted by Jonathan McIntosh.

Help me make more videos!
https://www.patreon.com/popdetective"
jYvW-HL4lF8,The Multiversal Case of Everything Everywhere - Audio Episode 07,"In this Audio File episode, we investigate the mind-bending multiverse movie Everything Everywhere All At Once and discuss the messages and meaning embedded in the cinematic madness. Friends of the show, professors Carl Williams and Felicia Lopez join the conversation.  Listen and follow wherever you get your podcasts: Spotify: https://open.spotify.com/show/2C6SdbT75mdRp2jRyvuLfa Apple Podcasts: https://podcasts.apple.com/us/podcast/pop-culture-detective-audio-files/id1585512628 Google Podcasts: https://podcasts.google.com/feed/aHR0cHM6Ly9wb3BjdWx0dXJlZGV0ZWN0aXZlLmFnZW5jeS9mZWVkL3BvZGNhc3Q Our website: https://popculturedetective.agency/podcast  Support Pop Detective: All of our Pop Culture Detective media projects, including this one, are 100% funded by listeners and viewers. You’ll never hear ads and all episode will be made available for free online. So if you enjoy in-depth media criticism, please consider supporting our work over on Patreon.  PATREON Support this media project on Patreon: https://www.patreon.com/popdetective  PAYPAL Make a one-time donation via PayPal: https://www.paypal.me/popdetective  Fair use: All multimedia clips included in this podcast constitute a ‘fair use’ of any copyrighted material as provided for in Section 107 of U.S. Copyright law, which allows for criticism, comment and scholarship. Learn more about fair use via New Media Rights!   Show credits: Audio production: Jonathan McIntosh Intro music: Simon Stålenhag Outro music: Rick Lopez",2022-06-01 06:26:27,3476,False,Pop Culture Detective,UCHiwtz2tCEfS17N9A-WoSSw,"Video essays exploring the intersections of politics, masculinity, and entertainment. Hosted by Jonathan McIntosh.

Help me make more videos!
https://www.patreon.com/popdetective"
KYCwuaDuRU8,Audio Episode 06 - The Case of Boba Fett and the Hollywood Western,"Listen and follow wherever you get your podcasts: Spotify: https://open.spotify.com/show/2C6SdbT75mdRp2jRyvuLfa Apple Podcasts: https://podcasts.apple.com/us/podcast/pop-culture-detective-audio-files/id1585512628 Google Podcasts: https://podcasts.google.com/feed/aHR0cHM6Ly9wb3BjdWx0dXJlZGV0ZWN0aXZlLmFnZW5jeS9mZWVkL3BvZGNhc3Q Our website: https://popculturedetective.agency/podcast  Episode info: In this episode, we investigate The Book of Boba Fett and discuss how this new Star Wars series pulls many of its themes and motifs directly from old Hollywood Westerns, including a few regressive tropes popular in that genre. Friend of the show and professor of clinical law, Carl Williams, joins the conversation.  Support Pop Detective: All of our Pop Culture Detective media projects, including this one, are 100% funded by listeners and viewers. You’ll never hear ads and all episode will be made available for free online. So if you enjoy in-depth media criticism, please consider supporting our work over on Patreon.  PATREON Support this media project on Patreon: https://www.patreon.com/popdetective  PAYPAL Make a one-time donation via PayPal: https://www.paypal.me/popdetective  Fair use: All multimedia clips included in this podcast constitute a ‘fair use’ of any copyrighted material as provided for in Section 107 of U.S. Copyright law, which allows for criticism, comment and scholarship. Learn more about fair use via New Media Rights!   Show credits: Audio production: Jonathan McIntosh Intro music: Simon Stålenhag Outro music: Rick Lopez",2022-04-04 20:23:36,3233,False,Pop Culture Detective,UCHiwtz2tCEfS17N9A-WoSSw,"Video essays exploring the intersections of politics, masculinity, and entertainment. Hosted by Jonathan McIntosh.

Help me make more videos!
https://www.patreon.com/popdetective"
MeSiwHnV5L0,The Ethics of Looking And The “Harmless” Peeping Tom,"Watching people’s stories on screen can be fascinating and exhilarating, but the act of looking can also feel uncomfortable, invasive, even violating. And underpinning these uncomfortable moments we often find alarming messages about the role of consent.  PATREON Support this project on Patreon: https://www.patreon.com/popdetective  PAYPAL Make a one-time donation via PayPal: https://www.paypal.me/popdetective  WISHLIST Send research materials for video essays: https://www.amazon.com/hz/wishlist/ls/VPZW4GU512ON?ref_=wl_share  PODCAST LINKS Apple Podcasts https://podcasts.apple.com/us/podcast/pop-culture-detective-audio-files/id1585512628 Spotify: https://open.spotify.com/show/2C6SdbT75mdRp2jRyvuLfa Google Podcasts: https://podcasts.google.com/feed/aHR0cHM6Ly9wb3BjdWx0dXJlZGV0ZWN0aXZlLmFnZW5jeS9mZWVkL3BvZGNhc3Q  REFERENCES • Intrusions by Melissa Febos https://tinhouse.com/intrusions •  Girlhood (2021) by Melissa Febos https://www.melissafebos.com/girlhood • Ways of Seeing with John Berger, Episode 2 (1972) https://www.youtube.com/watch?v=m1GI8mNU5Sg • Visual Pleasure and Narrative Cinema by Laura Mulvey https://ia802801.us.archive.org/4/items/visual-pleasure-and-narrative-cinema/Laura-mulvey-visual-pleasure-and-narrative-cinema.pdf  SUBTITLES • You can help make subtitles for this video on Amara: https://amara.org/en/videos/KIVex8dXl24V/info/the-ethics-of-looking-and-the-harmless-peeping-tom/  TEXT TRANSCRIPT  • https://popculturedetective.agency/2022/the-ethics-of-looking-and-the-harmless-peeping-tom#more  COMMENTS All YouTube comments are held for approval. If you'd like to participate in constructive online conversations about this video, please share it on your social media networks.  FAIR USE All multimedia clips included in this video constitute a 'fair use' of any copyrighted material as provided for in Section 107 of U.S. Copyright law, which allows for criticism, comment and scholarship. Learn more about fair use with this awesome app by New Media Rights! http://newmediarights.org/fairuse  VIDEO LINK FOR EDUCATORS • Internet Archive video link  https://archive.org/details/the-ethics-of-looking  CREDITS Writer/Editing: Jonathan McIntosh Outro music: Rick Lopez",2022-03-21 23:45:05,1681,False,Pop Culture Detective,UCHiwtz2tCEfS17N9A-WoSSw,"Video essays exploring the intersections of politics, masculinity, and entertainment. Hosted by Jonathan McIntosh.

Help me make more videos!
https://www.patreon.com/popdetective"
4y7z0BKPr_o,Audio Episode 05 - The Continuing Case of Ted Lasso,"Listen and follow wherever you get your podcasts: Spotify: https://open.spotify.com/show/2C6SdbT75mdRp2jRyvuLfa Apple Podcasts: https://podcasts.apple.com/us/podcast/pop-culture-detective-audio-files/id1585512628 Stitcher: https://www.stitcher.com/show/pop-culture-detective-audio-files Google Podcasts: https://podcasts.google.com/feed/aHR0cHM6Ly9wb3BjdWx0dXJlZGV0ZWN0aXZlLmFnZW5jeS9mZWVkL3BvZGNhc3Q Our website: https://popculturedetective.agency/podcast  Episode info: In this episode we investigate the second season of the hit Apple TV comedy series Ted Lasso. We see much more character development this time around as the writers attempt to complicate Ted’s happy-go-lucky wholesome persona but a few outstanding issues remain unaddressed.   Support Pop Detective: All of our Pop Culture Detective media projects, including this one, are 100% funded by listeners and viewers. You’ll never hear ads and all episode will be made available for free online. So if you enjoy in-depth media criticism, please consider supporting our work over on Patreon.  PATREON Support this media project on Patreon: https://www.patreon.com/popdetective  PAYPAL Make a one-time donation via PayPal: https://www.paypal.me/popdetective  Fair use: All multimedia clips included in this podcast constitute a ‘fair use’ of any copyrighted material as provided for in Section 107 of U.S. Copyright law, which allows for criticism, comment and scholarship. Learn more about fair use via New Media Rights!   Show credits: Audio production: Jonathan McIntosh Intro music: Simon Stålenhag Outro music: Rick Lopez",2022-01-31 16:47:15,3338,False,Pop Culture Detective,UCHiwtz2tCEfS17N9A-WoSSw,"Video essays exploring the intersections of politics, masculinity, and entertainment. Hosted by Jonathan McIntosh.

Help me make more videos!
https://www.patreon.com/popdetective"
HIbyQ76y4FY,Audio Episode 01 - The Curious Case of Ted Lasso,"Listen and follow via Spotify, Apple Podcasts, Google podcasts, or wherever you get podcasts (links below) Spotify: https://open.spotify.com/show/2C6SdbT75mdRp2jRyvuLfa Apple Podcasts: https://podcasts.apple.com/us/podcast/pop-culture-detective-audio-files/id1585512628 Stitcher: https://www.stitcher.com/show/pop-culture-detective-audio-files Google Podcasts: https://podcasts.google.com/feed/aHR0cHM6Ly9wb3BjdWx0dXJlZGV0ZWN0aXZlLmFnZW5jeS9mZWVkL3BvZGNhc3Q Our website: https://popculturedetective.agency/podcast  Episode info: In our first podcast episode we investigate the hit Apple TV series Ted Lasso. We discuss the ways that season one subverts expected conventions in sports comedies, especially when it comes to race and masculinity. We also take a critical look at some of the areas where the show misses the mark. Two guests join this conversation: professor of literature and culture Felicia Lopez and writer/filmmaker Imran Siddiquee.  Support Pop Detective: All of our Pop Culture Detective media projects, including this one, are 100% funded by listeners and viewers. You’ll never hear ads and all episode will be made available for free online. So if you enjoy in-depth media criticism, please consider supporting our work over on Patreon.  PATREON Support this media project on Patreon: https://www.patreon.com/popdetective  PAYPAL Make a one-time donation via PayPal: https://www.paypal.me/popdetective  Fair use: All multimedia clips included in this podcast constitute a ‘fair use’ of any copyrighted material as provided for in Section 107 of U.S. Copyright law, which allows for criticism, comment and scholarship. Learn more about fair use via New Media Rights!   Show credits: Audio production: Jonathan McIntosh Intro music: Simon Stålenhag Outro music: Rick Lopez",2022-01-03 01:14:34,3404,False,Pop Culture Detective,UCHiwtz2tCEfS17N9A-WoSSw,"Video essays exploring the intersections of politics, masculinity, and entertainment. Hosted by Jonathan McIntosh.

Help me make more videos!
https://www.patreon.com/popdetective"
pCSKzKqrxUo,Audio Episode 02 - The Case of The Cursed Jungle Cruise,"Listen and follow via Apple Podcasts, Spotify, Stitcher, Google podcasts, or wherever you get your podcasts (links below) Spotify: https://open.spotify.com/show/2C6SdbT75mdRp2jRyvuLfa Apple Podcasts: https://podcasts.apple.com/us/podcast/pop-culture-detective-audio-files/id1585512628 Stitcher: https://www.stitcher.com/show/pop-culture-detective-audio-files Google Podcasts: https://podcasts.google.com/feed/aHR0cHM6Ly9wb3BjdWx0dXJlZGV0ZWN0aXZlLmFnZW5jeS9mZWVkL3BvZGNhc3Q Our website: https://popculturedetective.agency/podcast  Episode info: In this podcast episode we investigate the new adventure film Jungle Cruise. Disney’s latest attempt to turn a theme park attraction into a blockbuster movie tries to sidestep some of the ride’s more racist history but still leans on tropes of exoticism and colonial adventurism. We also discuss Disney’s baffling choice to include a series of gay jokes in the movie. Two guests join host Jonathan McIntosh for this conversation: Professor of literature and culture Felicia Lopez and professor of law Carl Williams.  Support Pop Detective: All of our Pop Culture Detective media projects, including this one, are 100% funded by listeners and viewers. You’ll never hear ads and all episode will be made available for free online. So if you enjoy in-depth media criticism, please consider supporting our work over on Patreon.  PATREON Support this media project on Patreon: https://www.patreon.com/popdetective  PAYPAL Make a one-time donation via PayPal: https://www.paypal.me/popdetective  Fair use: All multimedia clips included in this podcast constitute a ‘fair use’ of any copyrighted material as provided for in Section 107 of U.S. Copyright law, which allows for criticism, comment and scholarship. Learn more about fair use via New Media Rights!   Show credits: Audio production: Jonathan McIntosh Intro music: Simon Stålenhag Outro music: Rick Lopez",2022-01-03 01:14:27,3328,False,Pop Culture Detective,UCHiwtz2tCEfS17N9A-WoSSw,"Video essays exploring the intersections of politics, masculinity, and entertainment. Hosted by Jonathan McIntosh.

Help me make more videos!
https://www.patreon.com/popdetective"
Jn-TW-VfInY,Audio Episode 03 - The Case of The Falcon and The Winter Soldier,"Listen and follow via Apple Podcasts, Spotify, Stitcher, Google podcasts, or wherever you get your podcasts (links below) Spotify: https://open.spotify.com/show/2C6SdbT75mdRp2jRyvuLfa Apple Podcasts: https://podcasts.apple.com/us/podcast/pop-culture-detective-audio-files/id1585512628 Stitcher: https://www.stitcher.com/show/pop-culture-detective-audio-files Google Podcasts: https://podcasts.google.com/feed/aHR0cHM6Ly9wb3BjdWx0dXJlZGV0ZWN0aXZlLmFnZW5jeS9mZWVkL3BvZGNhc3Q Our website: https://popculturedetective.agency/podcast  Episode info: In this podcast episode we investigate the Disney+ series The Falcon and the Winter Soldier and discuss how the Marvel Cinematic Universe represents or misrepresents themes of racism, activist politics, masculinity, and male friendship. We also examine the show’s depiction of men in therapy. Host Jonathan McIntosh is joined by writer and filmmaker Imran Siddiquee for this conversation.  Support Pop Detective: All of our Pop Culture Detective media projects, including this one, are 100% funded by listeners and viewers. You’ll never hear ads and all episode will be made available for free online. So if you enjoy in-depth media criticism, please consider supporting our work over on Patreon.  PATREON Support this media project on Patreon: https://www.patreon.com/popdetective  PAYPAL Make a one-time donation via PayPal: https://www.paypal.me/popdetective  Fair use: All multimedia clips included in this podcast constitute a ‘fair use’ of any copyrighted material as provided for in Section 107 of U.S. Copyright law, which allows for criticism, comment and scholarship. Learn more about fair use via New Media Rights!   Show credits: Audio production: Jonathan McIntosh Intro music: Simon Stålenhag Outro music: Rick Lopez",2022-01-03 01:14:21,3311,False,Pop Culture Detective,UCHiwtz2tCEfS17N9A-WoSSw,"Video essays exploring the intersections of politics, masculinity, and entertainment. Hosted by Jonathan McIntosh.

Help me make more videos!
https://www.patreon.com/popdetective"
JmKDLvFddU8,Audio Episode 04 - Indiana Jones and The Case of The Ancient Aliens,"Listen and follow via Apple Podcasts, Spotify, Stitcher, Google podcasts, or wherever you get your podcasts (links below) Spotify: https://open.spotify.com/show/2C6SdbT75mdRp2jRyvuLfa Apple Podcasts: https://podcasts.apple.com/us/podcast/pop-culture-detective-audio-files/id1585512628 Stitcher: https://www.stitcher.com/show/pop-culture-detective-audio-files Google Podcasts: https://podcasts.google.com/feed/aHR0cHM6Ly9wb3BjdWx0dXJlZGV0ZWN0aXZlLmFnZW5jeS9mZWVkL3BvZGNhc3Q Our website: https://popculturedetective.agency/podcast  Episode info: In this podcast episode we deconstruct what is probably the worst Steven Spielberg movie – Indiana Jones and the Kingdom of the Crystal Skull. We discuss the film’s misrepresentations of Indigenous peoples and dig into the ways that media tropes about ancient aliens and alien uplift contribute to the problem. Professor of literature and culture Dr. Felicia Lopez lends her expertise to this conversation.  Support Pop Detective: All of our Pop Culture Detective media projects, including this one, are 100% funded by listeners and viewers. You’ll never hear ads and all episode will be made available for free online. So if you enjoy in-depth media criticism, please consider supporting our work over on Patreon.  PATREON Support this media project on Patreon: https://www.patreon.com/popdetective  PAYPAL Make a one-time donation via PayPal: https://www.paypal.me/popdetective  Fair use: All multimedia clips included in this podcast constitute a ‘fair use’ of any copyrighted material as provided for in Section 107 of U.S. Copyright law, which allows for criticism, comment and scholarship. Learn more about fair use via New Media Rights!   Show credits: Audio production: Jonathan McIntosh Intro music: Simon Stålenhag Outro music: Rick Lopez",2022-01-03 01:14:11,3039,False,Pop Culture Detective,UCHiwtz2tCEfS17N9A-WoSSw,"Video essays exploring the intersections of politics, masculinity, and entertainment. Hosted by Jonathan McIntosh.

Help me make more videos!
https://www.patreon.com/popdetective"
kGxW2toAvzc,Boys Don't Cry (Except When They Do),"Help me make more videos!  https://www.patreon.com/popdetective  Since we all know that boys (and men) do cry, this video focuses on the relatively narrow set of social circumstances where those tears are permitted.  PATREON Support this media project on Patreon: https://www.patreon.com/popdetective  PAYPAL Make a one-time donation via PayPal: https://www.paypal.me/popdetective  WISHLIST Send research materials for video essays: https://www.amazon.com/hz/wishlist/ls/VPZW4GU512ON?ref_=wl_share  RECOMMENDED READING •  The Will to Change by bell hooks  https://www.simonandschuster.com/books/The-Will-to-Change/bell-hooks/9780743456081 •  The Gender Knot by Allan G Johnson  http://tupress.temple.edu/book/1306 • Permission to Feel by Marc Brackett https://www.marcbrackett.com/about/book-permission-to-feel/  SUBTITLES • You can help make with subtitles for this video on Amara:  https://amara.org/en/videos/zVMyDeObL3vC/info/boys-dont-cry-except-when-they-do/?team=  TEXT TRANSCRIPT  Coming soon  PODCAST LINKS Apple Podcasts https://podcasts.apple.com/us/podcast/pop-culture-detective-audio-files/id1585512628 Spotify: https://open.spotify.com/show/2C6SdbT75mdRp2jRyvuLfa Google Podcasts: https://podcasts.google.com/feed/aHR0cHM6Ly9wb3BjdWx0dXJlZGV0ZWN0aXZlLmFnZW5jeS9mZWVkL3BvZGNhc3Q  COMMENTS All YouTube comments are held for approval. If you'd like to participate in constructive online conversations about this video, please share it on your social media networks.  FAIR USE All multimedia clips included in this video constitute a 'fair use' of any copyrighted material as provided for in Section 107 of U.S. Copyright law, which allows for criticism, comment and scholarship. Learn more about fair use with this awesome app by New Media Rights! http://newmediarights.org/fairuse  CREDITS Writer/Editing: Jonathan McIntosh Outro music: Rick Lopez",2021-07-01 07:24:24,1646,False,Pop Culture Detective,UCHiwtz2tCEfS17N9A-WoSSw,"Video essays exploring the intersections of politics, masculinity, and entertainment. Hosted by Jonathan McIntosh.

Help me make more videos!
https://www.patreon.com/popdetective"
4nVwdBk82ug,An Introduction to Pop Culture Detective,"How you can help! ⤵️  PATREON https://www.patreon.com/popdetective  PAYPAL https://www.paypal.me/popdetective  WISHLIST https://www.amazon.com/hz/wishlist/ls/VPZW4GU512ON?ref_=wl_share  SHARE Sharing Pop Detective videos really helps too!   PODCAST LINKS Apple Podcasts https://podcasts.apple.com/us/podcast/pop-culture-detective-audio-files/id1585512628 Spotify: https://open.spotify.com/show/2C6SdbT75mdRp2jRyvuLfa Stitcher: https://www.stitcher.com/show/pop-culture-detective-audio-files Google Podcasts: https://podcasts.google.com/feed/aHR0cHM6Ly9wb3BjdWx0dXJlZGV0ZWN0aXZlLmFnZW5jeS9mZWVkL3BvZGNhc3Q  SOURCES How many of the 70 media clips used in this video can you identify? Some are easy to figure out, some hard, and some extremely difficult. Leave your answers and guesses in the comments along with the associated number from the corner of the video. (See below for the answers)    #  #  #  #  #  #  #  #  #  #  #  #  #  #  #   MEDIA SOURCES KEY:   1. The Game (1997) 2. La La Land (2016) 3. Iron Man 2 (2010) 4. Star Trek Discovery (2017) 5. The Wizard of Oz (1939) 6. The Neverending Story (1984) 7. Hugo (2011) 8. Age of Ultron (2015) 9. Mission Impossible: Fallout (2018) 10. Stranger Things (2019) 11. Charlie and the Chocolate Factory (2005) 12. Avengers Endgame (2019) 13. Star Wars: The Force Awakens (2015) 14. Spider-Man: Homecoming (2017) 15. Shazaam (2019) 16. Sherlock Jr. (1924) 17. The Great Mouse Detective (1986) 18. The Addams Family TV show (1964) 19. Honey, I Shrunk the Kids (1989) 20. Brazil (1985) 21. The Return of the Pink Panther (1975) 22. Ratatouille (2007) 23. Blade Runner 2049 (2017) 24. Quiz Show (1994) 25. Starman (1984) 26. 12 Monkeys (1995) 27. Gremlins (1984) 28. Network (1976) 29. Star Trek: The Next Generation (1987) 30. Close Encounters of the Third Kind (1977) 31. Spotlight (2015) 32. Adaptation (2002) 33. The Muppet Movie (1979) 34. Knives Out (2019) 35. Arrival (2016) 36. Neighbors 2 (2016) 37. Batman Returns (1992) 38. Catch Me If You Can (2002) 39. Empire of the Sun (1987) 40. Casino Royale (2006) 41. Jumanji: Welcome to the Jungle (2017) 42. Star Wars: The Empire Strikes Back (1980) 43. Captain America: Civil War (2016) 44. John Wick 3 (2019) 45. Home Alone (1990) 46. Back to the Future (1985) 47. A Quiet Place (2018) 48. The Fugitive (1993) 49. Always Be My Maybe (2019) 50. Fantastic Beasts and Where to Find Them (2016) 51. A Beautiful Day in the Neighborhood (2019) 52. Good Will Hunting (1997) 53. WALL-E (2008) 54. Johnny Mnemonic (1995) 55. The Hudsucker Proxy (1994) 56. They Live (1988) 57. Cloud Atlas (2012) 58. Big Hero 6 (2014) 59. Paddington 2 (2017) 60. Zero Effect (1998) 61. Hail, Caesar! (2016) 62. The Addams Family (1991) 63. You've Got Mail (1998) 64. *batteries not included (1987) 65. Fight Club (1999) 66. Sneakers (1992) 67. Ralph Breaks the Internet (2018) 68. Sorry To Bother You (2018) 69. The Truman Show (1998) 70. Steven Universe (2013)  FAIR USE All multimedia clips included in this video constitute a 'fair use' of any copyrighted material as provided for in Section 107 of U.S. Copyright law, which allows for criticism, comment and scholarship. Learn more about fair use with this awesome app by New Media Rights! http://newmediarights.org/fairuse",2021-05-12 22:08:25,334,False,Pop Culture Detective,UCHiwtz2tCEfS17N9A-WoSSw,"Video essays exploring the intersections of politics, masculinity, and entertainment. Hosted by Jonathan McIntosh.

Help me make more videos!
https://www.patreon.com/popdetective"
WD2UrB7zepo,The Tragedy of Droids in Star Wars,"It’s not a Star Wars story unless there’s a lovable droid stealing the spotlight but, when you really stop and think about it, there’s also something profoundly tragic about the role artificial lifeforms play in the Star Wars universe.  PATREON Support this project on Patreon: https://www.patreon.com/popdetective  PAYPAL Make a one-time donation via PayPal: https://www.paypal.me/popdetective  WISHLIST Send research materials for video essays: https://www.amazon.com/hz/wishlist/ls/VPZW4GU512ON?ref_=wl_share  REFERENCES • Race in American Science Fiction by Isiah Lavender III https://www.goodreads.com/book/show/10364882-race-in-american-science-fiction • Imagining Slaves and Robots in Literature, Film, and Pop Culture by Gregory Jerome Hampton https://www.goodreads.com/book/show/26371201-imagining-slaves-and-robots-in-literature-film-and-popular-culture • The Cambridge Companion to Slavery in American Literature (Chapter 15) Beyond the Borders of the Neo-Slave Narrative by Jeffrey Allen Tucker https://www.goodreads.com/book/show/39293853-the-cambridge-companion-to-slavery-in-american-literature • Asimov on Science Fiction in Science Fiction Digest, October-November 1981 https://archive.org/details/sfdigest19811011 • Janelle Monae's ""Many Moons"" music video  https://www.youtube.com/watch?v=EZyyORSHbaE  NOVELS REFERENCED • Kindred by Octavia E. Butler https://www.goodreads.com/book/show/60931.Kindred • The Salt Roads by Nalo Hopkinson https://www.goodreads.com/book/show/57498.The_Salt_Roads • Stars in My Pocket Like Grains of Sand by Samuel R. Delany https://www.goodreads.com/book/show/85861.Stars_in_My_Pocket_Like_Grains_of_Sand • vN: The Machine Dynasty by Madeline Ashby https://www.goodreads.com/book/show/13033939-vn • A Closed and Common Orbit by Becky Chambers https://www.goodreads.com/book/show/29475447-a-closed-and-common-orbit • Autonomous by Annalee Newitz https://www.goodreads.com/book/show/28209634-autonomous  SUBTITLES • You can help make with subtitles and captions for this video on Amara:  https://amara.org/en/videos/iZsjSfJwsVoo/info/the-tragedy-of-droids-in-star-wars/?team=  TEXT TRANSCRIPT  http://popculturedetective.agency/2020/the-tragedy-of-droids#more-10320  COMMENTS All YouTube comments are held for approval. If you'd like to participate in constructive online conversations about this video, please share it on your social media networks.  FAIR USE All multimedia clips included in this video constitute a 'fair use' of any copyrighted material as provided for in Section 107 of U.S. Copyright law, which allows for criticism, comment and scholarship. Learn more about fair use with this awesome app by New Media Rights! http://newmediarights.org/fairuse  CREDITS Writer/Editing: Jonathan McIntosh Motion Graphics: Jonathan McIntosh Outro music: Rick Lopez",2020-11-01 04:20:57,2139,False,Pop Culture Detective,UCHiwtz2tCEfS17N9A-WoSSw,"Video essays exploring the intersections of politics, masculinity, and entertainment. Hosted by Jonathan McIntosh.

Help me make more videos!
https://www.patreon.com/popdetective"
9nheskbsU5g,Sexual Assault of Men Played for Laughs - Part 2 Female Perpetrators,"• WATCH PART 1:  https://youtu.be/uc6QxD2_yQw  It’s hard to overstate just how common jokes about men being sexually assaulted or harassed are in entertainment media. Comedic situations are typically designed to demean, humiliate, or emasculate a male character for being the victim, or potential victim, of sexual violence. This is the 2nd of two video essays on this topic. Part 1 focuses on humor involving men sexually assaulting or harassing other men. Part 2 examines media in which women are depicted as the perpetrators.  PATREON Support this project on Patreon: https://www.patreon.com/popdetective  PAYPAL Make a one-time donation via PayPal: https://www.paypal.me/popdetective  WISHLIST Send research materials for video essays: https://www.amazon.com/hz/wishlist/ls/VPZW4GU512ON?ref_=wl_share  RESOURCES • How to support male survivors: https://www.rainn.org/articles/sexual-assault-men-and-boys • Statistics and facts about sexual violence:  https://www.rainn.org/statistics/victims-sexual-violence  REFERENCES & LINKS • Samantha Bee on male abuse comedy: https://www.youtube.com/watch?v=HHGvxXEupLc • The Rape Jokes We Still Laugh At | New York TImes https://www.youtube.com/watch?v=ikqPnAhRo-c • Male Rape is No Joke—But Pop Culture Often Treats It That Way https://www.bitchmedia.org/article/male-rape-no-joke%E2%80%94-pop-culture-often-treats-it-way • Terry Crews speaking to the US Congress: https://goo.gl/9BEF4h • List of movies including jokes about men being abused: https://goo.gl/kdhYbA • List of TV shows including jokes about men being abused: https://goo.gl/BLe2Wf  LINKS ON HOW WOMEN AREN'T BELIEVED EITHER: • American Law Does Not Take Rape Seriously https://www.theatlantic.com/ideas/archive/2020/01/american-law-rape/605620/ • CNN video investigating on destroyed rape kits and women not getting justice https://www.youtube.com/watch?v=MXM78-TKxAM • NBC video investigating on destroyed rape kits and women not getting justice  https://www.youtube.com/watch?v=_WMyxuH5f1c  • Article - Ronan Farrow Depicts a Chilling Sexual Abuse Cover-up at NBC https://www.thecut.com/2019/10/ronan-farrow-catch-and-kill-nbc-cover-up.html • Article - What Happens When We Don't Believe Women https://www.theguardian.com/lifeandstyle/2020/jan/21/what-happens-when-we-dont-believe-women  TEXT TRANSCRIPT  - Coming soon  COMMENTS All YouTube comments are held for approval due to harassment of this channel. If you'd like to participate in constructive online conversations about this video, please share it on your social media networks.  FAIR USE All multimedia clips included in this video constitute a 'fair use' of any copyrighted material as provided for in Section 107 of U.S. Copyright law, which allows for criticism, comment and scholarship. Learn more about fair use with this awesome app by New Media Rights! http://newmediarights.org/fairuse  CREDITS Writer/Editing: Jonathan McIntosh Motion Graphics: Jonathan McIntosh Outro music: Rick Lopez",2020-01-30 09:55:58,2135,False,Pop Culture Detective,UCHiwtz2tCEfS17N9A-WoSSw,"Video essays exploring the intersections of politics, masculinity, and entertainment. Hosted by Jonathan McIntosh.

Help me make more videos!
https://www.patreon.com/popdetective"
R3cBJBhrpok,"Stranger Things, Belligerent Romance, and the Danger of Nostalgia","The hit Netflix series Stranger Things is a love letter to iconic pop culture media of decades past. But there are dangers in leaning too heavily on nostalgia because media makers can sometimes end up reproducing harmful patterns along with their retro aesthetics, especially when it comes to action hero masculinity and belligerent romance conventions from the 1980s.  PATREON Support this project on Patreon: https://www.patreon.com/popdetective  PAYPAL Make a one-time donation via PayPal: https://www.paypal.me/popdetective  WISHLIST Send research materials for video essays: https://www.amazon.com/hz/wishlist/ls/VPZW4GU512ON?ref_=wl_share  LINKS Evan Rachel Wood's tweets: https://twitter.com/evanrachelwood/status/1147213677247860737  TEXT TRANSCRIPT  http://popculturedetective.agency/2019/stranger-things-and-the-danger-of-nostalgia  COMMENTS All comments are held for approval on account of YouTube comments being a dumpster fire. If you'd like to participate in constructive online conversations about this video, please share it on your social media networks.  FAIR USE All multimedia clips included in this video constitute a 'fair use' of any copyrighted material as provided for in Section 107 of U.S. Copyright law, which allows for criticism, comment and scholarship. Learn more about fair use with this awesome app by New Media Rights! http://newmediarights.org/fairuse  CREDITS Writer/Producer: Jonathan McIntosh Outro music: Rick Lopez  Help us caption/translate this video: https://amara.org/v/xMnt/",2019-09-16 22:48:50,1475,False,Pop Culture Detective,UCHiwtz2tCEfS17N9A-WoSSw,"Video essays exploring the intersections of politics, masculinity, and entertainment. Hosted by Jonathan McIntosh.

Help me make more videos!
https://www.patreon.com/popdetective"
rhGJ5SmSE2o,How Shawshank Redemption Humanizes Prisoners,"Help me make more videos! https://www.patreon.com/popdetective  On a narrative level The Shawshank Redemption is a movie about the power of hope in the face of extraordinary hardship. But underpinning Andy Dufresne’s story we also find a blistering critique of the prison system and criminal justice policy in the United States.  RESOURCES • How to support male survivors: https://www.rainn.org/articles/sexual-assault-men-and-boys • Just Detention International: https://justdetention.org • Statistics and facts about sexual violence:  https://www.rainn.org/statistics/victims-sexual-violence • Criminal Justice and Prison Facts: https://www.sentencingproject.org/criminal-justice-facts  REFERENCES • Ava DuVernay's documentary The 13th: https://www.imdb.com/title/tt5895028 • Watch The 13th on Netflix:  https://www.netflix.com/title/80091741 • The Race Gap in US Prisons: https://www.motherjones.com/crime-justice/2018/02/the-race-gap-in-u-s-prisons-is-glaring-and-poverty-is-making-it-worse/ • Biden's Crime Bill Speech Is Worse Than You Think: https://www.pastemagazine.com/articles/2019/03/joe-bidens-1993-crime-bill-speech-is-worse-than-yo.html • Rope Needs More Gay by Rantasmo: https://www.youtube.com/watch?v=1v6gGZn10OQ  CITED ARTICLES:  • LA Times movie review, September 23, 1994: http://articles.latimes.com/1994-09-23/entertainment/ca-41876_1_shawshank-redemption •  Washington Post movie review, September 23, 1994: http://www.washingtonpost.com/wp-srv/style/longterm/movies/videos/theshawshankredemptionrhowe_a03f7a.htm  PATREON If you’d like to help fund my video essays, please visit Patreon: https://www.patreon.com/popdetective  PAYPAL If you'd rather make a one-time donation you can do it via PayPal: https://www.paypal.me/popdetective  TEXT TRANSCRIPT  Coming soon  COMMENTS All comments are held for approval on account of YouTube comments being a continuing dumpster fire. If you'd like to participate in constructive online conversations about this video, please share it on your social media networks.  FAIR USE All multimedia clips included in this video constitute a 'fair use' of any copyrighted material as provided for in Section 107 of U.S. Copyright law, which allows for criticism, comment and scholarship. Learn more about fair use with this awesome app by New Media Rights! http://newmediarights.org/fairuse  CREDITS Writer/Producer: Jonathan McIntosh Motion Graphics: Jonathan McIntosh Logo Design: Justin McIntosh  Outro music: Jonathan Mann  Help us caption & translate this video!  https://amara.org/v/pjv2/",2019-07-01 04:18:00,1570,False,Pop Culture Detective,UCHiwtz2tCEfS17N9A-WoSSw,"Video essays exploring the intersections of politics, masculinity, and entertainment. Hosted by Jonathan McIntosh.

Help me make more videos!
https://www.patreon.com/popdetective"
uc6QxD2_yQw,Sexual Assault of Men Played for Laughs - Part 1 Male Perpetrators,"Help me make more videos!  https://www.patreon.com/popdetective  WATCH PART 2:  https://youtu.be/9nheskbsU5g  It’s hard to overstate just how common jokes about men being sexually assaulted or sexually harassed are in entertainment media. Comedic situations are typically designed to demean, humiliate, or emasculate a male character for being the victim, or potential victim, of sexual violence. This is the 1st of two video essays on this topic. Part 1 focuses on humor involving men sexually assaulting or harassing other men. Part 2 examines media in which women are depicted as the perpetrators.  PATREON Support this project on Patreon: https://www.patreon.com/popdetective  PAYPAL Make a one-time donation via PayPal: https://www.paypal.me/popdetective  WISHLIST Send research materials for video essays: https://www.amazon.com/hz/wishlist/ls/VPZW4GU512ON?ref_=wl_share  RESOURCES • How to support male survivors: https://www.rainn.org/articles/sexual-assault-men-and-boys • Black & Pink: http://www.blackandpink.org • Just Detention International: https://justdetention.org • Statistics and facts about sexual violence:  https://www.rainn.org/statistics/victims-sexual-violence  REFERENCES • Cameron Esposito's ""Rape Jokes"" standup special: https://www.cameronesposito.com • Terry Crews speaking to the US Congress: https://goo.gl/9BEF4h - The Rape Jokes We Still Laugh At | New York TImes https://www.youtube.com/watch?v=ikqPnAhRo-c • List of movies including jokes about men being abused: https://goo.gl/kdhYbA • List of TV shows including jokes about men being abused: https://goo.gl/BLe2Wf  TEXT TRANSCRIPT  http://popculturedetective.agency/2019/sexual-assault-of-men-played-for-comedy#more-7010  COMMENTS All YouTube comments are held for approval due to harassment of this channel. If you'd like to participate in constructive online conversations about this video, please share it on your social media networks.  FAIR USE All multimedia clips included in this video constitute a 'fair use' of any copyrighted material as provided for in Section 107 of U.S. Copyright law, which allows for criticism, comment and scholarship. Learn more about fair use with this awesome app by New Media Rights! http://newmediarights.org/fairuse  CREDITS Writer/Producer: Jonathan McIntosh Motion Graphics: Jonathan McIntosh Logo Design: Justin McIntosh  Outro music: Jonathan Mann  Help us caption & translate this video!  https://amara.org/v/n9bo/",2019-02-11 16:12:04,1733,False,Pop Culture Detective,UCHiwtz2tCEfS17N9A-WoSSw,"Video essays exploring the intersections of politics, masculinity, and entertainment. Hosted by Jonathan McIntosh.

Help me make more videos!
https://www.patreon.com/popdetective"
mWqVJZMh6-w,How The Last Jedi Defies Expectations About Male Heroes,"Help me make more videos! https://www.patreon.com/popdetective  The Last Jedi is a movie that’s designed to defy fan expectations. Nowhere is this subversion more evident than in the way the film handles its three male heroes: X-Wing pilot Poe Dameron, renegade Stormtrooper Finn, and legendary Jedi Knight Luke Skywalker.   PATREON If you’d like to see more long-form video essays focusing on the intersections of entertainment and masculinity, please help fund this series on Patreon: https://www.patreon.com/popdetective  PAYPAL If you'd rather make a one-time donation you can do that via PayPal: https://www.paypal.me/popdetective  TEXT TRANSCRIPT  Coming soon!   FOOTAGE USED:  • Star Wars: The Last Jedi (2017) • Star Wars: The Force Awakens (2015) • Star Wars: Return of the Jedi (1983) • Star Wars: Empire Strikes Back (1980) • Star Wars: A New Hope (1977) • The Director and The Jedi (2018) • The Avengers (2015) • Captain America: The First Avenger (2011) • Avatar (2009) • The Lord of the Rings: The Two Towers (2002) • The Lord of the Rings: The Return of the King (2003) • Independence Day (1996) • Jurassic World (2015) • Goldfinger (1964)  • Tron Legacy (2010) • The Matrix (1999)   OTHER ARTICLES ABOUT THE LAST JEDI:  • The Beautiful, Ugly, and Possessive Hearts of Star Wars: http://observer.com/2018/07/film-crit-hulk-the-beautiful-ugly-and-possessive-hearts-of-star-wars/ • Toxic Masculinity Is the True Villain of The Last Jedi http://www.denofgeek.com/us/movies/star-wars/269657/toxic-masculinity-is-the-true-villain-of-star-wars-the-last-jedi • The Last Jedi: Saving Star Wars from Itself: https://lareviewofbooks.org/article/the-last-jedi-saving-the-star-wars-we-love • The Last Jedi Offers the Harsh Condemnation of Mansplaining https://www.vanityfair.com/hollywood/2017/12/star-wars-last-jedi-laura-dern-admiral-holdo-listen-to-women  COMMENTS All YouTube comments are held for approval due to harassment of this channel. If you'd like to participate in constructive online conversations about this video, please share it on your social media networks.  FAIR USE All multimedia clips included in this video constitute a 'fair use' of any copyrighted material as provided for in Section 107 of U.S. Copyright law, which allows for criticism, comment and scholarship. Learn more about fair use with this awesome app by New Media Rights! http://newmediarights.org/fairuse  CREDITS Writer/Producer: Jonathan McIntosh Motion Graphics: Jonathan McIntosh Logo Design: Justin McIntosh  Outro music: Jonathan Mann https://www.patreon.com/jonathanmann  Help us caption & translate this video!  https://amara.org/v/lDLh/",2018-09-01 04:54:39,1250,False,Pop Culture Detective,UCHiwtz2tCEfS17N9A-WoSSw,"Video essays exploring the intersections of politics, masculinity, and entertainment. Hosted by Jonathan McIntosh.

Help me make more videos!
https://www.patreon.com/popdetective"
t8xL7w1POZ0,Abduction As Romance,"[[ Content warning: movies scenes containing domestic abuse ]]   Help me make more videos! https://www.patreon.com/popdetective  Abduction as Romance is a media trope where a man kidnaps or imprisons a woman and she eventually falls in love with him. Abduction as Romance is one of a series of popular media tropes where violence against women and abusive male behavior is presented as necessary, exciting, or romantic.  PATREON If you’d like to see more long-form video essays focusing on the intersections of entertainment and masculinity, please help fund this series on Patreon: https://www.patreon.com/popdetective  PAYPAL If you'd rather make a one-time donation you can do that via PayPal: https://www.paypal.me/popdetective  TEXT TRANSCRIPT  http://popculturedetective.agency/2018/abduction-as-romance  COMMENTS All YouTube comments are held for approval due to the harassment of this channel. If you'd like to participate in constructive online conversations about this video, please share it on your social media networks.  FAIR USE All multimedia clips included in this video constitute a 'fair use' of any copyrighted material as provided for in Section 107 of U.S. Copyright law, which allows for criticism, comment and scholarship. Learn more about fair use with this awesome app by New Media Rights! http://newmediarights.org/fairuse  CREDITS Writer/Producer: Jonathan McIntosh Motion Graphics: Jonathan McIntosh Logo Design: Justin McIntosh  Outro music: Jonathan Mann https://www.patreon.com/jonathanmann  Help us caption and translate this video! https://amara.org/v/jyaJ/",2018-06-20 20:57:12,1327,False,Pop Culture Detective,UCHiwtz2tCEfS17N9A-WoSSw,"Video essays exploring the intersections of politics, masculinity, and entertainment. Hosted by Jonathan McIntosh.

Help me make more videos!
https://www.patreon.com/popdetective"
ytMUSmS9kSs,The Humanity of Movies from the 1980s,"Help me make more videos!  https://www.patreon.com/popdetective  The 80s movies that left the biggest impression on me as a kid weren’t necessarily from the most popular or iconic films. And they aren't referenced in Ready Player One. The cinematic moments that had the most profound impact on my childhood were unapologetically sappy and sentimental. In this video, I discuss 5 of my favorite lesser known movies from the 1980s that foster empathy and solidarity.   PATREON If you’d like to see more long-form video essays focusing on the intersections of entertainment and masculinity, please help fund this series on Patreon: https://www.patreon.com/popdetective  PAYPAL If you'd rather make a one-time donation you can do that via PayPal: https://www.paypal.me/popdetective  TEXT TRANSCRIPT  http://popculturedetective.agency/2018/1980s-movies-that-shaped-our-humanity  COMMENTS All YouTube comments are held for approval due to the harassment of this channel. If you'd like to participate in constructive online conversations about this video, please share it on your social media networks.  FAIR USE All multimedia clips included in this video constitute a 'fair use' of any copyrighted material as provided for in Section 107 of U.S. Copyright law, which allows for criticism, comment and scholarship. Learn more about fair use with this awesome app by New Media Rights! http://newmediarights.org/fairuse  CREDITS Writer/Producer: Jonathan McIntosh Motion Graphics: Jonathan McIntosh Logo Design: Justin McIntosh  Outro music: Jonathan Mann https://www.patreon.com/jonathanmann  Help caption & translate this video! https://amara.org/v/gMhD/",2018-04-01 05:01:48,841,False,Pop Culture Detective,UCHiwtz2tCEfS17N9A-WoSSw,"Video essays exploring the intersections of politics, masculinity, and entertainment. Hosted by Jonathan McIntosh.

Help me make more videos!
https://www.patreon.com/popdetective"
rZ1MPc5HG_I,Stalking for Love,"Stalking For Love is a popular media trope where invasive stalker-like behavior is presented as an endearing or harmless part of romantic courtship. The hero will often go to extraordinary lengths to coerce, trick or otherwise manipulate his way into a woman's life.  PATREON If you’d like to see more long-form video essays focusing on the intersections of entertainment and masculinity, please help fund this series on Patreon: https://www.patreon.com/popdetective  PAYPAL If you'd rather make a one-time donation you can do that via PayPal: https://www.paypal.me/popdetective  LIST OF STALKING FOR LOVE MOVIES:  https://letterboxd.com/popdetective/list/stalking-for-love  LINKS AND RESOURCES: • Are Hollywood movies teaching men and boys that predatory behavior is OK? http://www.latimes.com/opinion/opinion-la/la-ol-mcintosh-hollywood-predator-heroes-20180301-story.html • Stalking, actually: Men who reject rejection are not romantic heroes https://www.theguardian.com/commentisfree/2017/sep/12/stalking-men-rejection-romantic-sitcoms-films-creepy-women-boundaries • How Bollywood Plays a Role in Normalising Stalking https://thewire.in/162417/bollywood-stalking/ • Study finds romcoms teach filmgoers to tolerate 'stalking myths' https://www.theguardian.com/film/2016/feb/03/rom-coms-women-stalker-myth-study • Study: I Did It Because I Never Stopped Loving You http://journals.sagepub.com/doi/abs/10.1177/0093650215570653 • How Rom-Coms Undermine Women https://www.theatlantic.com/entertainment/archive/2016/11/its-rom-coms-fault-too/505928/  RECOMMENDED BOOKS • All About Love: New Visions by bell hooks https://www.amazon.com/All-About-Love-New-Visions/dp/0060959479 • The Will to Change: Men, Masculinity, and Love by bell hooks https://www.amazon.com/Will-Change-Men-Masculinity-Love/dp/0743456084  FULL TEXT TRANSCRIPT: http://popculturedetective.agency/2018/stalking-for-love-at-the-movies#more-6731  COMMENTS YouTube comments are held for approval due to harassment of this channel. If you would like to participate in constructive online conversations about this video, please share it on your social media networks. When videos get popular it's not always possible to short through every comment but I do the best I can.   FAIR USE All multimedia clips included in this video constitute a 'fair use' of any copyrighted material as provided for in Section 107 of U.S. Copyright law, which allows for criticism, comment and scholarship. Learn more about fair use with this awesome app by New Media Rights! http://newmediarights.org/fairuse  CREDITS Writer/Producer: Jonathan McIntosh Motion Graphics: Jonathan McIntosh Logo Design: Justin McIntosh  Outro music: Jonathan Mann https://www.patreon.com/jonathanmann  Help us caption & translate this video!  https://amara.org/v/fFaa/",2018-02-28 16:23:33,1432,False,Pop Culture Detective,UCHiwtz2tCEfS17N9A-WoSSw,"Video essays exploring the intersections of politics, masculinity, and entertainment. Hosted by Jonathan McIntosh.

Help me make more videos!
https://www.patreon.com/popdetective"
