Discovered_Channel_Name,Discovered_Subs,Score_Emb_Combined_AvgVec,Score_Emb_Hybrid_Titles,Score_Emb_Matrix_Avg,Discovered_Video_Count,Discovered_Channel_URL
Philip DeFranco,6610000,0.7727382,0.615,0.15353721380233765,2430,https://www.youtube.com/@philipdefranco
Patrick Cc:,2350000,0.73756945,0.776,0.16181495785713196,459,https://www.youtube.com/@patrickcc
j aubrey,1290000,0.7250293,0.679,0.1599222868680954,100,https://www.youtube.com/@jaubrey
Casey Aonso,651000,0.7081982,0.632,0.15776710212230682,197,https://www.youtube.com/@caseyaonso4270
ColdFusion,5110000,0.7042185,0.661,0.13748875260353088,543,https://www.youtube.com/@coldfusion
The Movie Cynic,216000,0.7024747,0.632,0.1560959815979004,112,https://www.youtube.com/@themoviecynic
SWOOP,944000,0.6929024,0.574,0.1628919243812561,184,https://www.youtube.com/@pettyuniversity
Cruel World Happy Mind,657000,0.69217765,0.659,0.163980633020401,129,https://www.youtube.com/@cruelworldhappymind
The Iced Coffee Hour,1470000,0.68920493,0.574,0.141520157456398,1304,https://www.youtube.com/@theicedcoffeehour
Coffeezilla,4340000,0.6880207,0.58,0.12792672216892242,534,https://www.youtube.com/@coffeezilla
Henry Belcaster,3340000,0.6878456,0.65,0.11896250396966934,911,https://www.youtube.com/@henrybelcaster
Alex O'Connor,1730000,0.67961776,0.375,0.0825706347823143,556,https://www.youtube.com/@cosmicskeptic
Ashley Norton,244000,0.6729785,0.713,0.15886469185352325,64,https://www.youtube.com/@ashleynorton
Joma Tech,2350000,0.67235565,0.464,0.09734071046113968,89,https://www.youtube.com/@jomakaze
oompaville,5850000,0.67176974,0.654,0.13870415091514587,1197,https://www.youtube.com/@oompaville
FunkyFrogBait,2880000,0.66980636,0.606,0.1133996844291687,186,https://www.youtube.com/@funkyfrogbait
tiffanyferg,829000,0.6688952,0.521,0.12667615711688995,284,https://www.youtube.com/@tiffanyferg
Sydney Watson,1110000,0.66822207,0.644,0.11485486477613449,223,https://www.youtube.com/@sydneywatson
Matt Walsh,3340000,0.6672138,0.668,0.12062615901231766,6443,https://www.youtube.com/@mattwalsh
Messy Michon Live,40400,0.6665548,0.539,0.11927294731140137,4469,https://www.youtube.com/@messymichonlive
It's Blanko,1620000,0.6644205,0.758,0.16969116032123566,859,https://www.youtube.com/@its.blanko
GaryVee,4720000,0.6625391,0.494,0.1272667646408081,6422,https://www.youtube.com/@garyvee
Blaire White,1540000,0.65704405,0.59,0.13216136395931244,467,https://www.youtube.com/@blairewhitex
All-In Podcast,955000,0.65428334,0.566,0.13252821564674377,735,https://www.youtube.com/@allin
Wall Street Millennial,346000,0.6518634,0.602,0.12519492208957672,870,https://www.youtube.com/@wallstreetmillennial
Nas Daily,14000000,0.6504934,0.485,0.09768838435411453,1629,https://www.youtube.com/@nasdaily
Cam Kirkham Reacts,373000,0.64760953,0.706,0.13040563464164734,468,https://www.youtube.com/@camkirkhambabyy
10g Colin,61100,0.64373875,0.527,0.12298409640789032,278,https://www.youtube.com/@10gcolin
King Exbee,10500,0.64242077,0.671,0.14092783629894257,60,https://www.youtube.com/@kingexbee
BlackWolfCompany,120000,0.6423662,0.626,0.15044938027858734,30,https://www.youtube.com/@bwc
Kidology,333000,0.63897526,0.563,0.11747557669878006,215,https://www.youtube.com/@kidologyco
State of Kait,98800,0.63808227,0.627,0.14671644568443298,569,https://www.youtube.com/@stateofkait
Deep Dive,612000,0.6341852,0.553,0.13526183366775513,81,https://www.youtube.com/@deepdiveproductions
Mujin,604000,0.63135076,0.583,0.15296895802021027,152,https://www.youtube.com/@mujinofficial
SunnyV2,4440000,0.6300429,0.734,0.15070083737373352,267,https://www.youtube.com/@sunnyv2
Internet Anarchist,1810000,0.6291936,0.716,0.15143170952796936,210,https://www.youtube.com/@internetanarchist
CNN Business,746000,0.6274544,0.565,0.09852723777294159,12229,https://www.youtube.com/@cnnbusiness
Edvasian,1070000,0.62487286,0.619,0.10887084901332855,480,https://www.youtube.com/@edvasian
JAMARI,1390000,0.62086356,0.682,0.1448487788438797,1145,https://www.youtube.com/@jamarispeaks
Rotten Mango,5940000,0.6202106,0.478,0.11325991153717041,425,https://www.youtube.com/@rottenmangopod
Matthew Cox | Inside True Crime,803000,0.61747235,0.544,0.1319529116153717,2329,https://www.youtube.com/@insidetruecrime
FoxAkimbo,194000,0.6139811,0.601,0.1544007658958435,237,https://www.youtube.com/@foxakimbo
Anik Singal,510000,0.6119864,0.449,0.10110491514205933,1285,https://www.youtube.com/@aniksingal
Gal,166000,0.61170256,0.575,0.14443108439445496,39,https://www.youtube.com/@melonmannnn
What's Trending,641000,0.61095583,0.633,0.12066154181957245,8447,https://www.youtube.com/@whatstrending
fantano,2030000,0.6094975,0.543,0.11186862736940384,1996,https://www.youtube.com/@fantano
Danny Rayes,1790000,0.608922,0.665,0.14650146663188934,2349,https://www.youtube.com/@dannyrayes
The Verge,3470000,0.60839945,0.452,0.08454852551221848,5637,https://www.youtube.com/@theverge
Vox,12700000,0.60654825,0.502,0.10522110015153885,1894,https://www.youtube.com/@vox
Turkey Tom,1560000,0.60613114,0.708,0.14132189750671387,266,https://www.youtube.com/@turkeytom
kate cassidy,30000,0.6050926,0.563,0.12304741144180298,60,https://www.youtube.com/@kate.cassidy
Ouachita Mountain Living ,69700,0.6030238,0.563,0.10916197299957275,363,https://www.youtube.com/@ouachitamountainliving
Graham Stephan,5120000,0.6014509,0.509,0.12207735329866409,1341,https://www.youtube.com/@grahamstephan
Tinysey,61800,0.5996897,0.573,0.11963074654340744,74,https://www.youtube.com/@tinysey
Sky Jack Morgan,12500,0.59813416,0.562,0.15605925023555756,6945,https://www.youtube.com/@skyjackmorgan
Bloomberg Originals,4830000,0.59759176,0.573,0.10686153173446655,49287,https://www.youtube.com/@business
Fosterfy,53800,0.59604347,0.508,0.11824219673871994,1271,https://www.youtube.com/@fosterfy
How It Happened,50800,0.59455174,0.568,0.09914471954107285,320,https://www.youtube.com/@howithappened
The Comments Section,3710000,0.59344006,0.645,0.10582168400287628,3854,https://www.youtube.com/@thecommentssection
More Perfect Union,2260000,0.58786696,0.637,0.11878697574138641,1543,https://www.youtube.com/@moreperfectunion
AFRO,22500,0.5865166,0.551,0.11910542845726013,13390,https://www.youtube.com/@afrotv
Nathan,486000,0.5864477,0.52,0.11657270044088364,870,https://www.youtube.com/@nathan.barnatt
ABC News,19100000,0.58597684,0.523,0.1018872931599617,106542,https://www.youtube.com/@abcnews
Chris Portal,26000,0.58457005,0.5,0.11615070700645447,51,https://www.youtube.com/@chrisportalbits
Valuetainment Short Clips,740000,0.583763,0.584,0.12745076417922974,9609,https://www.youtube.com/@valuetainmentshortclips
Visual Venture,1350000,0.58371246,0.658,0.15370304882526398,120,https://www.youtube.com/@visualventure
Fleshcore AI,56100,0.582599,0.389,0.10623545944690704,548,https://www.youtube.com/@mr_ai_creatorr
Haley Kalil,8070000,0.5825833,0.476,0.0888102576136589,4212,https://www.youtube.com/@haleyybaylee
PyroLIVE,1140000,0.5779234,0.563,0.10709607601165771,1313,https://www.youtube.com/@pyrocynicalvevo
Mina Le,1740000,0.5774865,0.582,0.1202319860458374,149,https://www.youtube.com/@gremlita
Celebified,17000,0.57686985,0.686,0.14084680378437042,621,https://www.youtube.com/@celebified3246
Misha Petrov,521000,0.57464373,0.704,0.13589368760585785,832,https://www.youtube.com/@realmishapetrov
Valuetainment,7060000,0.5739525,0.645,0.13253659009933472,10180,https://www.youtube.com/@valuetainment
Blooms,576000,0.57157886,0.581,0.17479942739009857,82,https://www.youtube.com/@bloomser
Louis Levanti,985000,0.57131517,0.517,0.12710116803646088,2887,https://www.youtube.com/@louislevanti_
Chris Williamson,3940000,0.5682242,0.567,0.1233433410525322,3815,https://www.youtube.com/@chriswillx
iNabber,1100000,0.56629467,0.606,0.14820244908332825,450,https://www.youtube.com/@inabber
First Things THRST,257000,0.5655601,0.496,0.09542884677648544,837,https://www.youtube.com/@firstthingsthrst
Bloomberg Technology,705000,0.5646429,0.433,0.08956997096538544,12942,https://www.youtube.com/@bloombergtechnology
Neil Patel,1500000,0.5644474,0.424,0.09955740720033646,2198,https://www.youtube.com/@neilpatel
BBC Global,702000,0.56406057,0.572,0.11617576330900192,703,https://www.youtube.com/@bbc_global
Yahoo Finance,1450000,0.5625448,0.447,0.10179176926612854,58834,https://www.youtube.com/@yahoofinance
CNBC Television,3270000,0.5613167,0.485,0.11390876770019531,149117,https://www.youtube.com/@cnbctelevision
TED,26800000,0.5602137,0.519,0.12658947706222534,5343,https://www.youtube.com/@ted
Think Media,3360000,0.55973744,0.398,0.08317844569683075,2812,https://www.youtube.com/@thinkmediatv
Hamish Hodder,282000,0.55928636,0.592,0.14344359934329987,560,https://www.youtube.com/@hamishhodder
Coding with Lewis,714000,0.5576651,0.396,0.06571944802999496,723,https://www.youtube.com/@codingwithlewis
Kiki Chanel,888000,0.5567341,0.586,0.13619595766067505,476,https://www.youtube.com/@kikichanel
The Will Spencer Podcast,12600,0.55661607,0.613,0.11349014192819595,465,https://www.youtube.com/@willspencerpod
Mark Tilbury,7110000,0.5563592,0.436,0.09616415947675705,288,https://www.youtube.com/@marktilbury
BJ Investigates,319000,0.5562913,0.578,0.12167612463235855,208,https://www.youtube.com/@bjinvestigates
Knowledge at Wharton,75200,0.55553293,0.487,0.09222347289323807,1141,https://www.youtube.com/@knowledgewharton
Crypto Mason 2,115000,0.5543766,0.398,0.09743397682905197,2539,https://www.youtube.com/@cryptomason2
CircleToonsHD,3590000,0.55391526,0.517,0.0959404781460762,477,https://www.youtube.com/@circletoonshd
Investing Basics,277000,0.55324805,0.555,0.15362708270549774,1366,https://www.youtube.com/@investingbasicsyt
Real Stories,6630000,0.5532326,0.607,0.12532922625541687,1220,https://www.youtube.com/@realstories
Financial Times,1360000,0.55253315,0.539,0.09961628913879395,10938,https://www.youtube.com/@financialtimes
SiliconANGLE theCUBE,74100,0.54841256,0.427,0.10099554806947708,18384,https://www.youtube.com/@siliconangle
Liam Donovan,178000,0.5483453,0.585,0.13900180160999298,79,https://www.youtube.com/@liamdonovanmusic
Brandon Conner,3140000,0.5456226,0.34,0.08763732016086578,2707,https://www.youtube.com/@brandonconner18
Learn Liberty,298000,0.54507023,0.567,0.11132624000310898,991,https://www.youtube.com/@learnliberty
The Plain Bagel,1100000,0.54377186,0.432,0.10390064865350723,257,https://www.youtube.com/@theplainbagel
TLDR News Global,1050000,0.54302263,0.444,0.09708384424448013,981,https://www.youtube.com/@tldrnewsglobal
T3Media Studios,14300,0.54267794,0.552,0.11424057185649872,4792,https://www.youtube.com/@t3mediastudios
The Late Show with Stephen Colbert,10400000,0.54160076,0.553,0.11719723790884018,12411,https://www.youtube.com/@colbertlateshow
Jaydone History,170000,0.5413783,0.553,0.15304863452911377,122,https://www.youtube.com/@jaydonehistory
Matteo Turi,42600,0.5395527,0.51,0.11028379946947098,240,https://www.youtube.com/@matteoturi
ButterFaces,156000,0.53862345,0.493,0.13937361538410187,684,https://www.youtube.com/@butterfaces
Have You Met Thomas,68300,0.5364363,0.422,0.11375202238559723,37,https://www.youtube.com/@haveyoumetthomas
Clara Dao,4100000,0.53519744,0.363,0.07163082808256149,1053,https://www.youtube.com/@claradao
Salesforce Ben,66800,0.534719,0.331,0.07477184385061264,666,https://www.youtube.com/@officialsfben
The Critical Drinker,2380000,0.53439796,0.569,0.12368308752775192,626,https://www.youtube.com/@thecriticaldrinker
Bloomberg Television,2920000,0.5332443,0.451,0.08720534294843674,86157,https://www.youtube.com/@markets
WIRED,12500000,0.5319538,0.528,0.11189253628253937,4093,https://www.youtube.com/@wired
Hugo Henderson,90800,0.53191197,0.523,0.14407306909561157,214,https://www.youtube.com/@hugohenderson
David Pakman Show,3380000,0.5313035,0.531,0.12200505286455154,41095,https://www.youtube.com/@thedavidpakmanshow
Rebel HQ,1410000,0.53117645,0.586,0.13487520813941956,16954,https://www.youtube.com/@rebelhq
MicroConf,110000,0.5297103,0.319,0.06339465826749802,529,https://www.youtube.com/@microconf
Not Malcolm,72000,0.529012,0.432,0.10134131461381912,105,https://www.youtube.com/@notmalcolm
Noah Kagan,1180000,0.52834666,0.335,0.08462491631507874,564,https://www.youtube.com/@noahkagan
KreekCraft,15200000,0.527539,0.491,0.11125849187374115,6218,https://www.youtube.com/@kreekcraft
TMR,218000,0.52644885,0.428,0.1124095767736435,1370,https://www.youtube.com/@themarinerapper
mattyballz,474000,0.52592695,0.645,0.14017140865325928,370,https://www.youtube.com/@mattyballz
Newsweek,679000,0.52397615,0.531,0.10456302762031555,13250,https://www.youtube.com/@newsweek
Pop Culture Brain,168000,0.52326685,0.623,0.13908910751342773,2293,https://www.youtube.com/@popculturebrain
MSP Radio,21300,0.5231961,0.419,0.09891552478075027,709,https://www.youtube.com/@mspradio
NewsNation,2440000,0.522998,0.531,0.10666564106941223,76669,https://www.youtube.com/@newsnation
Patty Pop Culture,216000,0.5224807,0.59,0.1403917521238327,675,https://www.youtube.com/@pattypopculture
Sundas Khalid,332000,0.5193615,0.383,0.07626811414957047,298,https://www.youtube.com/@sundaskhalid
Big Think,8350000,0.51765525,0.526,0.10884035378694534,9725,https://www.youtube.com/@bigthink
Daily Dose of Dana,52400,0.5166758,0.489,0.1254710853099823,1442,https://www.youtube.com/@thisisdanabowling
Japanalysis,392000,0.51543134,0.508,0.13251350820064545,98,https://www.youtube.com/@japanalysis
Aishah Jenmi,23900,0.51511264,0.667,0.14195585250854492,30,https://www.youtube.com/@aishahjenmi
It's Something,41800,0.51459515,0.468,0.12027592957019806,72,https://www.youtube.com/@itssomethingyt
Peter H. Diamandis,393000,0.5130986,0.47,0.12180005759000778,1621,https://www.youtube.com/@peterdiamandis
Jack LIVE,1140000,0.5128347,0.454,0.10382334142923355,1592,https://www.youtube.com/@jackdlive
"Parkev Tatevosian, CFA",379000,0.5124821,0.298,0.07381246984004974,6315,https://www.youtube.com/@parkevtatevosiancfa9544
Craig Chamberlin,43100,0.5123499,0.323,0.038936275988817215,1002,https://www.youtube.com/@craigchamberlin
Community,406000,0.5111171,0.495,0.10603464394807816,1113,https://www.youtube.com/@communityofficialchannel
Investing Simplified - Professor G,376000,0.5108994,0.399,0.081069216132164,739,https://www.youtube.com/@nolangouveia
Sambucha,10800000,0.51054716,0.365,0.07765886932611465,3517,https://www.youtube.com/@sambucha
Company Man,1790000,0.51024723,0.494,0.11050703376531601,449,https://www.youtube.com/@companyman114
The Daily Show,13200000,0.5101323,0.504,0.12620045244693756,7959,https://www.youtube.com/@thedailyshow
Techquickie,4330000,0.5101098,0.343,0.0493968166410923,1269,https://www.youtube.com/@techquickie
BlackySpeakz,1190000,0.5087383,0.577,0.14136971533298492,1128,https://www.youtube.com/@blackyspeakz
hxsain,4160000,0.507444,0.549,0.11146386712789536,2077,https://www.youtube.com/@hxsain
Everything Money Plus,23500,0.50673324,0.421,0.11953189969062805,262,https://www.youtube.com/@everythingmoneyplus
Complex,6820000,0.50567126,0.485,0.10076073557138443,5058,https://www.youtube.com/@complex
Lenny's Podcast,501000,0.5056538,0.413,0.09838541597127914,1507,https://www.youtube.com/@lennyspodcast
Fox News Clips,566000,0.5056082,0.528,0.10260070860385895,3765,https://www.youtube.com/@foxnewschannelclips
SWErikCodes,64900,0.5052378,0.375,0.07570260018110275,670,https://www.youtube.com/@swerikcodes
news.com.au,1290000,0.5051542,0.511,0.09147553145885468,17746,https://www.youtube.com/@newscomauhq
Brian Tyler Cohen,4860000,0.50510603,0.49,0.1287694275379181,6161,https://www.youtube.com/@briantylercohen
Danno Cal Drawings,3980000,0.5047424,0.395,0.07684680819511414,1150,https://www.youtube.com/@dannodraws
Jeff Geerling,1000000,0.5042853,0.38,0.06630836427211761,533,https://www.youtube.com/@jeffgeerling
Xevi,1180000,0.50303584,0.649,0.15325148403644562,510,https://www.youtube.com/@xeviuniverse
NBC 15,89700,0.5021361,0.514,0.09410897642374039,21283,https://www.youtube.com/@mynbc15
MsMojo,5710000,0.50207794,0.474,0.12040156126022339,10234,https://www.youtube.com/@msmojo
Economics Explained,2810000,0.5019616,0.484,0.10308674722909927,408,https://www.youtube.com/@economicsexplained
Ray William Johnson,18600000,0.50157994,0.617,0.1558428257703781,2939,https://www.youtube.com/@raywilliamjohnson
Mrwhosetheboss,21800000,0.5005584,0.387,0.07000994682312012,1852,https://www.youtube.com/@mrwhosetheboss
CBS Sunday Morning,1780000,0.49894732,0.519,0.09574025124311447,9119,https://www.youtube.com/@cbssundaymorning
Clarissa.C ,68600,0.4985521,0.59,0.13627764582633972,200,https://www.youtube.com/@ceetv.clarissa
Tim Todd,100000,0.49849606,0.437,0.0958440974354744,194,https://www.youtube.com/@timtodduk
Abbie Ree,49100,0.49848858,0.6,0.1465575397014618,38,https://www.youtube.com/@abbieree
The Hollywood Reporter,1300000,0.49762645,0.513,0.1221892312169075,12697,https://www.youtube.com/@hollywoodreporter
Jarrett Moore,80900,0.4957841,0.459,0.12819012999534607,24,https://www.youtube.com/@jarrettmoore6458
IGN,19500000,0.49530637,0.463,0.09426825493574142,175424,https://www.youtube.com/@ign
CNBC,4060000,0.4938656,0.478,0.08599970489740372,15767,https://www.youtube.com/@cnbc
GossipHerald,80600,0.49329993,0.534,0.12543505430221558,10080,https://www.youtube.com/@gossipherald
IBM Technology,1430000,0.49258202,0.333,0.06155986711382866,1442,https://www.youtube.com/@ibmtechnology
Lael Hansen,1220000,0.49235475,0.529,0.12461601197719574,121,https://www.youtube.com/@laelhansen
Robert Benjamin,863000,0.49194115,0.353,0.09387727826833725,1529,https://www.youtube.com/@robertbenjaminchannel
Content Machine,3780000,0.49143726,0.398,0.07998556643724442,1375,https://www.youtube.com/@content_machine
ShawnCeeLIVE,206000,0.4912786,0.508,0.12488367408514023,1011,https://www.youtube.com/@shawnceelive
MSNBC,9290000,0.49036413,0.565,0.12585528194904327,104887,https://www.youtube.com/@msnbc
Megyn Kelly,4050000,0.490196,0.59,0.1364753246307373,11646,https://www.youtube.com/@megynkelly
Real Alex Clark,679000,0.48936036,0.505,0.09658318758010864,3609,https://www.youtube.com/@realalexclark
Copper Digital,14800,0.48755202,0.367,0.06542138755321503,1107,https://www.youtube.com/@copperdigitalinc
TMZ,4970000,0.4861122,0.427,0.12131267786026001,20357,https://www.youtube.com/@tmz
Jarred Jermaine,4450000,0.48598546,0.499,0.09595387428998947,4187,https://www.youtube.com/@jarredjermaine
CBS News,6810000,0.48574686,0.462,0.08048481494188309,144196,https://www.youtube.com/@cbsnews
The Critical Analyst,35000,0.4854898,0.488,0.11985091865062714,1373,https://www.youtube.com/@the_criticalanalyst
Brut America,520000,0.4854287,0.532,0.10504896938800812,4481,https://www.youtube.com/@brutamerica
Olive's Closet,29400,0.48488563,0.3,0.056366823613643646,1536,https://www.youtube.com/@olivescloset
Nicholas Renotte,319000,0.48487398,0.264,0.0379769466817379,322,https://www.youtube.com/@nicholasrenotte
Catfished,545000,0.48483256,0.386,0.11521901190280914,2250,https://www.youtube.com/@catfishedonline
Data Orbit,26800,0.48437473,0.58,0.12404431402683258,4728,https://www.youtube.com/@dataorbit27
Breaking View USA,38100,0.4831818,0.493,0.10316683351993561,11967,https://www.youtube.com/@breakingviewusa
Observe,862000,0.4829713,0.527,0.12459328770637512,546,https://www.youtube.com/@observeyoutube
Offensive Tea,1150000,0.48283467,0.655,0.13737986981868744,235,https://www.youtube.com/@offensivetea
Kelly Scholas ,60900,0.4819138,0.515,0.1301001012325287,26,https://www.youtube.com/@kellyscholas
WatchMojo.com,25900000,0.48175138,0.453,0.13119171559810638,31323,https://www.youtube.com/@watchmojo
Musk Munition,149000,0.48115999,0.485,0.12738032639026642,875,https://www.youtube.com/@muskmunition
Learn With Shopify,818000,0.4808841,0.305,0.055096499621868134,1277,https://www.youtube.com/@learnwithshopify
NowThis Impact,4720000,0.4801798,0.48,0.08598852902650833,24487,https://www.youtube.com/@nowthisimpact
RKH Media,95200,0.47650033,0.459,0.132780984044075,284,https://www.youtube.com/@rkhmedia_
Mr. Beat,1300000,0.47373366,0.417,0.09081708639860153,851,https://www.youtube.com/@iammrbeat
katie robinson,58600,0.4733787,0.383,0.08690077811479568,352,https://www.youtube.com/@katierobinson
Mike the Credit Guy ,446000,0.47270185,0.41,0.10224325954914093,6177,https://www.youtube.com/@mikethecreditguy
The Moving Average,1100000,0.4721153,0.312,0.06715632230043411,1071,https://www.youtube.com/@themovingaverage
Storm Monroe,353000,0.4718321,0.483,0.12057685852050781,4580,https://www.youtube.com/@stormmonroe
CNN,18800000,0.47139925,0.514,0.09079163521528244,177002,https://www.youtube.com/@cnn
The Skinny Confidential,286000,0.4712438,0.516,0.11155835539102554,2667,https://www.youtube.com/@theskinnyconfidential
Rap Lore,40100,0.47042403,0.636,0.14899034798145294,272,https://www.youtube.com/@raplore
JeGaysus - THE Gay Jesus,66300,0.46902978,0.443,0.08532192558050156,1684,https://www.youtube.com/@jegaysus
FORGOTTEN HISTORY,975000,0.46768957,0.559,0.1331339329481125,1272,https://www.youtube.com/@forgottenhistorychannel
Larry King,590000,0.46721676,0.514,0.09029170125722885,6809,https://www.youtube.com/@larryking
Social Society w/ Brandon Clark,23200,0.4654365,0.477,0.1726677566766739,2864,https://www.youtube.com/@asocialsociety
Dexerto,865000,0.46537524,0.455,0.1114497110247612,4287,https://www.youtube.com/@dexerto
E! News,2450000,0.4652728,0.511,0.1226971447467804,30059,https://www.youtube.com/@enews
CouRage Gaming,2760000,0.46360952,0.402,0.09218920022249222,598,https://www.youtube.com/@couragegaming
SPEAKING OUT EXPOSING CORRUPTION AND INCOMPETENCE,11500,0.4615919,0.408,0.18252529203891754,476,https://www.youtube.com/@speakingoutexposingcorrupt6806
Inanimate Person,34700,0.46064964,0.448,0.10347083956003189,592,https://www.youtube.com/@inanimateperson
Vtubing Explained,10100,0.46060365,0.462,0.13785435259342194,18,https://www.youtube.com/@vtubingexplained
Zack D. Films,24100000,0.46002072,0.489,0.11443306505680084,2481,https://www.youtube.com/@zackdfilms
Fox News,14600000,0.45922482,0.534,0.12106221169233322,128505,https://www.youtube.com/@foxnews
Independent Institute,86400,0.45869192,0.472,0.09652190655469894,883,https://www.youtube.com/@independentinstitute
Neuro-sama,787000,0.457785,0.504,0.10359621047973633,392,https://www.youtube.com/@neurosama
KARE 11,397000,0.45685533,0.31,0.05751834064722061,58913,https://www.youtube.com/@kare11
List 25,2760000,0.4551161,0.378,0.08861466497182846,3022,https://www.youtube.com/@list25
BakerInstitute,21400,0.4550099,0.479,0.0972047746181488,2305,https://www.youtube.com/@bakerinstitute
Lynn Odhiambo ,183000,0.4547028,0.432,0.08847609907388687,860,https://www.youtube.com/@africaqueenz
The Hill,2120000,0.45452237,0.509,0.1084185391664505,40169,https://www.youtube.com/@thehill
MoreMojo,79200,0.45444867,0.572,0.14268173277378082,3874,https://www.youtube.com/@moremojo
Bree Lenehan,550000,0.45410782,0.374,0.08108385652303696,196,https://www.youtube.com/@breelenehan
Miraenda,51200,0.45254213,0.33,0.09621982276439667,3341,https://www.youtube.com/@miraenda
OnThatNote,54800,0.4523582,0.443,0.13489162921905518,443,https://www.youtube.com/@onthatnoteyt
Roland S. Martin,1880000,0.4519741,0.502,0.12689092755317688,28464,https://www.youtube.com/@rolandsmartin
CodeHead,49300,0.45168012,0.336,0.07052404433488846,104,https://www.youtube.com/@codehead01
Tyrecordslol,5780000,0.4483084,0.346,0.07569338381290436,1892,https://www.youtube.com/@tyrecordslol
Tori Trades,545000,0.4480908,0.253,0.05984131991863251,985,https://www.youtube.com/@toritrades
Humbled Trader,1400000,0.4475859,0.231,0.04890458658337593,991,https://www.youtube.com/@humbledtraderofficial
Secret Society,75400,0.4473204,0.587,0.147786483168602,33,https://www.youtube.com/@notsecretsociety
No Intervals,88500,0.44684234,0.408,0.09239163994789124,1061,https://www.youtube.com/@nointervalslive
KCAU-TV Sioux City,40300,0.4441626,0.317,0.07330571860074997,58256,https://www.youtube.com/@kcautvsiouxcity
Politicon,389000,0.4438828,0.475,0.11286722868680954,2868,https://www.youtube.com/@politicon
NTD News,68500,0.44351736,0.357,0.107408307492733,4666,https://www.youtube.com/@ntdnews
Daryna Popach,1120000,0.44235596,0.351,0.09239774942398071,3101,https://www.youtube.com/@darynapopach
Chizeled,638000,0.44155797,0.4,0.14654482901096344,2094,https://www.youtube.com/@chizeled
The Professor Of Real Estate ,63600,0.44125462,0.505,0.09357953071594238,158,https://www.youtube.com/@greg_barron
ZipTrader,838000,0.44121897,0.279,0.07121491432189941,781,https://www.youtube.com/@ziptrader
The Groove,23200,0.44085097,0.578,0.1345524787902832,64,https://www.youtube.com/@the_groove
Lisa Cabrera,165000,0.44013223,0.463,0.0915006548166275,15294,https://www.youtube.com/@lisamcabrera
Our History,945000,0.4353796,0.493,0.10389640927314758,739,https://www.youtube.com/@ourhistory
HISTORY,15000000,0.429637,0.45,0.09718800336122513,10995,https://www.youtube.com/@history
Feel the Boot,12000,0.42938268,0.327,0.08066459745168686,280,https://www.youtube.com/@feeltheboot
The National Desk,617000,0.4286462,0.422,0.08129548281431198,26137,https://www.youtube.com/@thenationaldesk
ABC 7 News - WJLA,224000,0.42693326,0.403,0.08179592341184616,27583,https://www.youtube.com/@7newsdc
BBC News,18800000,0.4265974,0.509,0.0971919372677803,27356,https://www.youtube.com/@bbcnews
Philip VanDusen,306000,0.4263292,0.32,0.07414530217647552,555,https://www.youtube.com/@philipvandusen
Bulldog Mindset,387000,0.42539993,0.441,0.0840073749423027,4864,https://www.youtube.com/@bulldogmindset
The Daily Signal,967000,0.42260644,0.502,0.12005068361759186,4904,https://www.youtube.com/@dailysignal
Andy Jiang,3210000,0.42246914,0.436,0.11404267698526382,2515,https://www.youtube.com/@andyyjiang
EconplusDal,364000,0.4214809,0.285,0.06130719557404518,729,https://www.youtube.com/@econplusdal
Where Are They Now?,40200,0.42139482,0.504,0.13554726541042328,627,https://www.youtube.com/@officialwherearetheynow
FRONTLINE PBS | Official,3210000,0.41898152,0.417,0.11842844635248184,1177,https://www.youtube.com/@frontline
HBO Max,2790000,0.41802382,0.408,0.11475919187068939,204273,https://www.youtube.com/@hbomax
Matthew Wellington,20300,0.41797155,0.595,0.17218372225761414,45,https://www.youtube.com/@matthewwellingtonreacts
Vanity Fair,4770000,0.4170392,0.399,0.09045873582363129,3379,https://www.youtube.com/@vanityfair
TradingLab,1830000,0.41401657,0.263,0.050540853291749954,205,https://www.youtube.com/@tradinglabofficial
Yuval Noah Harari ,779000,0.41391134,0.405,0.11556226015090942,489,https://www.youtube.com/@yuvalnoahharari
ByteMonk,290000,0.4116609,0.285,0.04273314028978348,453,https://www.youtube.com/@bytemonk
LiveNOW from FOX,5300000,0.41087765,0.36,0.0593237541615963,27024,https://www.youtube.com/@livenowfox
Stanford Graduate School of Business,2650000,0.41027498,0.482,0.08787062764167786,3691,https://www.youtube.com/@stanfordgsb
The Young Turks,6340000,0.4089891,0.575,0.1161622628569603,69558,https://www.youtube.com/@theyoungturks
SwyperTv,235000,0.40859014,0.366,0.11305452883243561,358,https://www.youtube.com/@swyper-tv
CBN News,2610000,0.40554404,0.504,0.0923495665192604,42349,https://www.youtube.com/@cbnnewsonline
STREETDAWG WORLDWIDE,18100,0.4048617,0.428,0.12299957126379013,315,https://www.youtube.com/@streetdawgworldwide
KIDS FIRST!,30100,0.4047401,0.403,0.09336096048355103,5436,https://www.youtube.com/@kidsfirstfilmcritics
Sean Feucht,245000,0.4038238,0.465,0.10694947838783264,2122,https://www.youtube.com/@seanfeucht
Biography,1080000,0.40344745,0.454,0.11214537173509598,1617,https://www.youtube.com/@biography
Libertarianism.org,43600,0.40292156,0.496,0.11649683862924576,1279,https://www.youtube.com/@libertarianismdotorg
Dr. Shadé Zahrai,1350000,0.4018519,0.387,0.08740133792161942,390,https://www.youtube.com/@shadezahrai
Coach Schuman Sports and Entertainment,1460000,0.40041918,0.427,0.10148777812719345,17792,https://www.youtube.com/@coachschuman
Dr. Todd Grande,1640000,0.39855266,0.459,0.10182879120111465,3791,https://www.youtube.com/@drgrande
Tech With Tim,1890000,0.3962737,0.263,0.039740316569805145,1698,https://www.youtube.com/@techwithtim
Critikal Reacts,50600,0.3944405,0.416,0.09612549096345901,1073,https://www.youtube.com/@critikalsleep
Veritasium,19400000,0.3943924,0.474,0.08573497831821442,465,https://www.youtube.com/@veritasium
USA TODAY,7410000,0.39323157,0.49,0.0833347737789154,28777,https://www.youtube.com/@usatoday
The Washington Examiner,219000,0.39321402,0.397,0.08698293566703796,23650,https://www.youtube.com/@washingtonexaminer
The Wall Street Journal,6460000,0.39099926,0.423,0.07465573400259018,28361,https://www.youtube.com/@wsj
CTV News,2160000,0.38910395,0.427,0.08396096527576447,78438,https://www.youtube.com/@ctvnews
Angelica Pham,1080000,0.38889962,0.221,0.04402442276477814,1490,https://www.youtube.com/@angelicapham
J.J. McCullough,1000000,0.38801914,0.408,0.07429684698581696,591,https://www.youtube.com/@jjmccullough
Armchair Analysis,112000,0.3859306,0.604,0.17810192704200745,43,https://www.youtube.com/@armchairanalysisx
Criminal Tracks,31900,0.3858028,0.475,0.1388482302427292,299,https://www.youtube.com/@criminaltracks
Actualized.org,1120000,0.38571632,0.378,0.08031899482011795,531,https://www.youtube.com/@actualizedorg
New York Post,2270000,0.38470566,0.48,0.09296795725822449,31640,https://www.youtube.com/@nypost
CBS Miami,670000,0.38211876,0.389,0.08382230252027512,103453,https://www.youtube.com/@cbsmiami
HealthyGamerGG,3100000,0.38096702,0.474,0.10051869601011276,2298,https://www.youtube.com/@healthygamergg
Top 10 Beyond The Screen,479000,0.3805191,0.535,0.12650583684444427,5954,https://www.youtube.com/@top10beyondthescreen
Pixelade,230000,0.37996987,0.316,0.09295250475406647,2137,https://www.youtube.com/@pixelade
Outstanding Screenplays,1670000,0.37871474,0.402,0.09856841713190079,2107,https://www.youtube.com/@outstandingscreenplays
WGN News,667000,0.3784683,0.35,0.0643293634057045,78199,https://www.youtube.com/@wgntv
Entertainment Tonight,7460000,0.37782848,0.448,0.1053832471370697,51467,https://www.youtube.com/@entertainmenttonight
InspiringPhilosophy,493000,0.37709612,0.326,0.07950005680322647,1268,https://www.youtube.com/@inspiringphilosophy
Alex Pavlova 💛 BeautyForEverybody,28300,0.37592828,0.238,0.057852886617183685,2450,https://www.youtube.com/@beautyforeverybody
First We Feast,15100000,0.37468213,0.407,0.08692479133605957,2575,https://www.youtube.com/@firstwefeast
Tommy Robinson,560000,0.3718636,0.426,0.10169241577386856,493,https://www.youtube.com/@tommyrobinsononline
CinemaBlend,323000,0.3712145,0.459,0.10632947087287903,3221,https://www.youtube.com/@cinemablend
Sharrell's World,614000,0.37095696,0.38,0.0848216861486435,3411,https://www.youtube.com/@sharrellsworld
Gareth Soloway,200000,0.37055594,0.29,0.07458733767271042,1553,https://www.youtube.com/@garethsolowayprotrader
SocialOrbit,254000,0.37045085,0.336,0.07888758182525635,495,https://www.youtube.com/@socialorbit
Filmy Charcha with Kunal,24600,0.3695244,0.411,0.11975439637899399,1235,https://www.youtube.com/@filmycharcha-with-kunal
Alan's Universe,97300000,0.36866912,0.421,0.12735335528850555,1486,https://www.youtube.com/@alanchikinchow
Intentional Tech,16000,0.36860526,0.258,0.046047721058130264,265,https://www.youtube.com/@intentionaltech
Billie Rae Brandt,456000,0.3665799,0.368,0.10203913599252701,495,https://www.youtube.com/@billieraebrandt
Umar Ashraf,879000,0.364579,0.236,0.061033476144075394,668,https://www.youtube.com/@umarashraf28
ox_zung 원정맨,12100000,0.36233136,0.315,0.12137652188539505,2322,https://www.youtube.com/@oxzung
Clen,16500,0.361566,0.4,0.0976317748427391,2926,https://www.youtube.com/@clen-
TED-Ed,22100000,0.3571095,0.457,0.08256961405277252,2311,https://www.youtube.com/@teded
Justin Sung,1830000,0.35702187,0.248,0.047915369272232056,824,https://www.youtube.com/@justinsung
Massachusetts Institute of Technology (MIT),945000,0.35685095,0.359,0.0824919044971466,916,https://www.youtube.com/@mit
Momentum,867000,0.35627252,0.269,0.06318669766187668,1275,https://www.youtube.com/@watchmomentum
PsycHacks,931000,0.35349452,0.437,0.09870590269565582,2063,https://www.youtube.com/@psychacks
FOX 5 New York,946000,0.35280177,0.315,0.07621923834085464,22832,https://www.youtube.com/@fox5ny
LeopARTnik,1560000,0.35188773,0.259,0.06008974835276604,632,https://www.youtube.com/@leopartnik
Bopping,196000,0.3504907,0.433,0.10384996980428696,779,https://www.youtube.com/@boppingyt
Andy Sterkowitz,351000,0.3495133,0.251,0.05884451046586037,154,https://www.youtube.com/@andysterkowitz
Sage,24300,0.34717888,0.287,0.04631369933485985,1178,https://www.youtube.com/@sagepublications
Auditing Reno 911,30700,0.34703875,0.451,0.09037765115499496,6337,https://www.youtube.com/@auditingreno911
Cinephile Explained,25900,0.3437891,0.357,0.10859186947345734,209,https://www.youtube.com/@cp_explained
Bloomberg News,2700000,0.34366524,0.4,0.08858074247837067,37673,https://www.youtube.com/@bloomberg-news
The Trench Family,11900000,0.34274912,0.424,0.11202767491340637,2901,https://www.youtube.com/@thetrenchfamily
Simplilearn,5620000,0.3372333,0.218,0.030324306339025497,10083,https://www.youtube.com/@simplilearnofficial
RARE History,60100,0.33390215,0.493,0.1200442910194397,1072,https://www.youtube.com/@rarehistory3416
BUILD Series,444000,0.3333862,0.311,0.09469165652990341,14423,https://www.youtube.com/@buildseriesnyc
YaleCourses,1630000,0.33331123,0.359,0.07911349087953568,2157,https://www.youtube.com/@yalecourses
Weird History,4700000,0.33325613,0.478,0.10261859744787216,1045,https://www.youtube.com/@weirdhistory
Docentes DigitalesTV,13900,0.3327902,0.285,0.08812753856182098,2350,https://www.youtube.com/@docentesdigitalestv
Mentality Madness,137000,0.3314041,0.361,0.07273819297552109,341,https://www.youtube.com/@mentalitymadness
MorgueOfficial,689000,0.33090872,0.436,0.10389749705791473,1241,https://www.youtube.com/@morgueofficial
Robert Greene ,2060000,0.32779413,0.503,0.09394779801368713,765,https://www.youtube.com/@robertgreeneofficial
Yasir Khan Shorts,392000,0.3273906,0.275,0.04806005209684372,2082,https://www.youtube.com/@yasirkhancoaching
Rebecca Zung,524000,0.32645828,0.358,0.11175341159105301,2390,https://www.youtube.com/@rebeccazungesq
Yahoo News,191000,0.3186375,0.315,0.10625918209552765,3581,https://www.youtube.com/@yahoonews
FOX 26 Houston,702000,0.31747437,0.252,0.042955316603183746,31965,https://www.youtube.com/@fox26houston
The Financial Controller,304000,0.3124462,0.2,0.020923178642988205,246,https://www.youtube.com/@thefinancialcontroller
ByteByteGo,1290000,0.31170177,0.28,0.03979011997580528,157,https://www.youtube.com/@bytebytego
Washington Post,2810000,0.3079876,0.445,0.07083292305469513,23860,https://www.youtube.com/@washingtonpost
Jacob Clifford,1020000,0.3044705,0.228,0.04215850308537483,541,https://www.youtube.com/@jacobaclifford
ACM SIGCHI,26000,0.30305085,0.326,0.07234512269496918,18023,https://www.youtube.com/@sigchi
TEDx Talks,43800000,0.30240512,0.339,0.07277040183544159,246451,https://www.youtube.com/@tedx
Two Teachers,41000,0.30132544,0.277,0.0602932870388031,469,https://www.youtube.com/@twoteachers
tutor2u,1630000,0.29891235,0.333,0.07914653420448303,6013,https://www.youtube.com/@tutor2u-official
Easy Forex Pips,254000,0.29818156,0.25,0.06043904647231102,4636,https://www.youtube.com/@easyforexpips
History Unleashed,144000,0.2958161,0.247,0.0673108771443367,259,https://www.youtube.com/@historyunleashedofficial
Celeb Buss Central,882000,0.29527593,0.297,0.09781661629676819,1764,https://www.youtube.com/@celebbusscentral
Institute for Justice,494000,0.29526913,0.391,0.08098841458559036,654,https://www.youtube.com/@instituteforjustice
Sherrynews,28400,0.2936572,0.258,0.09651507437229156,588,https://www.youtube.com/@sherrynews
CBC News,4430000,0.28778803,0.341,0.0725051611661911,41220,https://www.youtube.com/@cbcnews
Mirkojax,33600,0.28590363,0.089,0.0018717700149863958,4669,https://www.youtube.com/@mirkojax
DRM News,540000,0.28535476,0.328,0.07746502012014389,37531,https://www.youtube.com/@drmnewsinternational
MasterClass,1600000,0.2849868,0.204,0.04868290200829506,709,https://www.youtube.com/@masterclass
Doctorly,3460000,0.27939165,0.191,0.035050198435783386,446,https://www.youtube.com/@doctorly
DonnyGoogle Tv ,56400,0.27685744,0.279,0.10727301239967346,573,https://www.youtube.com/@donnygoogletv
ReviewEcon,36800,0.26853615,0.241,0.0702490583062172,163,https://www.youtube.com/@reviewecon
EnhanceTuition,27500,0.26525947,0.301,0.0608680360019207,306,https://www.youtube.com/@enhancetuition
Lakepointe Church,455000,0.26307437,0.35,0.08884348720312119,1024,https://www.youtube.com/@lakepointechurch
Department of Economics,17900,0.26094437,0.236,0.04909643158316612,319,https://www.youtube.com/@economicsuofutah
Parliamentarian,58400,0.26051533,0.351,0.07595785707235336,1029,https://www.youtube.com/@parliamentarian
FreshY Canadian,163000,0.25790402,0.202,0.0480048805475235,163,https://www.youtube.com/@freshycanadian
emilywking,902000,0.25158376,0.284,0.06808333843946457,2773,https://www.youtube.com/@emilywking
Fore Play Golf,574000,0.24960148,0.338,0.07197082787752151,4245,https://www.youtube.com/@foreplaygolf
Learn English  ,11000,0.2469143,0.304,0.07407636940479279,96,https://www.youtube.com/@nirmalprincelearnenglish
Chess.com,2680000,0.24202187,0.33,0.07518239319324493,6530,https://www.youtube.com/@chess
Compass ,21700,0.2397899,0.183,0.025406427681446075,1305,https://www.youtube.com/@compassre
BrrrakeF1,128000,0.2291538,0.198,0.04038689285516739,159,https://www.youtube.com/@brrrake
Kanika Batra,154000,0.22228768,0.336,0.0927010327577591,251,https://www.youtube.com/@kanikabatra
CrashCourse,16700000,0.2089018,0.333,0.08225418627262115,1651,https://www.youtube.com/@crashcourse
Bussin' With The Boys,670000,0.20888507,0.2,0.040151551365852356,4482,https://www.youtube.com/@bussinwiththeboys
Dr. Mary Barbera - Turn Autism Around®,204000,0.20641688,0.198,0.03944163769483566,1296,https://www.youtube.com/@marybarbera
Proko,4150000,0.205966,0.245,0.04754463955760002,1116,https://www.youtube.com/@prokotv
"IT Creations, Inc.",15400,0.17386073,0.116,0.020347122102975845,385,https://www.youtube.com/@itcreations-la
WISN 12 News,229000,0.16847444,0.191,0.027119865640997887,68949,https://www.youtube.com/@wisn
Intuitive Tennis,328000,0.16387558,0.171,0.030947549268603325,900,https://www.youtube.com/@intuitivetennis
Shemmassian Academic Consulting,40700,0.16199458,0.195,0.04781113564968109,465,https://www.youtube.com/@shemmassian
