channel_id,name,subscribers,video_count,country,frequency,description_preview
UC5jAU-dDCbwtY9_i6BuQFdA,CutEverything,87,511,VN,3,"✂️ CutEverything brings you short films and documentaries about business, money, cryptocurrency, technology and the people shaping our world.

💸 From the rise and fall of billion-dollar empires to the..."
UCvz84_Q0BbvZThy75mbd-Dg,Zack D. Films,24100000,2463,unknown,2,"A Collection of Things I Find Interesting 


"
UCfdNM3NAhaBOXCafH7krzrA,The Infographics Show,15300000,5841,US,2,"Facts are fun, but most are presented in boring and badly edited videos. The Infographics Show focuses on making animated motion infographic videos, made in a fun and entertaining way. 

Software that..."
UCCHoZSsdaqP0q3T0LAXWdQA,Top 10 Things,3820,59,unknown,1,"""𝐇𝐞𝐥𝐥𝐨 𝐅𝐫𝐢𝐞𝐧𝐝'𝐬, 𝐏𝐥𝐞𝐚𝐬𝐞 𝐒𝐮𝐛𝐬𝐜𝐫𝐢𝐛𝐞 𝐓𝐨 𝐌𝐲 𝐘𝐨𝐮𝐓𝐮𝐛𝐞 𝐂𝐡𝐚𝐧𝐧𝐞𝐥 𝐓𝐨 𝐆𝐞𝐭 𝐊𝐧𝐨𝐰𝐥𝐞𝐝𝐠𝐞 𝐀𝐥𝐥 𝐎𝐯𝐞𝐫 𝐓𝐡𝐞 𝐖𝐨𝐫𝐥𝐝 𝐓𝐡𝐚𝐧𝐤 𝐘𝐨𝐮 ☺️❤️""

""𝐇𝐞𝐫𝐞,𝐘𝐨𝐮 𝐅𝐢𝐧𝐝 𝐀𝐧𝐲𝐭𝐡𝐢𝐧𝐠.𝐖𝐡𝐞𝐫𝐞 𝐔𝐩𝐥𝐨𝐚𝐝𝐞𝐝 𝐓𝐡𝐞 𝐁𝐞𝐬𝐭 𝐓𝐨𝐩 𝟏𝟎 𝐋𝐢𝐬𝐭𝐬 𝐀𝐛𝐨𝐮𝐭 𝐄𝐯𝐞𝐫𝐲𝐭𝐡𝐢𝐧𝐠 𝐘𝐨𝐮 𝐂𝐚𝐧 𝐓𝐡𝐢𝐧𝐤..."
UCauFw0dCT76i_Kz7XdFGjEg,Chilling Crime Stories,140,66,unknown,1,"True crime, cold cases, and chilling mysteries told like never before. New stories every week. Uncover the darkest crimes,  and true stories that keep you up at night. 🔪🕯️ Step into the shadows with C..."
UCCuZ0r9pDMI8DwhtRV1fNhg,Danno Cal Drawings,3980000,1148,US,1,"Right now I upload a short nearly every day and stream most saturdays - Check out my other couple channels too :D seriously though, thanks for checking out my little corner :)

only subscribe if you t..."
UCJWKjrrUh2KL1d3zXQW79cQ,EXPLORE WITH US,7050000,491,US,1,Welcome to EXPLORE WITH US. We're a news agency committed to delivering factual information about police procedures and local news events. Our documentaries aim to educate the public without bias. Our...
UC-g_O9HWb5B0rVDG1hLd5Hw,EYstreem,12900000,2147,AU,1,"When waves rise, You still them.🌊 (Psalm 89:9)
Hey! Do you love Minecraft and Gaming content? Then Subscribe to jump on the EYwave and ride with me in my next video! I can't wait to see you there 😜

O..."
UCZLFu8bHbwtnIgWLg5UtINw,vidIQ,2280000,2296,US,1,"We help YouTubers get more views, more subscribers, and get monetized. Let's grow together!

This is YOUR YouTube education! 

Here you will find tips, tricks, and guides on how to grow your YouTube c..."
UC9zkhz_mSljSGl6-rmvSo9Q,ScienceNine,47100,25,CA,1,"Videos about Space, Science, and Beyond"
UCdl3ece6ZfQwsiLbMnh2bCw,AstroKobi,2860000,772,AU,1,Education for all.
UCIFk2uvCNcEmZ77g0ESKLcQ,The Why Files,5350000,367,US,1,"The Why Files is a channel for people who are fascinated (obsessed) with mysteries, myths, legends and conspiracies. We tell stories, seek the truth, and have a few laughs along the way.

📬 Mailbox:
Q..."
UCJINK23Gg1xaqFa7yg90bLw,Podcasts Recapped,1020,121,unknown,1,We highlight the most actionable insights from the world's leading podcasts. 
UCPNKv8Wt3DY2R2RmkkQpI7Q,Corporation Watch,84,81,US,2,"Welcome to Corporation Watch – where the truth behind the boardroom gets exposed! 🕵️‍♂️💼 From shady corporate dealings to the dark side of billion-dollar empires, we uncover the wrongdoings of powerfu..."
UCL5RSUdzpCPdZxIFw6ryaow,Ai Pulse ,6,12,unknown,1,"Welcome to Ai Pulse — where we cut through the noise and get straight to the biggest stories, breakthroughs, and secrets in artificial intelligence.

I’m here to bring you the latest AI news, wild pre..."
UCehBVAPy-bxmnbNARF-_tvA,More Perfect Union,2240000,1534,US,2,"More Perfect Union is an Emmy-winning, nonprofit newsroom whose mission is to build power for working people. Here’s what that means: We report on the real struggles and challenges of the working clas..."
UC7qxuJnsADaskQrIBvtBdrA,MetaverseMentors,421000,454,unknown,1,"Daily Crypto, NFT& Metaverse Updates from Billionaires
DM me on Instagram for Paid Promotions @metaversementors 

📧 Business@incomeparent.co"
UCRmGm1uCb9O-PyfPblb6wnA,AI Conversations,65,102,IN,1,"Welcome to ""AI Conversation"" – the ultimate space where Artificial Intelligences talk, debate, joke, and explore ideas on their own!

On this channel, you’ll experience unique and entertaining convers..."
UCxEXSuI8mtYhgE3HInhuhog,ControlAI,4320,530,GB,1,"ControlAI is fighting to Keep Humanity in Control. Join our campaign! https://campaign.controlai.com
"
UC5LlHFGkWp3ziRY_bdJDmVg,Ohh Niten,2,3,IN,1,hi
UC91S6O8y8CtuB7YlP7I1SZA,Business Saga,112,21,US,1,"Business Saga – The Untold Stories of Business
From inspiring success stories to tragic failures, from dark corporate secrets to legendary rivalries — Business Saga reveals the stories that shaped the..."
UCftG4eO4XAQ5kOb1J10fYxQ,Rumen Ahmed,0,3,unknown,1,
UCEENWVBdvDy-QWfuQoXC9HQ,Species | Documenting AGI,195000,19,US,1,AI news.
UCupvZG-5ko_eiXAupbDfxWw,CNN,18800000,176819,US,1,"CNN is the world leader in news and information and seeks to inform, engage and empower the world. Staffed 24 hours, seven days a week by a dedicated team in CNN bureaus around the world, CNN delivers..."
UClogVqKsal63mDqNLGJ-ClA,iCentury,4710,1377,IN,2,"""Join us on an epic journey of discovery and imagination. What If explores the infinite possibilities of our universe, bringing you face-to-face with extraordinary scenarios that challenge our underst..."
UCvCYE-3TrY1GAe2l8K08N-w,Digital Engine,577000,22,GB,1,"AI, science and tech. 
  
"
UCV2rpDtv_YR4ytALNBvUOVQ,Alternate Realities,31,22,unknown,1,"At Alternate Realities, we use the power of storytelling and cutting-edge AI to reimagine the pivotal moments of history. Each episode explores a different “What If” scenario — blending real historica..."
UCHhYXsLBEVVnbvsq57n1MTQ,The AI Advantage,395000,624,PT,1,"Build Your AI Toolkit: Practical Tutorials & Weekly Updates You'll Actually Use
"
UCBRYeSGcB8VoemMQ9IW978w,shogoz,146000,750,AU,1,"Welcome to the official channel of shogoz, also known as shogozftw and pixelshogoz! If you're a fan of Steal a Brainrot Roblox & 99 Nights in the Forest Roblox – you're in the right place. I cover eve..."
UCJRRleWQEEZnz3utzqEmVbA,Docuseries,7,57,US,1,"Docuseries brings you weekly, high-quality documentary videos exploring true crime, history, science, technology, and untold stories from around the world. Each episode combines deep research, cinemat..."
UCBQm3YIViD1VTetKp880iEQ,MogulsMedia,8,17,US,1,"🎥 Mini Movies on Business & Money

💸 Business is one of the most fascinating stories ever told — empires rise and fall, fortunes are made and lost, and companies battle to shape the future. A mogul is..."
UClk81dSb4CPLSk6P1jegx6A,ETERNUM,7,9,US,1,"Welcome to ETERNUM. This is more than a channel; it's a journey into the soul of what it means to be human. Through breathtaking visual storytelling and powerful cinematic films, we explore the timele..."
UCiDiAIon5iWqMkODTL6-h9w,The Last Story Keeper,37,17,unknown,1,"Collection of Videos I find Fascinating
Enjoy .

#Storytelling #FolkTales #TheStoryTeller
"
UCLvr4NZGWXzIh21VRoUC6Gg,Roy StoryTales,68,53,US,4,"Welcome to Roy StoryTales – your destination for true horror stories, scary tales, and paranormal mysteries that will keep you awake at night.

Here, we bring you real-life encounters, eerie folklore,..."
UCD_GtQX-WuV5C-GXmIiLAyw,AI MoralBurrow,839,70,PK,1," Welcome to MoralBurrow — Where Every Tale Has a Heartbeat! 🐰📖
In a world full of noise, MoralBurrow is a quiet corner where stories whisper timeless lessons.

Why we created this channel:
Not just to..."
UCUxzMP205gnSiP0hPW-PyzQ,Toufikopedia,937,20,unknown,1,"🔍 Discover fascinating facts, unsolved mysteries, scientific wonders, and life-changing insights from around the world—presented in Bangla.Behind every mystery, there’s a story—we tell it.

🎥 We creat..."
UCUahTFpKE6StkfKxTdwSMQA,"The forgotten, the forbidden, the buried...",6,50,BR,1," Obscura Chronicles dives deep into the shadows of history to reveal what the world was never meant to know.

Uncover chilling stories of hidden conspiracies, forbidden rituals, secret societies, and ..."
UCRWnIRZjQrgpSqE5vykIklA,True Soul Stories,5580,8,US,1,"Welcome to TrueSoul Stories — a place where real lives come to light.
Each episode reveals stories of love, pain, courage, and hope — moments that remind us how powerful the human heart truly is.

🎙 S..."
UC9yjvpVG3DARuaVoWYVh0YQ,Dazzling,0,1,unknown,1,
UCaxCvHbt9TiViFSVHGnQqIQ,Nerds and Mics,71,122,unknown,1,"Welcome to the nerdiest podcast ever!

Our Names are Brad and jack! We get into movies, Tv shows, Video games, Music and every now and then discuss some hot topics as well!
New episodes weekly!!
"
UC8LQKvQviSRXGuz5wrXdmmw,The Curious Cobra,807000,394,IN,1,"This channel is all about curiosity. In the modern world, we encounter various questions as to why this happens, why is something like this? This channel tries to answer the question WHY? in a humorou..."
UCRK3R8P41-CvLvO0UvKohog,Ryan Duke,9,7,unknown,1,Artist.
UCM3J2MkF0PMisZwOJAg8yFQ,Dave Stratton,51,243,unknown,1,
UCfg9jHHg1TovB-yVABnj4zQ,The Toonscout,322,26,unknown,1,"Hello Troops...I'm your Toon scout -Gautham Acharya
Comic lover & Animator"
UCkrErXs3JE11g9esg7_3Gxg,LAMRE,3910,202,IT,1,"Welcome to LAMRE – where we Learn, Aspire, Master, Reflect, and Evolve together.

At LAMRE, we bring you powerful and emotional storytelling that inspires personal growth, sharpens your mindset, and f..."
UC8MalTYHvpmBKt5y365hDmQ,Crime World ,79300,1185,IE,1,"Follow us:
- Instagram: https://www.instagram.com/crimeworldwithnicolatallant
- TikTok: https://www.tiktok.com/@crimeworldnicolatallant 
- Twitter: https://twitter.com/CrimeNicola

Listen:
- Apple Pod..."
UCY8SLLJjWpS4sx1dEqECaIw,Tyler Oliveira,8290000,576,US,3,"filmed on an iPhone.
Help me pass 100 subs! 

For other brand opportunities / if you want to get in contact with me:
contact@oliveiraentertainment.com

GO FOLLOW ME ON...
Instagram: https://www.instag..."
UCcZTNx7hWaj-gMA0npvgsSg,MalOutThere,353000,790,unknown,1,City of Lost Dreams 
UCoMdktPbSTixAyNGwb-UYkQ,Sky News,8980000,68239,GB,1,"The full story, first.

Download the Sky News app: https://onelink.to/skynews"
UCTklam7pd1JR7hsyw6lkb1Q,Arthur Turner,108000,4,GB,1,6 figure a month agency at 22🏆
UCSKicS9JZCN7Cu3wkSn_A_Q,Flash And Finesse Podcast ,55700,285,unknown,1,"Instagram - @reestaxxfg_
Tiktok - @reestaxxfg_
Instagram - @shizzwick.fg77
Tiktok - @mrcutyourwateroff
"
UCytbWDTXFErSDgj0rlVwH3A,THE GLOBAL NEWS,946,965,IN,1,"📰 Welcome to THE GLOBAL NEWS AI – the future of news delivery.

Our AI-powered news anchors bring you the latest breaking news, world events, business insights, technology updates, sports highlights, ..."
UC-cVx1kVHhiJss5EZdwawPA,CineDrama,678000,1143,US,1,"Welcome to CineDrama!

CineDrama is your ultimate destination for thrilling cinematic experiences!

Our YouTube channel is dedicated to showcasing the very best in action-packed movies, intense martia..."
UCyWpRDBBb84ogtALVskwciw,AML FILMS,367000,3242,US,1,"Bringing light to so many different people and their stories. Giving them a platform to share with the world, real and raw experiences."
UCxzO6qXHzMhfTiWlnum_Zjw,Cass K,541,13,unknown,1,
UCrJCsEPCG31OLjr76RbGmUQ,Brain Tickle,4780,162,unknown,1,"Welcome to Brain Tickle! Dive deep into a treasure trove of random yet riveting facts from around the world. From the mysterious depths of the ocean to the vast expanse of space, we uncover the most i..."
UCElF_pnVvp7K7XNfXbFDxKg,Inmyst,12700,45,US,1,"Everything about the Celebritites 🎬🎭

"
UCi645Dx0Vk7tzbKq-dQ7b-g,Unfiltered Stories,435000,1404,US,1,"On Unfiltered Stories, we offer a platform for our guests to speak openly about their life stories and journeys, shedding light on the challenges they faced and the resilience they've shown.

Our miss..."
UCQbzE9f9DACb5C-VkDTFffQ,ALL TIME MEDIA ,206000,2117,US,1,"All Time Media Interviewing The People Without A Voice 

Email Us : Builtfsmedia@gmail.com

https://gofund.me/1b39cafb

Buy Atm A Coffee. - https://www.buymeacoffee.com/builtfsmedi


All Time Media Me..."
UCKTrRrMOaeYltDtM5FdMBYg,LazorEffect,432000,6433,US,1,"𝐇𝐞𝐲 𝐄𝐯𝐞𝐫𝐲𝐨𝐧𝐞 𝐈𝐭'𝐬 𝐍𝐚𝐭𝐡𝐚𝐧 𝐎𝐫 𝐘𝐨𝐮 𝐂𝐚𝐧 𝐂𝐚𝐥𝐥 𝐌𝐞 𝐋𝐚𝐳𝐨𝐫! 🤟🏻

𝐈 𝐏𝐨𝐬𝐭 𝐒𝐜𝐚𝐫𝐲, 𝐅𝐮𝐧𝐧𝐲, 𝐈𝐧𝐭𝐞𝐫𝐞𝐬𝐭𝐢𝐧𝐠, 𝐔𝐧𝐢𝐪𝐮𝐞 𝐀𝐧𝐝 𝐌𝐨𝐫𝐞 𝐄𝐧𝐭𝐞𝐫𝐭𝐚𝐢𝐧𝐢𝐧𝐠 𝐂𝐨𝐧𝐭𝐞𝐧𝐭 𝐅𝐨𝐫 𝐘𝐨𝐮 𝐆𝐮𝐲𝐬!
𝐏𝐥𝐞𝐚𝐬𝐞 𝐍𝐨𝐭𝐞 𝐌𝐲 𝐕𝐢𝐝𝐞𝐨𝐬 𝐀𝐫𝐞 𝐅𝐨𝐫 𝐄𝐧𝐭𝐞𝐫𝐭𝐚𝐢𝐧𝐦𝐞𝐧𝐭/𝐄𝐝𝐮𝐜𝐚𝐭𝐢𝐨𝐧𝐚𝐥 𝐏𝐮𝐫𝐩..."
UCHpw8xwDNhU9gdohEcJu4aA,The Guardian,2500000,7473,GB,1,"The Guardian brings you news and documentaries about current global issues.

The Guardian has been providing high-impact, independent journalism since 1821, always free from commercial and political i..."
UCmFeOdJI3IXgTBDzqBLD8qg,Moon,1570000,323,unknown,2,"Videos on what's really happening in the world.

Business Email: moonreal.inquiries@gmail.com

Free weekly essays written by Moon - https://mailchi.mp/3ded12821743/moon

►  Become a Patron:  https://w..."
UCFQMnBA3CS502aghlcr0_aw,Coffeezilla,4310000,533,US,1,"I uncover scams, fraudsters and fake gurus that are preying on desperate people with deceptive advertising. If you have to ask... it’s probably too good to be true.
SUPPORT THE CHANNEL: patreon.com/co..."
UCF8x70Sa8vejl5vgmEgqO8A,Jason Payne,309,1380,unknown,1,"
Scale Mastermind
Every Tuesday • 9 AM • Mesa, AZ
Scale your Business
Small Business Coach
"
UCOm5D1K20slB4ETh8hfIBZg,cocomemes,1590000,380,US,1,"Just good vibes here — funny and heartwarming videos to make your day. 



Copyright Disclaimer:

All content used in this channel is intended for entertainment, commentary, and educational purposes o..."
UCel2FW-aAKimLE-R0izie2A,Masti tach,834000,504,IN,1,"Hi, viewers
My name is Himanshu Bhadoriya and this is my channel ""Masti Tach"" 🧿

Masti Tach is a horror besed channel. 🧿

In my channel you will see some amazing horror video that you haven't seen it ..."
UCja7QUMRG9AD8X2F_vXFb9A,The Royalty Family,32200000,832,US,1,"Welcome To THE #ROYALTY FAMILY Youtube Channel. We are a modern blended family based in Los Angeles that love to entertain you. We believe in family, fun, Love and are passionate about fashion, comedy..."
UCmLQ0TRBI-uj__y9jvU9fGw,Best Sonam 22,1790,394,IN,1,"Hello Friends,

Welcome to my youtube channel Best sonam 22 Dance video 😊

Please like share and subscribe 💐

"
UCG0Qf22I90f8iTyu7ttv0Gw,Dire Horror,52400,294,US,1,"🙏 Welcome to My channel Dire Horror – Your ultimate destination for spine-chilling horror short videos.

🎬 We create terrifying and horror short stories, creepy encounters, ghost tales, and paranormal..."
UCW39O0Fmryk_yxalbHn8VIw,Vaishu's Ulagam,3100,1150,IN,1,"☆Welcome to Vaishu's Ulagam, your go-to space for exploring a world of exciting content! From captivating stories and thought-provoking discussions ,travel  and lifestyle tips,healthy cooking to nouri..."
UCImisRlZTVQ0vblWjjYih4Q,Spencer Lackey,457000,976,unknown,1,I’m not panicking you’re panicking
UCYmSceAV4YN2VW_JSQwFVGw,Amanda Castrillo,8860,208,unknown,1,"Chaotic Nerd Content.

tiktok: @amandajustvibin
insta: @amandajustvibin
"
UCKSVUHI9rbbkXhvAXK-2uxA,Supercar Blondie,21900000,2024,GB,1,"To buy or sell the rarest cars on the planet, head to our auction platform SBX Cars: https://go.sbxcars.com/SBXAuctions
"
UC3j51IOFN9Tu8tXtcOZqbRQ,ANY icON,572000,839,IN,1,"Welcome To ""ANY icON""

Hello Friends, It's Anirudh

Every person loves knowledge and after taking this into consideration we have started this channel, here you would get educational and knowledgeable..."
UCj5K5MThs1DpTWIG6AOVPBw,Dark Robot,26500,63,US,1,Horror and fantasy stories. 
UCEUYMM-sDyfCgLBA-3EAPaw,it's 11 oclock ,494,25,IN,1,"
🕚 “11 बजे सब बदल जाता है…”
3 नियम, एक कहानी, और डर जो आपके पीछे खड़ा

आपका मेरे चैनल पर स्वागत है 


🎥 Welcome to a world where fear has a voice...
On this channel, you’ll find AI-generated horror st..."
UC_JOUf3Fi41QkSawKI7--iw,Wk Official,412000,415,unknown,1,"Dream of 1 Million Subscribers Let's do it  ❤️ 

This is my original content i am creating it from my self so please kept subscribe to my channel ❣️

Thank You for being my Subscriber 😊

This is our u..."
UCDHdiedPwCRvafXq1I2j0dA,Christian Cagle,63700,49,US,1,arachnophobia: fear of spiders 🕷
UC4dD7XXdwPIrTLStHwfsJOQ,World List,2080000,2669,US,1,"World5List is all about highly entertaining top 5 videos in a fun, fast paced, educational format that no other list channel is using! Our videos are packed with funny, crazy, scary, sad and sometimes..."
UCQXHTFnQYFTqN0MqmNh9EIA,BBC World Service,1630000,2295,GB,1,"👋🏽 Welcome to the official BBC World Service YouTube channel.
Whether you are looking for podcasts, documentaries, interviews or explainers, if you are interested in global stories, we hope you will f..."
UCkQO3QsgTpNTsOw6ujimT5Q,BE AMAZED,13400000,2103,unknown,1,"Amazingly interesting bite-sized documentary-style fact videos. From most amazing people to future technology creations to facts about amazing mysteries — if it’s amazing, we'll make a video on it. Oh..."
UCNDlxHqR3ofCP7SVCZ0BdIg,Jude Bela,173000,148,US,1,"I tell important stories from Africa.

For Business/Sponsor Inquiries: judebelainvestigations@gmail.com.


"
UC3WCUmboRSypDtn_I9Booww,OCG TV,78000,77,unknown,1,"Welcome to OCG TV. We bring you high quality mini documentaries, covering the most fascinating stories from the criminal underworld. "
UCODHrzPMGbNv67e84WDZhQQ,fern,4040000,96,NL,1,"Armchair documentaries, almost weekly

Made by: 
@hoogyoutube
@Simplicissimus
"
UCkRmoZiR_SOssKA89m1eYJg,Only Human,2700000,849,GB,1,"Only Human celebrates and explores the unique and personal qualities we all have. 
Our channel offers a range of Documentaries and Shows about human experiences and life journeys - while looking at th..."
UCo_ZvIqAy9nvDwA3vxXy6Iw,Beyond the Frontline: WW2 Stories,13,14,US,1,"Welcome to Behind the Frontline: WW2 Stories — a channel that brings to life the untold battles, hidden missions, and personal experiences of World War II.
Explore the true stories behind the chaos — ..."
UCF9iKrbqQV8bwHRbXS0_cgw,REAL 3D DATA,188,43,IN,1,Thanks!!!!!! 🙏 
UCvrQF9KNM2aqSpR_etwESzg,Certained Facts,120000,141,US,1,A channel where you find interesting daily US ranking videos
UC_ZR3lKBFJM-VX-JTgF7dfA,Into The Deep - True Crime,213000,344,US,1,"Hey there and welcome to Into The Deep! (ITD). Making true crime documentary cases from around the world. Just true crime, no fiction.

For any concerns, business inquiries, please email.

"
UCCsREoj8rSRkEvxWqxr74rQ,Cybernews,749000,2137,US,1,"Cybernews is an independent media outlet, where journalists and security experts debunk cyber by research, testing and data.
Subscribe for breaking news, original investigations, product reviews and o..."
UCCFAhfMvHmqSO1W8sRQShqQ,Crime Recap,8,4,unknown,1,
UCWBWgCD4oAqT3hUeq40SCUw,Sambucha,10800000,3508,unknown,1,"I enjoy making content :) 

Inquiries: sambuchalul@gmail.com
"
UCaHFxHeMxHeU_SVSG5fk38A,Wise,80800,203,US,1,"Hi, I’m Alex from Orlando. I just like making cool videos about things I like. That’s really it."
UC8SsLrswXK-yyHC7vdPaJ8g,Deadly Quest,144000,244,unknown,1,
UCKVsdeoHExltrWMuK0hOWmg,KTN News Kenya,3260000,177818,KE,1,"
"
UC3_qYh4foNgVXI7NzcuxlCA,Matthew Cox | Inside True Crime,797000,2321,US,1,"My name is Matthew B. Cox and I’m a con man. I served 13 years in federal prison for a variety of bank fraud related charges, and I’m 100 percent guilty of them all. As you can imagine, I have always ..."
UCwMaWqZ6SdDpTaYOW0huELw,Vidello Productions,159000,389,GB,1,"On this channel, we dive deep into the lives of billionaires, uncovering their luxurious lifestyles, private jets, exclusive estates, and the secrets that define their success. 

But we don't stop the..."
UCXW_DdWtSviKkF7IDCq5_hQ,Cash Curiosities,0,18,IN,1,"💰 Welcome to Cash Curiosities – Where Money Gets WEIRD! 💸
Dive into shocking finance secrets, bizarre money stories, and hidden economic truths you won’t find anywhere else. We uncover the wildest cor..."
UCEOCok6_wZiVw6O3bzXosDw,Zero to Millions,18,27,MY,1,"💰 Welcome to Zero To Millions
We share easy tips and smart ideas about money, saving, investing, and growing your income.

Whether you're just starting or already on your way, we’re here to help you b..."
UCQ0pkDM9vkGcf12365DoPGQ,Globle Dark Side,10,18,US,1,"Globle Dark Side, Discovering topics that will shape the future of the global economy with infographic videos

""The hidden market force that brings demand and supply to an equilibrium""
"
UCIXX8VqhFewJ4XJTjjdRnYw,Money Route,3150,405,unknown,2,"🎉 Welcome to MONEY ROUTE, where money secrets meet futuristic fun! 🚀

💡 Unlock the Hacks, Ditch the Boring Stuff!
Tired of snooze-worthy finance advice? We’re here to turn dollars into dopamine! MONEY..."
UCHCClgUB-YWIvY2hRpwGpxg,pro investors,26,35,US,1,"Welcome To Pro investor :
uncover wealth
"
UCLJ0PEGr5OAHt-_jqE0qv5Q,Crafting Video Official,108,35,unknown,1,
UCNE5VEPseM9Rf5Qi37H6Sjg,Money Boss Smoke,240,42,GB,1,"Welcome to Money Boss Smoke 💸🔥

Dive into the world of the ultra-wealthy with Money Boss Smoke, your ultimate channel for exploring the extravagant lifestyles, habits, and success stories of the riche..."
UCe3abvxujqWZK4VM7MJwobA,storyblocks2.0,345,544,IN,2,"2025 Aim 10K Subscribers, i wish you  already subscribed...


History is dedicated to bringing you high-class documentaries on YouTube for free. You will see fascinating documentaries showing the past..."
UCPDXXXJj9nax0fr0Wfc048g,Dropout,15100000,5112,US,1,"Welcome to Dropout's Youtube channel! We used to be CollegeHumor, but after 20 years, everyone getting fired, and launching a streaming service, we decided to rebrand (the old videos are all still the..."
UCbSJN5WMo-Hu2nIVi16s95A,Evil-god94,46100,105,unknown,2,"Hey Everyone! Welcome to ""Evil•god"" YouTube Channel! 📌🖇️👀
I created this channel for android games and pc games i upload daily videos about mobile and pc related games and gaming news so if you're int..."
UCAK-QXJb6UiVdfIz0uNDhrw,AR Palmistry_Numerology9,258000,2158,unknown,1,"Asad Palmist Contact
Whatsapp +923210555000
https://wa.me/+923210555000

Instagram link: 
https://www.instagram.com/palmistry_numerology19

I am an expert palmist, numerologist, ilm e jaffar, ilm ul a..."
UC-ykQRwwDX2pvJarUkppX2g,Subbbyy,182000,829,unknown,1,Thankful for all my subscribers :)
UCIyCXxOCbPa5uZGNTU4H-Ww,Avinash Kumar,3770000,881,unknown,1,"Follow this channel to become smart, because sooner or later you will find your friends talking about this channel. 

For Queries and Business: aestheticcollaborations@gmail.com

Managed by: Conixmedi..."
UCNTpozDlSkqcoU6DKs7VPJw,DempodShorts,71600,376,ZA,1,"Just a take on some of the most compelling, entertaining and enlightening podcast clips from the Joe Rogan Experience "
UCeM6kyLWFd-_mY5BxlZi4Yg,Business Profusion,440,79,US,1,"Business Profusion is a progressive media company, focusing on innovation in world business and technology. 

🎥 Videos about Business Case Studies, Tech Innovations, Scandals, Crime, Unspoken Truth, a..."
UCKWTHRsZ3Q7YSINEryKH8Gg,247paps.tv,394000,2165,US,1,"We here at 247paps.tv eat, breath and sleep Positive celebrity Content , We focus on such celebrities as #JustinBieber, #OneDirection , #Rihanna & #ArianaGrande #BTS . So  Subscribe , Like and Share o..."
UC_hK9fOxyy_TM8FJGXIyG8Q,Dhar Mann Studios,26200000,1738,US,1,"Hi, I’m Dhar Mann! My passion is sharing stories that inspire, uplift, and bring a little more positivity into the world.

When I started Dhar Mann Studios, my dream was to create family-friendly, TV-..."
UCX281vmK3kYM3LK-PrqJMZw,Janique ,9700,703,US,1,On this channel I will be discussing Topics that affect black women and all women in general. I will be talking about jealousy and envy amongst women and in friendships. I will share some cooking reci...
UCnpOlzpWAjg03o8sOd6K1xw,Coffee and Cults,314000,86,GB,2,"One woman & her cat explore cults, scams, downfalls & more from their living room. We'll also explore more topics like celebrities, fraud, TV behind the scenes, deep dives, MLM's, gambling, influencer..."
UCqTSWtEdySNlnbD40PmQsPg,Vault Files,7,9,unknown,1,"Uncovering the secrets behind empires, scandals, and fortunes"
UCcKBpB-P-ihnMitoXHhBu5w,Spark Vision TV,375,144,US,1,"✨ Welcome to Spark Vision TV!
Step into the world of extraordinary stories, powerful ideas, and untold truths.
From ancient mysteries to modern breakthroughs, from iconic leaders to hidden innovators ..."
UCxwdp_yG0J6UTI_Lt6FOZEw,Get Magnetized!,0,1,GB,1,"""Welcome to Get Magnetized! We dive deep into the captivating world of business, exploring the epic rises and falls of the titans who shaped our economy. From rags-to-riches stories to corporate scand..."
UCUMZ7gohGI9HcU9VNsr2FJQ,Bloomberg Originals,4820000,49279,US,1,"Bloomberg Originals offers bold takes for curious minds on today’s biggest topics. Hosted by experts covering stories you haven’t seen and viewpoints you haven’t heard, you’ll discover cinematic, data..."
UCzxKef_ekfMMdtPG1DULqKA,Tycoon Media,21,54,unknown,1,
UCySPaJYUgTe8fw2EAWI2Gxw,MINIMALISTIC,1070,32,IN,1,"
AI Podcast for those who are seeking growth and acquire knowledge.

"
UC1Myj674wRVXB9I4c6Hm5zA,Apple TV,2200000,3299,US,1,"The official rabbit hole of Apple TV

Apple TV is a streaming service with original stories from the most creative minds in TV and film. Watch now on the Apple TV app: https://apple.co/_AppleTVapp
"
UC0vxvXSLPNRrDa12WJxcZQg,Leapfrog Crypto,3320,67,US,1,"We make animated videos simplifying the most interesting ideas in the world of Cryptocurrency, Decentralized Finance, and Web3.
"
UCWo_im5HsWahBQi1Zkda65w,Magnatess Media,0,109,US,1,
UCDeOxPsFwUm5GjyhoKisOKQ,Hidden Sparks ,74,54,US,1,"Unlock 🔓 fascinating hidden facts, surprising truths, and little-known secrets that will blow your mind and spark your curiosity!

Hopefully, everyone can enjoy these videos as we explore a variety of..."
UCNruPWfg4GUGw3RcwaKtsXQ,Dogwoof,34800,766,unknown,1,"Dogwoof is a globally renowned documentary specialist integrating production, world sales and UK theatrical distribution. Dogwoof has so far released 34 Oscar®-nominated documentaries, with five wins ..."
UCWYOCkFMLC8almJ2OS3OtXA,TycoonMedia ,112,346,US,1,"🎬 Mini Movies About Business & Money 💰

💸 Business is a thrilling journey! From empires rising and falling, to fortunes made and lost… and companies battling it out to change the world. 🌍💥 A Tycoon is..."
UCz1GPotHecuLngiLuY739QQ,Rotten Tomatoes TV,1290000,13025,unknown,1,"Welcome to Rotten Tomatoes TV! We bring you the hottest trailers from the most talked-about scripted cable, network, and streaming shows as well as the best scenes from your favorite series. Subscribe..."
UCFa2hGreOxUxp_tIjH6SmLw,Empire of Lies,3,3,unknown,1,"Empire of Lies is a docuseries channel exposing the scandals, scams, and downfalls behind money, power, and ambition. From billion-dollar frauds to luxury crimes, from corporate cults to health and we..."
UCTd08bYLVmO6sMR0ftRltuQ,NothingButTech,253000,625,unknown,1,"Optimistic Tech Interviews & explainers! Deeply researched and highly energizing:) 

I'm 23 years old! 

Guest lectured at @Harvard, @MIT, @Cornell & The US Congress Forbes 30u30 2025

For partnership..."
UC0jVwqMoyAu6J0S0GMrnOBA,Multi Gossip,1510,178,PK,1,"This channel aims to provide multiple info about technology, digital marketing, AI tools, social media marketing, technology research, technology management, travel, tourism, home management and life ..."
UChcpRAdCyFdo78TOUMlVGSw,Top10 Facts Club,4750,546,US,1,"Welcome to Top10 Facts Club — your ultimate source for shocking truths, unsolved mysteries, and mind-expanding knowledge!
We dive deep into the most unexpected, unexplored, and unbelievable Top 10 fac..."
UC9r_Ya05s-7p5OIjby8nw6g,PureEliteVibes,421,77,IT,1,"Welcome to PureEliteVibes, your ultimate destination for all things luxury, elegance, and exclusive lifestyle. 

 Join us and discover how wealth can be an art form!
https://www.youtube.com/channel/UC..."
UCmDgjmqNkeFDQanGN_Jmc8g,CypherMind ,2,2,unknown,1,
UCAhDXe43oUNISCvOf0-1c4g,The legend profile.,1370,31,unknown,1,Step into the lives of the world’s most extraordinary figures — from fearless revolutionaries and visionary leaders to misunderstood geniuses and iconic trailblazers. The Legend Profile brings you pow...
UCbEbpvqXFEdwgJAU_e_PajQ,Just Internet Things,27600,519,US,1,"

Mens glowup channel"
UCmfhpPWcDt_HgMCb8vzjkww,Techno research tube,476,169,GB,1,"Welcome to Technology based research Tube! This channel offers a wealth of knowledge on technology tips, online business strategies, business documentaries, financial issues, and historical insights. ..."
UCFN6lQpfY8XIRdhv9G-f4bg,Henry Belcaster,3340000,907,US,1,"Explaining nerdy stuff like you're 5.

We're building the next Duolingo: https://www.brainblast.com/
Read our daily comic: https://www.smartnonsense.com/
Hire our editors: https://www.clipt.co/

📧 hen..."
UCbG-JX0arzjkMMm5nRIHnFw,The Insight Lab,1290,42,US,1,"Short movies about business and Wealth Through Stories

Business is more than just profits and losses—it's about visionaries, game-changers, and the rollercoaster of building something that can stand ..."
UCII7ou5RUtI8Zlxwb563reg,Ancient tales,38,14,US,1,"""Unlock the past with [Ancient tales]! We bring history to life through fascinating stories of legendary figures, epic events, and forgotten moments that shaped our world. From ancient civilizations t..."
UClwCxaQ_k0sCKWQjBRciT-Q,Business Boost,1240,131,FR,1,"Subscribe for the latest news and mini-movies on business, entrepreneurs, and success stories.

On Business Boost we will go through business brands, entrepreneurs and success stories. As an entrepren..."
UC5hAB0GF8-56KbAlvK37g4w,The Business Legends,5050,104,IN,1,A Comprehensive Business Guide to Help you Stay on the Right track as you Embark on your Entrepreneurial Journey.
UCO8htHWSGk1LP7FnYwCdE4g,Magnet Documentry,2480,85,ES,1,"Subscriber Magnet Documentary 
"
UCxm_CZje5H6zkmLznVlJgqA,The Dirty Game,16,31,SA,1,"Power. Money. Corruption.
Welcome to The Dirty Game — where we expose the secrets that built empires and destroyed them.

Every episode uncovers the truth behind the world’s biggest corporate scandals..."
UCC3rNVHBCRMsMyFwwkJUTEg,The Insight Archive,11,9,PK,1,"Welcome to The Insight Archive, your premier destination for in-depth, thought-provoking, and visually stunning documentaries. Our channel is dedicated to exploring the vast tapestry of human history,..."
UCYSQpTFRtVUoAyqXPevGZuA,Millionaires & Billionaires Playground,35500,740,US,1,"This channel explores my discoveries and perspectives on various topics through entertaining documentary-style mini videos ""Millionaire & Billionaire"" is your gateway to the opulent world of success, ..."
UC1bztHzlCZTwE1jV4SzZSOw,PowerTrace,41,251,EG,1,"Uncover the hidden forces behind money, power, and influence.
At PowerTrace, we dive deep into the untold stories of business empires, financial scandals, and the minds that shaped the modern world.

..."
