Channel_ID,Channel_Name,Date_Added,Processing_Status,Embedding_Score,LLM_Score,niche
UCLXo7UDZvByw2ixzpQCufnA,Vox,2025-10-31T14:04:59.168315,seed,,,Current Events - Documentary
UCZFMm1mMw0F81Z37aaEzTUA,NDTV,2025-10-31T14:04:59.170067,filtered_country_IN,,,
UCs0OK0Z6_6nMN-B1FDBtXBw,Dhani Iandika,2025-10-31T14:04:59.170067,scored,0.242,0.2,Agriculture - Educational Tutorials
UCn4sPeUomNGIr26bElVdDYg,NowThis Impact,2025-10-31T14:04:59.170067,scored,0.744,0.67,Social Issues - Documentary
UCIALMKvObZNtJ6AmdCLP7Lg,Bloomberg Television,2025-10-31T14:04:59.170067,scored,0.391,0.3,Financial News - Talking-Head Analysis
UCx-KWLTKlB83hDI6UKECtJQ,HBO Max,2025-10-31T14:04:59.170067,scored,0.57,0.2,Entertainment - Vlog
UC8sVn1Nei99nJ8gpoFX0s0g,Penelope Scott - Topic,2025-10-31T14:04:59.170067,scored,0.265,0.3,Music - Documentary
UCFJ4mb3Qjup0DRjAzV7W_8Q,RARE FACTS,2025-10-31T14:04:59.170067,filtered_videos,,,
UChamurUK7hzdnBd0LcEHLzw,Cancel Me Later,2025-10-31T14:04:59.170067,filtered_subs,,,
UCChSuwAR1y8P7DA07ftAd5w,Information Man Show,2025-10-31T14:04:59.170067,scored,0.666,0.47,Social Issues - Podcast/Interviews
UCU_nlLzlVPFLJxB_iEwtwBw,Michael Moore,2025-10-31T14:04:59.170067,scored,0.839,0.54,Social Commentary - Podcast/Interviews
UCtC8jgm2a8_v3J3qT17v4kw,Legal Clinic By Lalit,2025-10-31T14:04:59.170067,filtered_country_IN,,,
UC2j1xlnnhU6DJ5SInd0xgmA,Know Your Rights,2025-10-31T14:04:59.170067,scored,0.453,0.54,Legal Rights - Educational Tutorials
UCAdZHIY1ZKSEcPH0DsqB-QA,Casual Cattle Conversations,2025-10-31T14:04:59.170067,filtered_subs,,,
UCb72Gn5LXaLEcsOuPKGfQOg,DW Planet A,2025-10-31T14:04:59.170067,filtered_country_DE,,,
UCb1Ti1WKPauPpXkYKVHNpsw,LBC,2025-10-31T14:04:59.170067,scored,0.726,0.67,Current Affairs - Podcast/Interviews
UCLHyzSNMJZVtQaBs9uWO4vA,feqwix,2025-10-31T14:04:59.170067,scored,0.257,0.2,Education - Educational Tutorials
UChOJtVfmReK8X2e4Bx3GddA,MRI masood,2025-10-31T14:04:59.170067,filtered_country_IN,,,
UCMk8U2Hmfdxqn3zrCq2g9oQ,The Federalist Society,2025-10-31T14:04:59.170067,scored,0.736,0.76,Law and Public Policy - Educational Tutorials
UCgXXn2HYOZ-gHAP54psiM2A,Global Landscapes Forum - GLF,2025-10-31T14:04:59.170067,filtered_country_DE,,,
UCbQpsn0-BPw6LMkyIud_D-A,Christiane Amanpour Presents: The Ex Files,2025-10-31T14:04:59.170067,scored,0.667,0.54,Geopolitics - Podcast/Interviews
UCWoMt08bewC-sVTGMbzBV7g,Quick Review,2025-10-31T14:04:59.170067,filtered_country_PK,,,
UCSN0ehODyVpQWgWDkUS0izQ,La Excellence IAS ,2025-10-31T14:04:59.170067,filtered_country_IN,,,
UCzI8K9xO_5E-4iCP7Km6cRQ,Faye D'Souza,2025-10-31T14:04:59.170067,filtered_country_IN,,,
UCAuUUnT6oDeKwE6v1NGQxug,TED,2025-10-31T14:04:59.170067,scored,0.768,0.67,Ideas - Talks
UChqUTb7kYRX8-EiaN3XFrSQ,Reuters,2025-10-31T14:04:59.170067,scored,0.658,0.67,News - Documentary
UCNkB-du6tdYKX5Tr21hRJfQ,lemsip,2025-10-31T14:04:59.170067,filtered_subs,,,
UCKgpamMlm872zkGDcBJHYDg,Learn English With TV Series,2025-10-31T14:04:59.170067,scored,0.286,0.3,Language Learning - Educational Tutorials
UCLiWQk8JzhNRcNiDKk4dpaw,American Heart Association,2025-10-31T14:04:59.170067,scored,0.233,0.3,Health and Wellness - Educational Tutorials
UCXnLiJ_busjKAVon7vatTrQ,Nexus Point,2025-10-31T14:04:59.170067,filtered_subs,,,
UCJ24N4O0bP7LGLBDvye7oCA,Matt D'Avella,2025-10-31T14:04:59.170067,scored,0.588,0.4,Minimalism - Documentary
UC90RW5ZmBBqp4r2QIQxfACA,Kanak News,2025-10-31T14:04:59.170067,filtered_country_IN,,,
UCAdK2GeP1j7Cl4XfTUOkVDg,Rajendra More Motivation ,2025-10-31T14:04:59.170067,filtered_country_IN,,,
UCUTF61UNExRdjmoK5mXwWfQ,AI Uncovered,2025-10-31T14:04:59.170067,filtered_country_SE,,,
UCDRIjKy6eZOvKtOELtTdeUA,Breaking Points,2025-10-31T14:04:59.170067,scored,0.756,0.54,Politics - Talking-Head Analysis
UCuFFtHWoLl5fauMMD5Ww2jA,CBC News,2025-10-31T14:04:59.170067,scored,0.729,0.54,News - Documentary
UCctXZhXmG-kf3tlIXgVZUlw,GaryVee,2025-10-31T14:04:59.170067,scored,0.406,0.3,Entrepreneurship - Vlog
UCdWuhQg9XRYXTiON98aC03w,Geo All Day,2025-10-31T14:04:59.170067,scored,0.523,0.54,Geopolitics - Documentary
UCtfXgNnA-QcxjHJjk5wXLFg,Karl Rock,2025-10-31T14:04:59.170067,filtered_country_IN,,,
UCijcd0GR0fkxCAZwkiuWqtQ,Free Documentary,2025-10-31T14:04:59.170067,filtered_country_DE,,,
UCuyRsHZILrU7ZDIAbGASHdA,ThePrint,2025-10-31T14:04:59.170067,filtered_country_IN,,,
UC0HVmTX-O38jXhWJF2pPRKQ,Captain Trucker,2025-10-31T14:04:59.170067,scored,0.39,0.2,Culture - Vlog
UCl-Zrl0QhF66lu1aGXaTbfw,Neil Patel,2025-10-31T14:04:59.170067,scored,0.306,0.2,Digital Marketing - Talking-Head Analysis
UCx2ZzkEQlUwZCa9F-CuonNg,Christopher L Webster,2025-10-31T14:04:59.170067,filtered_subs,,,
UCeCikyZwKGhLnpheYkqTKDA,OoS Pictures,2025-10-31T14:04:59.170067,filtered_subs,,,
UCcNkwfTQuXAxAFwoAUHweJA,The Boston Globe,2025-10-31T14:04:59.170067,scored,0.588,0.54,News - Documentary
UC50IiMC9ivkjs_VRdweu6eg,SSE Energy Solutions,2025-10-31T14:04:59.170067,scored,0.498,0.4,Energy Solutions - Educational Tutorials
UCQPss_g3Iak_a0PmvrGvH8w,BBC My World,2025-10-31T14:04:59.170067,scored,0.801,0.76,Global Issues - Documentary
UCmuccm2PUMlyIyvD6EOh_qA,MTV Impact,2025-10-31T14:04:59.170067,scored,0.682,0.67,Social Justice - Documentary
UCUeZBocfxALSUdOgNJB5ySA,Dr Ben Miles,2025-10-31T14:04:59.170067,scored,0.408,0.3,Entrepreneurship - Talking-Head Analysis
UC0uGC_EBwAxw3ljqeGjy2qw,Dove US,2025-10-31T14:04:59.170067,scored,0.367,0.38,Beauty - Documentary
UCjhebDbxJHNM0w2O1qkJA-g,Roya,2025-10-31T14:04:59.170067,scored,0.358,0.2,Travel - Vlog
UCzw35O6toJtjqEAAt4LTjKQ,Trade Brains,2025-10-31T14:04:59.170067,filtered_country_IN,,,
UCgb25Zn3fTXcK3h7W1BCxKA,The Khandan ( खंडन ),2025-10-31T14:04:59.170067,filtered_subs,,,
UCwWhs_6x42TyRM4Wstoq8HA,The Daily Show,2025-10-31T14:04:59.170067,scored,0.592,0.47,News and Politics - Satirical Commentary
UCV3Nm3T-XAgVhKH9jT0ViRg,AJ+,2025-10-31T14:04:59.170067,scored,0.57,0.73,News - Documentary
UCnG0N70SNBkNqvIMLodPTIA,Senator Sheldon Whitehouse,2025-10-31T14:04:59.170067,scored,0.711,0.67,Politics - Talking-Head Analysis
UCl2mFZoRqjw_ELax4Yisf6w,Louis Rossmann,2025-10-31T14:04:59.170067,scored,0.507,0.3,Tech Repair - Educational Tutorials
UCrp_UI8XtuYfpiqluWLD7Lw,CNBC Television,2025-10-31T14:04:59.170067,scored,0.321,0.3,Business - Talking-Head Analysis
UCr4kgAUTFkGIwlWSodg43QA,Michael Knowles,2025-10-31T14:04:59.170067,scored,0.822,0.47,Politics - Talking-Head Analysis
UCwZVrhC7kJNE1aV5coPiPwA,Antihero's Club,2025-10-31T14:04:59.170067,filtered_country_IN,,,
UCLF6ZhuAuhOA98UwZgDkQ2Q,IMPACT FOUNDATION,2025-10-31T14:04:59.170067,filtered_country_IN,,,
UCXW0SzDz6QxnxpXTT5B4-SQ,Bijali ki Dukan,2025-10-31T14:04:59.170067,filtered_country_IN,,,
UC1JAwKeDUjN2orv5t7LWODQ,KARE 11,2025-10-31T14:04:59.170067,scored,0.476,0.54,News - Documentary
UCJMoNdFjLwI3MbnlfrCw36g,JourneyJunkie,2025-10-31T14:04:59.170067,filtered_subs,,,
UCk_6KmDDc_zZQnTf4lH43pQ,Rifana art & craft,2025-10-31T14:04:59.170067,filtered_country_IN,,,
UCv3cvTwgQy8nPj01yvn2yuw,mrthomasenglish,2025-10-31T14:04:59.170067,scored,0.205,0.1,Halloween Culture - Vlog
UCZceliiH71OLw4t4HcvKKjw,UNICEF,2025-10-31T14:04:59.170067,scored,0.514,0.45,Child Rights Advocacy - Documentary
UCzJXNzqz6VMHSNInQt_7q6w,Megyn Kelly,2025-10-31T14:04:59.170067,scored,0.702,0.54,Politics - Podcast/Interviews
UCZWlSUNDvCCS1hBiXV0zKcA,PragerU,2025-10-31T14:04:59.170067,scored,0.764,0.54,American Values - Educational Tutorials
UCpxYSWgxVt3Pyn1ovXsGQ0g,PBS Terra,2025-10-31T14:04:59.170067,scored,0.662,0.54,Science and Nature - Documentary
UC40Tw2tFuMzK305mi7nj8rg,Met Office - UK Weather,2025-10-31T14:04:59.170067,scored,0.327,0.3,Weather - Educational Tutorials
UCyhEZKz-LOwgktptEOh6_Iw,Andrew Klavan,2025-10-31T14:04:59.170067,scored,0.728,0.43,Politics - Podcast/Interviews
UCwSAMAKQVX3s3COEdraPjwA,Mbongiworks,2025-10-31T14:04:59.170067,filtered_subs,,,
UCBKGuPLVff4r4-moTh9L7iw,The Earthshot Prize,2025-10-31T14:04:59.170067,scored,0.776,0.76,Environmental Awareness - Documentary
UCQfwfsi5VrQ8yKZ-UWmAEFg,FRANCE 24 English,2025-10-31T14:04:59.170067,scored,0.639,0.67,International News - Documentary
UCXIJgqnII2ZOINSWNOGFThA,Fox News,2025-10-31T14:04:59.170067,scored,0.617,0.4,News - Talking-Head Analysis
UCFKrfZXPHx5URnspnfM8lpQ,PolicyEd,2025-10-31T14:04:59.170067,scored,0.628,0.43,Policy - Educational Tutorials
UCUabjV2w9aHqFAC_Oi0UFQg,Schiff Sovereign,2025-10-31T14:04:59.170067,scored,0.684,0.38,Financial Education - Talking-Head Analysis
UCEsBG5HS3yodOTc30QWsW_A,Zendesk,2025-10-31T14:04:59.170067,scored,0.256,0.1,Customer Service - Educational Tutorials
UC8XjmAEDVZSCQjI150cb4QA,Knowing Better,2025-10-31T14:04:59.170067,scored,0.556,0.47,"The channel description provided does not contain specific information about the content focus or style of the Knowing Better channel. Therefore, I cannot accurately determine the primary niche and format based solely on the description given. Please provide more context or details about the channel - Unknown"
UCcth5uVYORmu5Cu15ZjpzuQ,The Civil Rights Lawyer,2025-10-31T14:04:59.170067,scored,0.51,0.67,Civil Rights - Documentary
UC1SNzhAmC87xSj9R-8YvdWw,howtofunda,2025-10-31T14:04:59.170067,filtered_country_IN,,,
UC_t6-oNbYJ4DWfp7BRYrHIw,more to mihika ,2025-10-31T14:04:59.170067,filtered_country_IN,,,
UCMe_6Z_Efwt6a3h2ZJTz06g,Greatandhra Talks,2025-10-31T14:04:59.170067,filtered_subs,,,
UCrC8mOqJQpoB7NuIMKIS6rQ,StudyIQ IAS,2025-10-31T14:04:59.170067,filtered_country_IN,,,
UCHd62-u_v4DvJ8TCFtpi4GA,Washington Post,2025-10-31T14:04:59.170067,scored,0.733,0.43,News - Live Coverage
UCawVq0Kvtn_Digs7Vq5OsYA,1990 Institute,2025-10-31T14:04:59.170067,scored,0.644,0.43,Social Justice - Educational Tutorials
UC-DYpSVlsf_bTfPQz3Er5tg,Seastar Digital Network,2025-10-31T14:04:59.170067,filtered_subs,,,
UC_g32e3JeECjEuRbk-loywg,Free High-Quality Documentaries,2025-10-31T14:04:59.170067,filtered_country_DE,,,
UC0cd_-e49hZpWLH3UIwoWRA,Professor Dave Explains,2025-10-31T14:04:59.170067,scored,0.464,0.4,Science Education - Educational Tutorials
UCNAxrHudMfdzNi6NxruKPLw,Sam Harris,2025-10-31T14:04:59.170067,scored,0.765,0.54,Philosophy - Podcast/Interviews
UCjtUS7-SZTi6pXjUbzGHQCg,Undecided with Matt Ferrell,2025-10-31T14:04:59.170067,scored,0.619,0.66,Technology Impact - Talking-Head Analysis
UCvJJ_dzjViJCoLf5uKUTwoA,CNBC,2025-10-31T14:04:59.170067,scored,0.482,0.4,Business - Documentary
UC1E-JS8L0j1Ei70D9VEFrPQ,Vaush,2025-10-31T14:04:59.170067,scored,0.804,0.56,Politics - Talking-Head Analysis
UCCj956IF62FbT7Gouszaj9w,BBC,2025-10-31T14:04:59.170067,scored,0.499,0.2,Entertainment - Documentary
UCO62AVOyfSy9gXyINfkgQKQ,Innovative Techs,2025-10-31T14:04:59.170067,scored,0.644,0.4,Technology - Top 10 Lists
UC4-AGCUwX7C-D4BsBook9fQ,Young America's Foundation,2025-10-31T14:04:59.170067,scored,0.694,0.54,Political Education - Documentary
UCsXVk37bltHxD1rDPwtNM8Q,Kurzgesagt – In a Nutshell,2025-10-31T14:04:59.170067,filtered_country_DE,,,
UCxt2r57cLastdmrReiQJkEg,Tom Nicholas,2025-10-31T14:04:59.170067,scored,0.753,0.66,Politics - Talking-Head Analysis
UCrDAt04Uan9eAiu0E9RtT4A,Calvin & Habs,2025-10-31T14:04:59.170067,scored,0.512,0.3,Culture - Vlog
UCPgfM-dk3XAb4T3DtT6Nwsw,CA Rahul Malodia,2025-10-31T14:04:59.170067,filtered_country_IN,,,
UCqV2FpeI5TeOQhnY3cXc9Ag,Rafa Goes Around!,2025-10-31T14:04:59.170067,scored,0.307,0.3,Travel - Documentary
UCsIKjlSV98RWt5IfK5VVJZA,Jake Shields' Fight Back Podcast,2025-10-31T14:04:59.170067,scored,0.548,0.38,Combat Sports - Podcast/Interviews
UCt8lRYpzb-sSrKFb4DT2ECw,American Enterprise Institute,2025-10-31T14:04:59.170067,scored,0.686,0.54,Political Economy - Educational Tutorials
UCxUKYWkhDQq2m3E3Ja8Uh6w,Statecraft,2025-10-31T14:04:59.170067,filtered_country_IN,,,
UC8GOsUrwrGcE3Gv1W0QrWwA,Mayank Thakur,2025-10-31T14:04:59.170067,filtered_subs,,,
UClPEr5Fj3vjTkWgHPH8UxFA,Friday C Madaki,2025-10-31T14:04:59.170067,filtered_subs,,,
UChxFSdJCYcIM5RKZYy3Bvnw,Growth Academy,2025-10-31T14:04:59.170067,scored,0.59,0.3,Social Media Growth - Podcast/Interviews
UC2D2CMWXMOVWx7giW1n3LIg,Andrew Huberman,2025-10-31T14:04:59.170067,scored,0.285,0.3,Neuroscience - Podcast/Interviews
UCd7Ts5bAA7vConNzJfOKzbA,Digital Commentary,2025-10-31T14:04:59.170067,filtered_country_IN,,,
UC-2YHgc363EdcusLIBbgxzg,Joe Scott,2025-10-31T14:04:59.170067,scored,0.525,0.43,Curiosity - Talking-Head Analysis
UC5maSolHQX9er0BOxrzjMwA,FOX 7 Austin,2025-10-31T14:04:59.170067,scored,0.573,0.43,News - Documentary
UCgb_TbreMgfDdLKkr4yYJHw,Andrew Millison,2025-10-31T14:04:59.170067,scored,0.564,0.4,Permaculture - Educational Tutorials
UCGie8GMlUo3kBKIopdvumVQ,Still Watching Netflix,2025-10-31T14:04:59.170067,scored,0.381,0.3,Entertainment - Talking-Head Analysis
UCagCOAfZBpsTOlAJq_vcWbw,United Nations Development Programme (UNDP),2025-10-31T14:04:59.170067,scored,0.596,0.54,Global Development - Documentary
UCOT2iLov0V7Re7ku_3UBtcQ,Hank Green,2025-10-31T14:04:59.170067,scored,0.721,0.67,Science - Talking-Head Analysis
UC-Y94BOH52yYvAnziLLnh6w,Levi Trumbull,2025-10-31T14:04:59.170067,scored,0.626,0.54,News Coverage - Talking-Head Analysis
UCJZotMpWFXx6wLtxyDuUO0w,युद्धस्य,2025-10-31T14:04:59.170067,scored,0.54,0.35,Philosophy - Talking-Head Analysis
UCbfLyhSc1mjyGi61SfBwI6w,Rechts Gelul ,2025-10-31T14:04:59.170067,filtered_subs,,,
UCoUQ267fbwf7McxMpxacZHQ,Rajinimpact Media,2025-10-31T14:04:59.170067,filtered_country_IN,,,
UCddiUEpeqJcYeBxX1IVBKvQ,The Verge,2025-10-31T14:04:59.170067,scored,0.3,0.3,Technology - Explainers
UCRi13TUqA_SawPlPOG6jz1Q,Dr. Sam Ellis,2025-10-31T14:04:59.170067,scored,0.173,0.1,Skincare - Educational Tutorials
UCyp46tOP5f_eRfNi7ubdU8w,Xylem class 9,2025-10-31T14:04:59.170067,filtered_country_IN,,,
UCdc3KAozmMyzONSuDdul1mw,Doctor Myro,2025-10-31T14:04:59.170067,scored,0.197,0.3,Health - Vlog
UC4fzPkzdR3sYsS8HmV5c6xw,James Roberts,2025-10-31T14:04:59.170067,filtered_subs,,,
UChzVhAwzGR7hV-4O8ZmBLHg,Glenn Greenwald,2025-10-31T14:04:59.170067,scored,0.666,0.56,News Analysis - Talking-Head Analysis
UCbk_QsfaFZG6PdQeCvaYXJQ,Jay Shetty Podcast,2025-10-31T14:04:59.170067,scored,0.284,0.3,Mental Health - Podcast/Interviews
UCtFQDgA8J8_iiwc5-KoAQlg,ANI News,2025-10-31T14:04:59.170067,filtered_country_IN,,,
UCCgQaXjsJ6EdFPZeTFQoSyw,Brut India,2025-10-31T14:04:59.170067,filtered_country_IN,,,
UCnxGkOGNMqQEUMvroOWps6Q,JRE Clips,2025-10-31T14:04:59.170067,scored,0.714,0.54,Society and Culture - Podcast/Interviews
UCLOPC6bOBuiSBAJ16JXLAHg,Last Night On Destiny,2025-10-31T14:04:59.170067,scored,0.81,0.54,Politics - Talking-Head Analysis
UCiCBmg0fBwXPpNDtB-wNnXA,TrackingThat,2025-10-31T14:04:59.170067,scored,0.749,0.54,Politics - Talking-Head Analysis
UC1qBXNO9sM4xV0wKC0_SlYQ,Foreign Man in a Foreign Land,2025-10-31T14:04:59.170067,scored,0.795,0.47,Social Commentary - Talking-Head Analysis
UC5RwNJQSINkzIazWaM-lM3Q,HOT 97,2025-10-31T14:04:59.170067,scored,0.538,0.3,Music Culture - Podcast/Interviews
UCsDUHzyr71-rOOhW4ugXdqA,Archi notes,2025-10-31T14:04:59.170067,filtered_country_NP,,,
UCX6b17PVsYBQ0ip5gyeme-Q,CrashCourse,2025-10-31T14:04:59.170067,scored,0.498,0.3,Education - Educational Tutorials
UC5HJaVyYgo7WPCvIBchRBzQ,The Problem With Jon Stewart,2025-10-31T14:04:59.170067,scored,0.833,0.67,Political Commentary - Talking-Head Analysis
UCf96y7Sbi9wAMuRJVDPw6hw,Aly: @usa.mom.in.germany,2025-10-31T14:04:59.170067,scored,0.379,0.43,Immigration - Vlog
UChP_InvK7fX6IOx-PIYoHRw,Beautiful Quotes – RJT Abhishek Ram,2025-10-31T14:04:59.170067,filtered_country_IN,,,
UCYlPwe7ehuSd5d6ik3K_3lQ,Intergovernmental Panel on Climate Change (IPCC),2025-10-31T14:04:59.170067,scored,0.763,0.67,Climate Change - Podcast/Interviews
UC7oPkqeHTwuOZ5CZ-R9f-6w,Triggernometry,2025-10-31T14:04:59.170067,scored,0.806,0.61,Free Speech - Podcast/Interviews
UCliih6eX6X-CctLM99uyDmw,Facts Lobby,2025-10-31T14:04:59.170067,filtered_country_IN,,,
UCMwTEoo9p2__bg9hXkbwGvw,Climate Literacy,2025-10-31T14:04:59.170067,filtered_subs,,,
UCxPAYgO8OpFev3PUTKbsxNw,1News,2025-10-31T14:04:59.170067,scored,0.715,0.54,News - Talking-Head Analysis
UCnxuOd8obvLLtf5_-YKFbiQ,The Ezra Klein Show,2025-10-31T14:04:59.170067,scored,0.631,0.47,Ideas and Frameworks - Podcast/Interviews
UCZYTClx2T1of7BRZ86-8fow,SciShow,2025-10-31T14:04:59.170067,scored,0.629,0.66,Science - Educational Tutorials
UCdx42Nztrpnl2sz8p4sE99g,The Namarasa Podcast ,2025-10-31T14:04:59.170067,scored,0.362,0.2,Spirituality - Podcast/Interviews
UCb--64Gl51jIEVE-GLDAVTg,C-SPAN,2025-10-31T14:04:59.170067,scored,0.662,0.63,Public Affairs - Documentary
UCfIjR00qhYUFkbWIugAAbGg,ABC 7 News - WJLA,2025-10-31T14:04:59.170067,scored,0.57,0.4,News - Talking-Head Analysis
UClke6M2jIQ5LQNGVnRLuiPg,純素為什麼 VEGAN TALK,2025-10-31T14:04:59.170067,filtered_subs,,,
UC2emFVHGsXm9uF5wTtgQCYA,cavettbiter,2025-10-31T14:04:59.170067,scored,0.377,0.2,Entertainment - Podcast/Interviews
UCFH5dQAkGIqzcFYmM4tNtXw,NowThis Earth,2025-10-31T14:04:59.170067,scored,0.8,0.76,Climate Crisis - Documentary
UCjH0RBT-7QhpSgLFnPLgD0Q,The Doctors,2025-10-31T14:04:59.170067,scored,0.239,0.3,Health - Talk Show
UCXuwhn5_41m4VxZJ3wcDyxA,Facts Matter with Roman Balmakov,2025-10-31T14:04:59.170067,scored,0.791,0.54,News Commentary - Podcast/Interviews
UCUMZ7gohGI9HcU9VNsr2FJQ,Bloomberg Originals,2025-10-31T14:04:59.170067,scored,0.507,0.54,Business - Documentary
UCuLEr-GWiwCBB6zBDX3elOQ,UN Climate Change,2025-10-31T14:04:59.170067,filtered_country_DE,,,
UC9Zm0i7quPSshsoiNQGe6mQ,Trisha's Art Academy,2025-10-31T14:04:59.170067,filtered_country_BD,,,
UC3prwMn9aU2z5Y158ZdGyyA,CRUX,2025-10-31T14:04:59.170067,scored,0.74,0.5,Geopolitics - Talking-Head Analysis
UCzwCEE_PchiBULMnAJqhGVg,Raj Shamani,2025-10-31T14:04:59.170067,filtered_country_IN,,,
UC16niRr50-MSBwiO3YDb3RA,BBC News,2025-10-31T14:04:59.170067,scored,0.657,0.54,Global News - Documentary
UCaX6tz4DvYv_a1qKgoMZshA,Finest Trends,2025-10-31T14:04:59.170067,scored,0.379,0.3,Trends - Documentary
UCknLrEdhRCp1aegoMqRaCZg,DW News,2025-10-31T14:04:59.170067,filtered_country_DE,,,
UCWOA1ZGywLbqmigxE4Qlvuw,Netflix,2025-10-31T14:04:59.170067,scored,0.472,0.3,Entertainment - Documentary
UCGDaOZg2INC0Qg2Z203F1dA,Judicial Watch,2025-10-31T14:04:59.170067,scored,0.659,0.54,Government Accountability - Documentary
UC_-gYE8BN82IMW9liUrysUg,Anya Anti,2025-10-31T14:04:59.170067,scored,0.27,0.1,Photography - Vlog
UCWdkdpfxKpfi6aGT8hwFXtA,The Muslim Skeptic,2025-10-31T14:04:59.170067,scored,0.419,0.4,Islamic Commentary - Podcast/Interviews
UC-XScFFt2LDLBEzxMXh7njw,Insaaf Blog,2025-10-31T14:04:59.170067,filtered_subs,,,
UCn8zNIfYAQNdrFRrr8oibKw,VICE,2025-10-31T14:04:59.170067,scored,0.582,0.54,Culture - Documentary
UCpFygvlRTGTWkJLyXaAVUWw,Diya's Funplay,2025-10-31T14:04:59.170067,filtered_country_IN,,,
UCeXYbpOvVX4huMMttMxjXxQ,Explore Nature Today,2025-10-31T14:04:59.170067,scored,0.462,0.3,Travel - Documentary
UCMaSlF09S0fpoRshS2t_7XA,House Appropriations Committee,2025-10-31T14:04:59.170067,scored,0.54,0.47,Politics - Talking-Head Analysis
UCCXoCcu9Rp7NPbTzIvogpZg,Fox Business,2025-10-31T14:04:59.170067,scored,0.56,0.38,Financial News - Talking-Head Analysis
UCdmoKfbg0kckiNRqCx5WBwQ,Mr. RK Prajapati,2025-10-31T14:04:59.170067,filtered_country_IN,,,
UCxwiHMqPgj1tthq4rrm3JGw,Matt Miltonberger,2025-10-31T14:04:59.170067,filtered_subs,,,
UCKiGNegP9BB-M8OJdmQYxIA,PunToon Kids - Hindi,2025-10-31T14:04:59.170067,filtered_country_IN,,,
UCwSQpTlVkDetOTKH9cio5dQ,Life is karma,2025-10-31T14:04:59.170067,filtered_country_IN,,,
UC5MDIy3yhWDrx0MyDo4QmYg,WWF International,2025-10-31T14:04:59.170067,filtered_country_CH,,,
UCfaIu2jO-fppCQV_lchCRIQ,Charlie Kirk,2025-10-31T14:04:59.170067,scored,0.85,0.54,Political Activism - Podcast/Interviews
UCleVwXLPWvS4lju6rhGCh-g,FundacionAreces,2025-10-31T14:04:59.170067,filtered_country_ES,,,
UC1S0lh98CqpIf7WKRN_8ODQ,Limitless Stories,2025-10-31T14:04:59.170067,filtered_subs,,,
UCpa-Zb0ZcQjTCPP1Dx_1M8Q,LegalEagle,2025-10-31T14:04:59.170067,scored,0.487,0.54,Legal Education - Talking-Head Analysis
UCnelfQIa158I3I9FU6A9zng,Bobby Foster,2025-10-31T14:04:59.170067,scored,0.549,0.3,Media Analysis - Talking-Head Analysis
UCqQkpiZwMDNUGEgHzR-EDPw,Lando Kalriz,2025-10-31T14:04:59.170067,scored,0.46,0.2,Humor - Vlog
UC2OREBiIbDChxvmDeg30Bsg,Stephen A. Smith,2025-10-31T14:04:59.170067,scored,0.445,0.38,Society and Culture - Podcast/Interviews
UCg40OxZ1GYh3u3jBntB6DLg,Forbes Breaking News,2025-10-31T14:04:59.170067,scored,0.688,0.43,Politics - Podcast/Interviews
UCatt7TBjfBkiJWx8khav_Gg,Piers Morgan Uncensored,2025-10-31T14:04:59.170067,scored,0.737,0.54,Debate - Podcast/Interviews
UCJwOrGrkqdLgqE1ajhhRgKQ,Unmasked,2025-10-31T14:04:59.170067,filtered_subs,,,
UC1UW6IQ7py5EPrclTIzPY8Q,Ankit Fadia,2025-10-31T14:04:59.170067,scored,0.555,0.3,Technology - Educational Tutorials
UCbWkDWdiuItkSzWhNHajAKw,Romain Pennes,2025-10-31T14:04:59.170067,filtered_subs,,,
UCvyZS6W6zMJCZBVzF-Ei6sw,A2D Channel,2025-10-31T14:04:59.170067,filtered_country_IN,,,
UCKCsVSA5THlkHbnkZTPm6-g,Learn Bright,2025-10-31T14:04:59.170067,scored,0.507,0.3,Education - Educational Tutorials
UC0QHWhjbe5fGJEPz3sVb6nw,Doctor Mike,2025-10-31T14:04:59.170067,scored,0.485,0.4,Health/Medicine - Educational Tutorials
UCnaEIU-gr43C7oL3Bzu3dGg,Compound Censored,2025-10-31T14:04:59.170067,scored,0.742,0.43,Comedy - Podcast/Interviews
UCPPGzhBuMjN3P0ph9NP_uqA,TD Clipz ,2025-10-31T14:04:59.170067,filtered_subs,,,
UCa9VFR_o-YLzIn1d1BoBARQ,AI Beyond Infinity,2025-10-31T14:04:59.170067,filtered_subs,,,
UCwvygAkxu7ulNsHRNvZiy8Q,Corporate Junky,2025-10-31T14:04:59.170067,scored,0.773,0.54,Business - Podcast/Interviews
UCJsUvAqDzczYv2UpFmu4PcA,Nas Daily,2025-10-31T14:04:59.170067,scored,0.539,0.47,Entrepreneurship - Documentary
UCECXkGKqkFAp544FAwrsiyQ,Language Addict,2025-10-31T14:04:59.170067,filtered_subs,,,
UC3XSqCXY2ps-NmPtq9Sy0Aw,Cricket Evolution,2025-10-31T14:04:59.170067,filtered_country_IN,,,
UCNCp5SG9Nj6iswmdqJe-mUQ,SuccessinAgingTV,2025-10-31T14:04:59.170067,filtered_subs,,,
UC6ZFN9Tx6xh-skXCuRHCDpQ,PBS NewsHour,2025-10-31T14:04:59.170067,scored,0.684,0.73,News - Documentary
UCVTyTA7-g9nopHeHbeuvpRA,Late Night with Seth Meyers,2025-10-31T14:04:59.170067,scored,0.559,0.38,Entertainment - Talk Show
UC6WzPg6yxF9dQx2_O6R4lww,Nitish Rajput,2025-10-31T14:04:59.170067,filtered_country_IN,,,
UCWOEom1F3YkozQb5e_e28CA,Desi Motivation,2025-10-31T14:04:59.170067,filtered_country_NP,,,
UCR1IuLEqb6UEA_zQ81kwXfg,Real Engineering,2025-10-31T14:04:59.170067,scored,0.371,0.4,Engineering - Documentary
UCnYKRFQRndE3Wq1eLRQLfWw,Kuldeep Singhania Shorts,2025-10-31T14:04:59.170067,filtered_country_IN,,,
UCr6t89L8ZlsDDvJWf-XO5Wg,SLICE Earth,2025-10-31T14:04:59.170067,filtered_country_FR,,,
UCo6qGhcH8Vqnmzg18HptuHQ,Rita Hencke,2025-10-31T14:04:59.170067,filtered_subs,,,
UCGfjflwMy2ccY6BShT5Q10A,panueditz08 ,2025-10-31T14:04:59.170067,filtered_country_IN,,,
UCHnyfMqiRRG1u-2MsSQLbXA,Veritasium,2025-10-31T14:04:59.170067,scored,0.414,0.3,Science - Educational Tutorials
UCvo1XFsMgErLHDBI0NmPezw,theincomet,2025-10-31T14:04:59.170067,filtered_country_IN,,,
UCgGBgmTwofU3xPQBV7Q8dNQ,Community TV Network,2025-10-31T14:04:59.170067,filtered_subs,,,
UCJjy6xXSbtfekOZbqo_tV_g,Amnesty International Australia,2025-10-31T14:04:59.170067,filtered_subs,,,
UCctZ75gr-jT3Bn6bEAKUPBg,Leadership Institute,2025-10-31T14:04:59.170067,scored,0.648,0.38,Politics - Educational Tutorials
UCBeNeNLrf5C4u04LYNPAvxA,Get Set Go தமிழ்,2025-10-31T14:04:59.170067,scored,0.271,0.2,Culture - Vlog
UCkdgwZLXcC4E_RW-VEsXXeg,North Carolina Channel,2025-10-31T14:04:59.170067,filtered_subs,,,
UCga9W9mpcWfTYTh9RefvL7A,I Wonder Why?,2025-10-31T14:04:59.170067,scored,0.56,0.54,Human Interest - Documentary
UC1yNl2E66ZzKApQdRuTQ4tw,Sabine Hossenfelder,2025-10-31T14:04:59.170067,filtered_country_DE,,,
UCVaSUu1B_Y4R2rFLUpvRmlA,The Formal Edit,2025-10-31T14:04:59.170067,filtered_country_IN,,,
UCfJT_eYDTmDE-ovKaxVE1ig,Kevin Stratvert,2025-10-31T14:04:59.170067,scored,0.26,0.2,Technology - Educational Tutorials
UCljE1ODdSF7LS9xx9eWq0GQ,potholer54,2025-10-31T14:04:59.170067,scored,0.838,0.73,Science Communication - Talking-Head Analysis
UCqVDpXKLmKeBU_yyt_QkItQ,YouTube Originals,2025-10-31T14:04:59.170067,scored,0.415,0.3,Entertainment - Documentary
UCQIycDaLsBpMKjOCeaKUYVg,CNBC Awaaz.,2025-10-31T14:04:59.170067,filtered_country_IN,,,
UC2q9wC7RZ5NMlBlVApAvGAw,Patriot Chronicles,2025-10-31T14:04:59.170067,filtered_videos,,,
UC3iwxKMRg5l2aDG_8XK2nSQ,The Mannii Show,2025-10-31T14:04:59.170067,scored,0.501,0.3,Comedy - Documentary
UClKggY1-IVjYMdBE-4ZidjA,Dr. Isabel the Linguist,2025-10-31T14:04:59.170067,filtered_subs,,,
UCqxEVKxV2fkZiGrd8kw4zlQ,haevix,2025-10-31T14:04:59.170067,scored,0.295,0.1,Kpop - Daily Updates
UC0p5jTq6Xx_DosDFxVXnWaQ,The Economist,2025-10-31T14:04:59.170067,scored,0.704,0.73,International News - Documentary
UCMAtX9eFBpwc4LtgvbqsOpQ,CrowderBits,2025-10-31T14:04:59.170067,scored,0.762,0.38,Comedy - Podcast/Interviews
UC6HyKpYWmX4zsy6_bJZIK7A,WXYZ-TV Detroit | Channel 7,2025-10-31T14:04:59.170067,scored,0.345,0.3,News - Talking-Head Analysis
UCptc7b3jk_PtbpLLeZojRZA,Harnoor Singh,2025-10-31T14:04:59.170067,scored,0.277,0.3,International Education - Podcast/Interviews
UC9uD-W5zQHQuAVT2GdcLCvg,Insider Science,2025-10-31T14:04:59.170067,scored,0.388,0.54,Science - Documentary
UC3_13-JlsO3FCQFu_S4DkQw,Devam Project,2025-10-31T14:04:59.170067,filtered_country_IN,,,
UCEeqSP81Aav5Zvbdc1RvnAQ,Smile Please World,2025-10-31T14:04:59.170067,filtered_country_IN,,,
UCvlj0IzjSnNoduQF0l3VGng,Some More News,2025-10-31T14:04:59.170067,scored,0.805,0.54,News - Talking-Head Analysis
UCEgXalZpZBfBzCvCOvhmroA,Masoom Rajwani,2025-10-31T14:04:59.170067,filtered_country_IN,,,
UCgnQidqCmeyLEuXChuNEGmQ,Canon Press,2025-10-31T14:04:59.170067,scored,0.433,0.36,Publishing - Podcast/Interviews
UCoz5NUqukewV1s16G25x7qg,eroosters,2025-10-31T14:04:59.170067,filtered_subs,,,
UCftwRNsjfRo08xYE31tkiyw,WIRED,2025-10-31T14:04:59.170067,scored,0.578,0.35,Culture - Podcast/Interviews
UCqFzWxSCi39LnW1JKFR3efg,Saturday Night Live,2025-10-31T14:04:59.170067,scored,0.335,0.2,Comedy - Sketches
UCu_u-P3cBFO7D-sAjxd_I-w,TVO Today,2025-10-31T14:04:59.170067,scored,0.77,0.73,Current Affairs - Documentary
UCci-FpXvQgBz1GnFwTPCq0Q,Calli Art Drawing,2025-10-31T14:04:59.170067,filtered_country_IN,,,
UC2ziCMHFPWkFHjocUMXT__Q,Sathiyam News,2025-10-31T14:04:59.170067,filtered_country_IN,,,
UCsDTy8jvHcwMvSZf_JGi-FA,Abhi and Niyu,2025-10-31T14:04:59.170067,filtered_country_IN,,,
UCaEcRq51LxC4uDtYyb9mP9Q,Pocketpodcast,2025-10-31T14:04:59.170067,filtered_country_IN,,,
UCdtXPiqI2cLorKaPrfpKc4g,Entertainment Tonight,2025-10-31T14:04:59.170067,scored,0.404,0.2,Entertainment - News Reporting
UCT90nd90McLzkJ00ha3dTQg,DJI Captures,2025-10-31T14:04:59.170067,filtered_subs,,,
UCy6kyFxaMqGtpE3pQTflK8A,Real Time with Bill Maher,2025-10-31T14:04:59.170067,scored,0.774,0.67,Politics - Talk Show
UCD6YjjeAJQiT9ytdM2R8BeQ,National Geographic India,2025-10-31T14:04:59.170067,filtered_country_IN,,,
UCGttrUON87gWfU6dMWm1fcA,Tucker Carlson,2025-10-31T14:04:59.170067,scored,0.812,0.54,Political Commentary - Podcast/Interviews
UC5bEfSFTYQVfLCwkhBt8NtQ,The Heritage Foundation,2025-10-31T14:04:59.170067,scored,0.674,0.47,Political Commentary - Talking-Head Analysis
UC9blgd3sldR7mQkRFc9uxmQ,Devin Chase,2025-10-31T14:04:59.170067,scored,0.359,0.1,Gaming - Talking-Head Analysis
UCLLJt2t6WYpxWktsl1e429Q,Mahendra Dogney : Life coach,2025-10-31T14:04:59.170067,filtered_country_IN,,,
UCxcrzzhQDj5zKJbXfIscCtg,ABC News In-depth,2025-10-31T14:04:59.170067,scored,0.715,0.67,News Analysis - Documentary
UCW5hI2fqzN4hMpPgtcy5k7g,Global Window,2025-10-31T14:04:59.170067,filtered_country_IN,,,
UCyzkxMLeZDcd_Qhzh6uMgbg,PoliticsJOE,2025-10-31T14:04:59.170067,scored,0.771,0.61,Politics - Podcast/Interviews
UCnEiGCE13SUI7ZvojTAVBKw,Bill Gates,2025-10-31T14:04:59.170067,scored,0.669,0.47,Global Health and Education - Podcast/Interviews
UCpLB7kBu9O5dbBKhaIOmqcQ,PDS News Clips,2025-10-31T14:04:59.170067,scored,0.744,0.47,Geopolitics - Educational Tutorials
UClFSU9_bUb4Rc6OYfTt5SPw,Philip DeFranco,2025-10-31T14:04:59.170067,scored,0.758,0.54,News Commentary - Talking-Head Analysis
UCBi2mrWuNuyYy4gbM6fU18Q,ABC News,2025-10-31T14:04:59.170067,scored,0.554,0.43,News - Live Streaming Coverage
UCD4XIm3ZFhT72WjqhIXMN9w,LavenderTowne,2025-10-31T14:04:59.170067,scored,0.32,0.2,Art - Educational Tutorials
UChM8DAb2sNNVhX6__aCqw_A,Benedict Tecson,2025-10-31T14:04:59.170067,filtered_subs,,,
UCupvZG-5ko_eiXAupbDfxWw,CNN,2025-10-31T14:04:59.170067,scored,0.688,0.54,News - Documentary
UC53cAvFeWsNwsfCQnJmLjDQ,Satvic Movement,2025-10-31T14:04:59.170067,filtered_country_IN,,,
UCGWuFze_kFP-ex4lLAhVr9w,karen go home,2025-10-31T14:04:59.170067,scored,0.594,0.54,First Amendment Rights - Documentary
UCc3LKvNXVjc2NoHHvVFitiA,Stand Together,2025-10-31T14:04:59.170067,scored,0.542,0.43,Philanthropy - Documentary
UCxlJ45KjG4XVcQ_hd8j227A,Peekaboo Kidz,2025-10-31T14:04:59.170067,filtered_country_IN,,,
UCEIP7m0Ocwrc4g7OtybYSMg,Texas Alliance of Energy Producers,2025-10-31T14:04:59.170067,filtered_subs,,,
UCsO1AOwtvyPFWnxDNy9pMqw,homeproject,2025-10-31T14:04:59.170067,scored,0.712,0.76,Environmental Awareness - Documentary
UCP3bfgj9SUpF3IAhmfW_rbA,EDGE OF THE MATRIX,2025-10-31T14:04:59.170067,scored,0.662,0.38,Culture War - Vlog
UCzWRdfo_g6OJStCdW0SOsLw,Steven Creative,2025-10-31T14:04:59.170067,filtered_country_IN,,,
UCXD5aOFDPO1W264sJvYc85Q,RedFrost Motivation,2025-10-31T14:04:59.170067,scored,0.381,0.3,Motivation - Video Essays
UCikTzR0Fn7isj5WOmQS_f6w,Universal Content Zone,2025-10-31T14:04:59.170067,filtered_subs,,,
UC9MU35bTvG9t06yf70hcGqQ,steveioe,2025-10-31T14:04:59.170067,scored,0.346,0.2,Tech - List Format
UCzWwWbbKHg4aodl0S35R6XA,Hoover Institution,2025-10-31T14:04:59.170067,scored,0.795,0.54,Political Science - Educational Tutorials
UCX8lCshQmMN0dUc0JmQYDdg,Hodgetwins Podcast,2025-10-31T14:04:59.170067,scored,0.665,0.43,Health & Nutrition - Podcast/Interviews
UC-BbfaMLtfthVAtMq_zeZnA,Tim Pool Show,2025-10-31T14:04:59.170067,scored,0.794,0.54,Politics - Talking-Head Analysis
UCaXkIU1QidjPwiAYu6GcHjg,MSNBC,2025-10-31T14:04:59.170067,scored,0.644,0.54,News Analysis - Talking-Head Analysis
UCjBNgb6p6wSXvJSUOp_d5aQ,FOU News,2025-10-31T14:04:59.170067,filtered_subs,,,
UC-sv8W6Lp55XEDlYWYD2d3g,Dr. Anbumani Ramadoss,2025-10-31T14:04:59.170067,filtered_subs,,,
UCqHJk2u875VHMDIKP9oX2Ng,Chamomile Tea with Toppers,2025-10-31T14:04:59.170067,filtered_country_IN,,,
UCYUPD1QyZStSkdRvG9FPQ4A,Bento Club,2025-10-31T14:04:59.170067,filtered_country_JP,,,
UC-_JRAMyD4-vNSh-9MeTWxA,NICOLE BELTRAN,2025-10-31T14:04:59.170067,filtered_subs,,,
UCYiB8LiIQ8rduK3b3J1mt5Q,Open Mind Channel,2025-10-31T14:04:59.170067,filtered_subs,,,
UCqGH6GRWhBEtc14Vuc0vYCw,Bloomberg ,2025-10-31T14:04:59.170067,scored,0.305,0.2,Financial Education - Educational Tutorials
UC9F7Jp57llPni9da2mhKZyA,Prashant Kirad Hub,2025-10-31T14:04:59.170067,filtered_country_IN,,,
UCik2f2SHJX9y8yKv-WoO93g,Grow YT,2025-10-31T14:04:59.170067,filtered_country_IN,,,
UCcxMO6CVqaSgRq7xd9PtkmQ,Nemroff Pictures,2025-10-31T14:04:59.170067,filtered_subs,,,
UCJcjFtDGPBZ3SQGL-0WxFcg,Tom Richey,2025-10-31T14:04:59.170067,scored,0.333,0.3,History Education - Educational Tutorials
UC1DtEMePmr4O6F2do6BVl7A,Rahul Gandhi,2025-10-31T14:04:59.170067,filtered_country_IN,,,
UCA24bL6zHNG8xUbuU_gT1PQ,RHIhub,2025-10-31T14:04:59.170067,filtered_subs,,,
UCmTM_hPCeckqN3cPWtYZZcg,The Deshbhakt,2025-10-31T14:04:59.170067,filtered_country_IN,,,
UC58IAk1i-6d5XgHZG4NnffA,SANSKRITI IAS,2025-10-31T14:04:59.170067,filtered_country_IN,,,
UCVlGBi6euh2OxJLZcZTFPHA,Study Yard,2025-10-31T14:04:59.170067,scored,0.48,0.3,Education - Educational Tutorials
UCMzRxL-KAkGdQ9J3S3XbKxQ,Vijender Masijeevi,2025-10-31T14:04:59.170067,filtered_country_IN,,,
UC2MU9phoTYy5sigZCkrvwiw,Rahul Jain,2025-10-31T14:04:59.170067,filtered_country_IN,,,
UCXpObBgSyXYnQ52AEyESR-w,Living in the Time of Dying,2025-10-31T14:04:59.170067,filtered_subs,,,
UCr9eziCDBtDANyWguKLr4vg,NTD Plus,2025-10-31T14:04:59.170067,scored,0.692,0.67,Investigative News Analysis - Documentary
UC4pEm3-yshBWa7nH3sQIKHQ,Joshua Citarella,2025-10-31T14:04:59.170067,scored,0.747,0.47,Culture Critique - Podcast/Interviews
UCzelA5kqD9v6k6drK44l4_g,Vajiram and Ravi Official,2025-10-31T14:04:59.170067,filtered_country_IN,,,
UCTgNBHbXlt1s6zZxvhSva4w,We The Auditors 2.0,2025-10-31T14:04:59.170067,scored,0.556,0.43,Police Accountability - Documentary
UCT4mhMPgtTlA20p0Uf0Yz2A,Dive into Japan,2025-10-31T14:04:59.170067,filtered_country_JP,,,
UC7hjStlwB-Rx9x8uawzN9dA,Coalition to Strengthen America's Healthcare,2025-10-31T14:04:59.170067,filtered_subs,,,
UCHiC7AajbHTf40dNhzSsxxw,James is Tired,2025-10-31T14:04:59.170067,scored,0.706,0.4,Faith - Podcast/Interviews
UCjC0fCCIsQHItY6WaAonsTQ,52brittney09,2025-10-31T14:04:59.170067,filtered_subs,,,
UC-cHEs0ENjy2-BqpS81hzNg,Sowing Prosperity by Logan Duvall,2025-10-31T14:04:59.170067,scored,0.385,0.38,Health and Wellness - Documentary
UCTrQ7HXWRRxr7OsOtodr2_w,Channel 4 News,2025-10-31T14:04:59.170067,scored,0.776,0.73,News - Documentary
UCGn7dlcAmH44GqycKa_3ssA,Google Arts & Culture,2025-10-31T14:04:59.170067,scored,0.371,0.4,Art and Culture - Documentary
UCsCWxHukxMUxJABZglzzOdA,Content Machine,2025-10-31T14:04:59.170067,scored,0.518,0.2,Comedy - Shorts
UC5kS0l76kC0xOzMPtOmSFGw,Chess.com,2025-10-31T14:04:59.170067,scored,0.174,0.2,Chess - Podcast/Interviews
UCweKrWj4GIArRNpTWpgX7Qg,MCamericanpresident,2025-10-31T14:04:59.170067,scored,0.676,0.67,History - Documentary
UCYcfR8isBfe45h-KBewVKug,rewboss,2025-10-31T14:04:59.170067,filtered_country_DE,,,
UCMGw-hnrISup0oNNDo3FCRA,Maktoob,2025-10-31T14:04:59.170067,filtered_country_IN,,,
UCxNkKjhIPOCFQTgi6lSRWsQ,Best Fact Fair,2025-10-31T14:04:59.170067,filtered_country_IN,,,
UC0vn8ISa4LKMunLbzaXLnOQ,GBNews,2025-10-31T14:04:59.170067,scored,0.567,0.3,News - Live Broadcast
UCeGnSjNcwojC5YT_xOb5zlQ,Chinmaya Panda,2025-10-31T14:04:59.170067,filtered_country_IN,,,
UCPgLNge0xqQHWM5B5EFH9Cg,The Telegraph,2025-10-31T14:04:59.170067,scored,0.662,0.66,News - Talking-Head Analysis
UCbKLRsBRSYDQwq8yd8C3ZYA,Dropping In Podcast,2025-10-31T14:04:59.170067,scored,0.381,0.3,Personal Development - Podcast/Interviews
UCyUN2glFiQNFG0UfJK_8Nlg,Indic Ideas,2025-10-31T14:04:59.170067,scored,0.53,0.38,Culture - Talking-Head Analysis
UC6o-2R-A2uqGZTJs0h4tVQA,JustSaySteven,2025-10-31T14:04:59.170067,scored,0.388,0.1,Gaming News - Talking-Head Analysis
UCim9TnNKH5yinZm8_L95C-A,Katie Couric,2025-10-31T14:04:59.170067,scored,0.682,0.54,Journalism - Podcast/Interviews
UCL_V76wPXDYkvAG96koxwaQ,People's Court Audit,2025-10-31T14:04:59.170067,scored,0.564,0.54,Legal Rights Awareness - Vlog
UCtfJ-I0kFm2Jlaqgcys9tdQ,Denise c,2025-10-31T14:04:59.170067,filtered_subs,,,
UCNToxykgME2TEqBExxbhYZA,Jaiden Forrest,2025-10-31T14:04:59.170067,scored,0.488,0.3,Spirituality - Talking-Head Analysis
UCTsiZiMomJo6FOyiBaFeaIw,The Institute of Art and Ideas,2025-10-31T14:04:59.170067,scored,0.466,0.3,Philosophy - Podcast/Interviews
UCcN3IuIAR6Fn74FWMQf6lFA,Science ABC,2025-10-31T14:04:59.170067,filtered_country_IN,,,
UCL90rpMxSyfz63L0A6y0PKg,CSE Online Reviewer,2025-10-31T14:04:59.170067,scored,0.411,0.32,Education - Educational Tutorials
UC9MAhZQQd9egwWCxrwSIsJQ,HISTORY,2025-10-31T14:04:59.170067,scored,0.448,0.4,History - Documentary
UCJg9wBPyKMNA5sRDnvzmkdg,LiveNOW from FOX,2025-10-31T14:04:59.170067,scored,0.673,0.54,News - Live Streaming
UCVSNOxehfALut52NbkfRBaA,Voice of America,2025-10-31T14:04:59.170067,scored,0.614,0.54,News - Documentary
UCeUvAEv5OxZQ6KSNaHrzoRQ,MindScope,2025-10-31T14:04:59.170067,scored,0.382,0.3,Psychology - Educational Tutorials
UCHmq99a0Q5La7UmP0kYbUeQ,zoeunlimited,2025-10-31T14:04:59.170067,scored,0.583,0.3,Marketing - Talking-Head Analysis
UCGrRKrIVFfZuAugDlLCR1EA,The Mind Sculptor,2025-10-31T14:04:59.170067,filtered_subs,,,
UCH4BNI0-FOK2dMXoFtViWHw,Be Smart,2025-10-31T14:04:59.170067,scored,0.403,0.3,Science - Educational Tutorials
UCRRr_xrOm66qaigIbwFLvbQ,Simon Clark,2025-10-31T14:04:59.170067,scored,0.812,0.76,Climate Literacy - Educational Tutorials
UCWOWcJqL16b5ZK0bU-mO20A,Digital Smart Idea,2025-10-31T14:04:59.170067,filtered_country_IN,,,
UC5O114-PQNYkurlTg6hekZw,United Nations,2025-10-31T14:04:59.170067,scored,0.662,0.67,Global Issues - Live Coverage
UCsqs2kEdAJjP_1DdIqU09BA,carlsagandotcom,2025-10-31T14:04:59.170067,scored,0.611,0.67,Science - Documentary
UCKUAVy2Kd0vAsu1D89y7ujg,Ayy Lmao,2025-10-31T14:04:59.170067,scored,0.182,0.2,Animation Analysis - Talking-Head Analysis
UChyxYzq0ZAB0iBw-A1l5jFA,The University of Sydney,2025-10-31T14:04:59.170067,scored,0.521,0.38,Education - Documentary
UCpDd9PNiPHb12yyWo2miyog,English Avenue,2025-10-31T14:04:59.170067,scored,0.291,0.2,Language Learning - Educational Tutorials
UCfPhM5P-BJCR8vRSPCdtXoQ,Alliance Defending Freedom,2025-10-31T14:04:59.170067,scored,0.684,0.54,Legal Advocacy - Educational Tutorials
UCNp9DQOeck6pfr_BhFIGTQg,"Live Your Life, Live Your Dream",2025-10-31T14:04:59.170067,scored,0.487,0.3,Language Learning - Educational Tutorials
UCpNMCgkRCL9OU8BGRT4u7YQ,KAY Rated,2025-10-31T14:04:59.170067,filtered_country_IN,,,
UCu6lSkIHJMwAWklolaYu61Q,Exam Winner Class 9,2025-10-31T14:04:59.170067,filtered_country_IN,,,
UCAxr90xN8A7rpau5F-SVSdw,Easy Drawing SA,2025-10-31T14:04:59.170067,filtered_country_IN,,,
UCuUN7w6H1EWfjJcGhR-Q7kw,Common Knowledge,2025-10-31T14:04:59.170067,scored,0.403,0.43,Curiosity - Documentary
UCOo8aKrwtWmlLUEpatJ2nyg,explainitychannel,2025-10-31T14:04:59.170067,filtered_country_DE,,,
UChHsYNuQSmmfca5taKN6qbQ,WAYNEWALLA,2025-10-31T14:04:59.170067,scored,0.466,0.56,Civic Rights - Documentary
UCJjSDX-jUChzOEyok9XYRJQ,Jubilee,2025-10-31T14:04:59.170067,scored,0.639,0.54,Social Issues - Podcast/Interviews
UCQXHTFnQYFTqN0MqmNh9EIA,BBC World Service,2025-10-31T14:04:59.170067,scored,0.643,0.62,Global Stories - Podcast/Interviews
UCl2Arp0wRweZ4la7vVsylng,GIVEMeID,2025-10-31T14:04:59.170067,scored,0.566,0.61,Legal Rights - Documentary
UCoKtB35BqX3rS2b8my3CF2w,Suhani Shah,2025-10-31T14:04:59.170067,filtered_country_IN,,,
UC1DTqUrOB_ZUDrvTxRFxdTw,Kiwa Initiative,2025-10-31T14:04:59.170067,filtered_subs,,,
UCokRH4sM4_FJx9ivwp_Czyw,Joseph Joy,2025-10-31T14:04:59.170067,filtered_subs,,,
UC4Z6QzEeJCCz8BF8ghtvV6w,World Knowledge Forum,2025-10-31T14:04:59.170067,filtered_country_KR,,,
UCfdNM3NAhaBOXCafH7krzrA,The Infographics Show,2025-10-31T14:04:59.170067,scored,0.747,0.67,Facts - Documentary
UCsQjb-rPunUq3iGz_TcelJw,Bajaj Finserv Mutual Fund,2025-10-31T14:04:59.170067,scored,0.283,0.3,Financial Education - Educational Tutorials
UC1QaZFDb2Kq0QNCfMrEB8bA,Plantão Urgente ,2025-10-31T14:04:59.170067,filtered_country_BR,,,
UCNzPBf0DNhmwzpEaPHcVDUQ,Learn English  ,2025-10-31T14:04:59.170067,scored,0.281,0.2,Language Learning - Educational Tutorials
UCf0lbH2j2bUBQCQXRduo3aw,A Learning Point,2025-10-31T14:04:59.170067,filtered_country_IN,,,
UCZGVqpr0SbjZWTUNv5AOGeg,A Climate Change With Matt Matern,2025-10-31T14:04:59.170067,scored,0.783,0.68,Climate Change - Podcast/Interviews
UC8kzOewX3mWoT_BV5ZmCU2w,Uncensored America,2025-10-31T14:04:59.170067,scored,0.85,0.67,Free Speech - Podcast/Interviews
UC1yBKRuGpC1tSM73A0ZjYjQ,The Young Turks,2025-10-31T14:04:59.170067,skipped_few_videos,,,
UCp38w5n099xkvoqciOaeFag,Taylor Lorenz,2025-10-31T14:04:59.170067,scored,0.766,0.54,Internet Culture - Podcast/Interviews
UCFYx_ojr3E2ooztXHlJUk7g,Jeet Rana GS ,2025-10-31T14:04:59.170067,filtered_country_IN,,,
UCRZewpbeWhzzmuAGHk34NTA,UK Viral Cuts,2025-10-31T14:04:59.170067,filtered_subs,,,
UCZIqBGF3mwSPrvHArkD_pwA,The Rebel Kid FP,2025-10-31T14:04:59.170067,scored,0.379,0.3,Fan Edits - Documentary
UCK7tptUDHh-RYDsdxO1-5QQ,The Wall Street Journal,2025-10-31T14:04:59.170067,scored,0.539,0.4,Business - Documentary
UCzLqOSZPtUKrmSEnlH4LAvw,Drishti IAS,2025-10-31T14:04:59.170067,filtered_country_IN,,,
UCIJRVjTSOCliSddc6PbEFmg,King Critical,2025-10-31T14:04:59.170067,scored,0.541,0.4,Trans Identity - Talking-Head Analysis
UCMgapddJymOC6MBOiOqia1A,आचार्य प्रशान्त - Acharya Prashant,2025-10-31T14:04:59.170067,filtered_country_IN,,,
UCB89ocAjzKAvqbkC39qHxVw,Shrutimusicschool,2025-10-31T14:04:59.170067,filtered_subs,,,
UCRlICXvO4XR4HMeEB9JjDlA,Thoughty2,2025-10-31T14:04:59.170067,scored,0.466,0.43,Facts and Trivia - Documentary
UCJchgVQ9nvqiTnQGq8G9H1A,Perkolator Press Flipbooks,2025-10-31T14:04:59.170067,scored,0.203,0.1,Art - Educational Tutorials
UCdqCvMm5bvmqzOb04_ZXf4A,A2Z Easy Drawing,2025-10-31T14:04:59.170067,filtered_country_IN,,,
UCIYocUCja9Ug_XiYROeb_cw,Amagansett Press,2025-10-31T14:04:59.170067,scored,0.421,0.3,Travel - Vlog
UCKSGmEx5nKZCgjRny-9LaWQ,StudyIQ IAS हिंदी,2025-10-31T14:04:59.170067,filtered_country_IN,,,
UCwAdQUuPT6laN-AQR17fe1g,Pranjal Kamra,2025-10-31T14:04:59.170067,filtered_country_IN,,,
UCILHNxSc8RjmggJcL4hUlDg,FlowchartKen,2025-10-31T14:04:59.170067,scored,0.568,0.2,Business - Talking-Head Analysis
UCpVm7bg6pXKo1Pr6k5kxG9A,National Geographic,2025-10-31T14:04:59.170067,scored,0.486,0.4,Science and Exploration - Documentary
UCBpticuMzMTSo8hcxZcRWCA,Bree Lenehan,2025-10-31T14:04:59.170067,scored,0.494,0.2,Body Image and Lifestyle - Vlog
UCK8sQmJBp8GCxrOtXWBpyEA,Google,2025-10-31T14:04:59.170067,scored,0.387,0.2,Tech - Educational Tutorials
UC1s9576cQFdQq3QTtTxocmA,Real Crime,2025-10-31T14:04:59.170067,scored,0.34,0.3,True Crime - Documentary
UCUpquzY878NEaZm5bc7m2sQ,Salesforce,2025-10-31T14:04:59.170067,scored,0.291,0.2,Business - Educational Tutorials
UCi-WVnPKnpMudFjIgv02wLQ,Holona Ochs,2025-10-31T14:04:59.170067,filtered_subs,,,
UC-9b7aDP6ZN0coj9-xFnrtw,Astrum,2025-10-31T14:04:59.170067,scored,0.267,0.2,Space Exploration - Documentary
UC33ik7sqz9wSroBB7U19U_Q,SAPHALATA,2025-10-31T14:04:59.170067,filtered_country_IN,,,
UCXPwWsvqwU18UKpsZD4bODw,PARMAR SSC,2025-10-31T14:04:59.170067,filtered_country_IN,,,
UCkXWisas7nopnXQVgqMwodQ,EU Debates | eudebates.tv,2025-10-31T14:04:59.170067,filtered_country_BE,,,
UCEIopE9riXjoUddwoJpQGbQ,AUCTV,2025-10-31T14:04:59.170067,filtered_country_EG,,,
UC7muJQNjKAQh0n6bZdYVGKQ,SOSCAST w/ Adam Sosnick,2025-10-31T14:04:59.170067,scored,0.552,0.32,Finance - Podcast/Interviews
UCLCS7G_8YXULfDSR5ZqB5fg,Madhuri Desai,2025-10-31T14:04:59.170067,scored,0.4,0.3,Cultural Lifestyle - Vlog
UCO0akufu9MOzyz3nvGIXAAw,Sky News Australia,2025-10-31T14:04:59.170067,scored,0.753,0.66,News - Talking-Head Analysis
UCeYda7MUy54yNYJya8txkJA,Museum of Science,2025-10-31T14:04:59.170067,scored,0.449,0.3,Science - Educational Tutorials
UC1S7UEd_5URKTflpmpmRoRA,SccS,2025-10-31T14:04:59.170067,filtered_country_DZ,,,
UCTln5ss6h6L_xNfMeujfPbg,Scripps News,2025-10-31T14:04:59.170067,scored,0.749,0.76,News - Documentary
UCBP_y4Vi31ZECb1I9rOTL0Q,Economic Policy Institute,2025-10-31T14:04:59.170067,filtered_subs,,,
UCO1uvVSUEv7H3m46ZleP-DA,Prove All Things Audits,2025-10-31T14:04:59.170067,scored,0.582,0.43,First Amendment Auditing - Vlog
UCmqfX0S3x0I3uwLkPdpX03w,Star Sports,2025-10-31T14:04:59.170067,filtered_country_IN,,,
UCGQiOa51kaSuFr_6OwWAgIg,EcoMastery Project,2025-10-31T14:04:59.170067,filtered_subs,,,
UCS22Kk4GdBqU8bugc7YfIAQ,Society for Academic Freedom and Scholarship,2025-10-31T14:04:59.170067,filtered_subs,,,
UCQbBh9Jn2IjcSPZOiNKJu0g,EconplusDal,2025-10-31T14:04:59.170067,scored,0.486,0.38,Economics - Educational Tutorials
UCGdPm5Aq081vVD7ih9jZf6Q,FactTechz,2025-10-31T14:04:59.170067,filtered_country_IN,,,
UCnwUjPK7dXety-AJ4fNw_RQ,The Paint Explainer,2025-10-31T14:04:59.170067,scored,0.433,0.3,Education - Documentary
UC7R27sAWc_DqOldtI1JcYhQ,South Park Studios,2025-10-31T14:04:59.170067,scored,0.387,0.3,Entertainment - Vlog
UCLeMVDSxYPHrDtbe0zZAnEg,Learn with CA Abhishek,2025-10-31T14:04:59.170067,filtered_subs,,,
UCY7dD6waquGnKTZSumPMTlQ,OxfordUnion,2025-10-31T14:04:59.170067,scored,0.581,0.54,Debate - Podcast/Interviews
UCgEvEKgmQ-CHPIeOSaGCffw,Amala Ekpunobi,2025-10-31T14:04:59.170067,scored,0.774,0.54,Culture Critique - Talking-Head Analysis
UCPWXiRWZ29zrxPFIQT7eHSA,The Hill,2025-10-31T14:04:59.170067,scored,0.725,0.54,Politics - Talking-Head Analysis
UCDy8aTZCfI5bkj2TmbCv2MA,LAW & ODD,2025-10-31T14:04:59.170067,filtered_subs,,,
UCVLajedX43G0E1BRVx7Q7dQ,ACCIONA,2025-10-31T14:04:59.170067,filtered_country_ES,,,
UC1gVb9-zg2cRQhR4WAHjG4A,UNBEATABLE CULTURE ,2025-10-31T14:04:59.170067,filtered_country_IN,,,
UCcLibWYPbFGPqyxTgDCQj9A,Facts&Myths,2025-10-31T14:04:59.170067,filtered_subs,,,
UCJHk7NZyFnyphA_jfdK5rvA,Living Lchaim,2025-10-31T14:04:59.170067,scored,0.426,0.3,Jewish Culture - Documentary
UCfK07E90OzqP-VafR4kJ0iQ,UPSCprep․com,2025-10-31T14:04:59.170067,filtered_country_IN,,,
UC6bbU0FYyp1wuL6wYL4ELUA,Amrita Drawing Book ,2025-10-31T14:04:59.170067,filtered_country_IN,,,
UCIRYBXDze5krPDzAEOxFGVA,Guardian News,2025-10-31T14:04:59.170067,scored,0.613,0.54,News - Live Streaming
UCZlvVpwJHRdCRwtKktfhmXA,SAZ education,2025-10-31T14:04:59.170067,filtered_country_IN,,,
UCAhQHwhb7nb14Cn_mIkq2hg,Handmade Heroes,2025-10-31T14:04:59.170067,scored,0.268,0.2,Crafting - Educational Tutorials
UCaYPb21Hvy65vwcDIrRYVOQ,Kaviraj funny videos,2025-10-31T14:04:59.170067,filtered_country_IN,,,
UCWUA2W6LueNy9BSovivFVvQ,CBC Kids News,2025-10-31T14:04:59.170067,scored,0.528,0.54,Youth Perspectives - Documentary
UCAZiVpzu6oHHLcBQixHH0yg,HD Education,2025-10-31T14:04:59.170067,filtered_country_IN,,,
UCe1IA5kmY578O_Qo7Skr-TQ,Long Island Audit,2025-10-31T14:04:59.170067,scored,0.678,0.67,Constitutional Rights - Documentary
UCjo1uN-aM3rmBV46xj7l2KA,John Stossel,2025-10-31T14:04:59.170067,scored,0.833,0.67,Libertarianism - Educational Tutorials
UCI_VQbQAO_9hQH1hdvEU8XA,Simple Learnings Education,2025-10-31T14:04:59.170067,filtered_country_IN,,,
UCPqwspsmjhZnwuee3SiYzAg,meg,2025-10-31T14:04:59.170067,scored,0.697,0.4,Cultural Critique - Video Essay
UC-V496kekrz5-ihBeHvWCGA,Memphis Islamic Center (MIC),2025-10-31T14:04:59.170067,scored,0.375,0.43,Islamic Community - Social Media Engagement
UCaLKLPetjGU9WC9LOn528fg,DIY FACTORY,2025-10-31T14:04:59.170067,scored,0.389,0.3,Energy Generation - Educational Tutorials
UC4IyFFEk2LyiVV2ipV7lS9w,kfel,2025-10-31T14:04:59.170067,scored,0.253,0.1,Travel - Vlog
UCeY0bbntWzzVIaj2z3QigXg,NBC News,2025-10-31T14:04:59.170067,scored,0.674,0.55,News - Documentary
UCGen0VdtskXYv0ldQlM7ryg,Raj Shamani Shorts,2025-10-31T14:04:59.170067,filtered_country_IN,,,
UC7kIy8fZavEni8Gzl8NLjOQ,Alex O'Connor,2025-10-31T14:04:59.170067,scored,0.472,0.3,Philosophy - Podcast/Interviews
UCC_0vyFTKk1Nlodo4QsiQkw,Dr. Todd Grande,2025-10-31T14:04:59.170067,scored,0.385,0.3,Mental Health - Talking-Head Analysis
UCIHdDJ0tjn_3j-FS7s_X1kQ,Valuetainment,2025-10-31T14:04:59.170067,skipped_few_videos,,,
UC0Cyf-sOPE0AGY41I6andkQ,Financian,2025-10-31T14:04:59.170067,scored,0.417,0.2,Business - Educational Tutorials
UClCmqa3I2zBYoiNgM_CvA2g,Lani's Lens,2025-10-31T14:04:59.170067,scored,0.608,0.3,Film and TV Analysis - Talking-Head Analysis
UCswH8ovgUp5Bdg-0_JTYFNw,Russell Brand,2025-10-31T14:04:59.170067,scored,0.814,0.54,Awakening Consciousness - Talking-Head Analysis
UC3Nt_U6gzLlKdAL9Evq0KXQ,HSBC India,2025-10-31T14:04:59.170067,filtered_country_IN,,,
UCoKyuT7N8MrstvATPAn45Yw,HyperfitX,2025-10-31T14:04:59.170067,filtered_country_IN,,,
UCMRzqb0rmcil3OxeVFVRIMw,NASA Space Place,2025-10-31T14:04:59.170067,scored,0.397,0.3,Space Education - Educational Tutorials
UCneyi-aYq4VIBYIAQgWmk_w,Ranveer Allahbadia,2025-10-31T14:04:59.170067,filtered_country_IN,,,
UCPKVNqfbunZCkbvjBgf6CdA,GeoGlobeTales,2025-10-31T14:04:59.170067,scored,0.565,0.54,Geopolitics - Documentary
UCKQGbLqpXP7f074dydjZrEg,Mike Rowe,2025-10-31T14:04:59.170067,scored,0.645,0.54,Society - Podcast/Interviews
UCRFSF9WS_g0wqm32kjJ-jNw,jacobweeby,2025-10-31T14:04:59.170067,scored,0.371,0.2,Gaming News - Talking-Head Analysis
UCl84klrjZvcddiyxawx-xUw,How To Be RICH,2025-10-31T14:04:59.170067,filtered_subs,,,
UCmr_2dlYM0pYHdI9TeF5SIQ,Rudy Ayoub,2025-10-31T14:04:59.170067,scored,0.527,0.54,Culture - Talking-Head Analysis
UCw3fku0sH3qA3c3pZeJwdAw,Daily Mail World,2025-10-31T14:04:59.170067,scored,0.668,0.43,Politics - Talking-Head Analysis
UCIKYGgjBmZ6V_Xu2WboBzzQ,HonorYourOath Civil Rights Investigations,2025-10-31T14:04:59.170067,scored,0.604,0.62,Civil Rights - Vlog
UCPiuXZ1joVDSJynjpmeZ_3A,LUCASDIRTY,2025-10-31T14:04:59.170067,filtered_subs,,,
UCZX3s-_lovte1ihAULctJIQ,CRAFTER DUCK,2025-10-31T14:04:59.170067,filtered_country_CY,,,
UCHaHD477h-FeBbVh9Sh7syA,BBC Learning English,2025-10-31T14:04:59.170067,scored,0.295,0.2,Language Learning - Educational Tutorials
UCeiYXex_fwgYDonaTcSIk6w,MinuteEarth,2025-10-31T14:04:59.170067,scored,0.47,0.54,Science - Documentary
UCcH3QsOYxk6bpYyf9PyZUqQ,edeos- digital education GmbH,2025-10-31T14:04:59.170067,filtered_country_DE,,,
UC-6V0WQ54lsUlbJpDQx5aMQ,America's Heartland,2025-10-31T14:04:59.170067,scored,0.327,0.3,Agriculture - Documentary
UC2C_jShtL725hvbm1arSV9w,CGP Grey,2025-10-31T14:04:59.170067,scored,0.699,0.67,Society - Documentary
UCgM7EYFFz_dba0OIZs5L9kg,Hopscotch,2025-10-31T14:04:59.170067,scored,0.315,0.2,Education - Educational Tutorials
UCAeWdyKJXGWmVAXFpgLNNTg,CBS Evening News,2025-10-31T14:04:59.170067,scored,0.734,0.76,News - Documentary
UCBD8s5PzU7Desuv3QBDjTJA,HSPATH,2025-10-31T14:04:59.170067,filtered_country_IN,,,
UC2C6V7S0Say_KegqTW07rYg,Derek TK,2025-10-31T14:04:59.170067,filtered_subs,,,
UCW39zufHfsuGgpLviKh297Q,DW Documentary,2025-10-31T14:04:59.170067,filtered_country_DE,,,
UCWstLaT61QUc-TvfxOjNpFw,Bernard Marr,2025-10-31T14:04:59.170067,scored,0.409,0.3,Business and Technology - Talking-Head Analysis
UCS60mGL4Gj-reXpogjGqt2w,ICICI Direct,2025-10-31T14:04:59.170067,filtered_country_IN,,,
UCTrc5MouaSTnbhCZ7OxQ5AA,Persons of Interest,2025-10-31T14:04:59.170067,filtered_subs,,,
UCJdKr0Bgd_5saZYqLCa9mng,The Rubin Report,2025-10-31T14:04:59.170067,scored,0.641,0.43,Politics - Podcast/Interviews
UCUI9vm69ZbAqRK3q3vKLWCQ,Mint,2025-10-31T14:04:59.170067,scored,0.712,0.47,Business - Podcast/Interviews
UCR-Ja1yBcjkhuQblxnroZJg,OECD,2025-10-31T14:04:59.170067,scored,0.622,0.54,Economic Policy - Educational Tutorials
UC_7IigZcSMip7PDjZ_DNZrg,Kintu Parantu with Sheeba,2025-10-31T14:04:59.170067,filtered_country_IN,,,
UCoiTVuiMdqBRMSBGMEcmxCw,The Aspen Institute,2025-10-31T14:04:59.170067,scored,0.546,0.54,Social Issues - Documentary
UCw4IHIMsDO5wpIiprOSXiEA,Dhruv Rathee Shorts,2025-10-31T14:04:59.170067,filtered_country_DE,,,
UCsNdeLwEZf86swPD3qJJ7Dw,News Nation,2025-10-31T14:04:59.170067,filtered_country_IN,,,
UCwW_vaMPlq8J4weKDsfeJzw,Bearing,2025-10-31T14:04:59.170067,scored,0.798,0.47,Political Commentary - Talking-Head Analysis
UCItJsxqZNWUyxFn-A2tzizQ,Priya Jain,2025-10-31T14:04:59.170067,filtered_country_IN,,,
UCbVKIQMvSWEDLnQIAWE9IgA,Student Energy,2025-10-31T14:04:59.170067,scored,0.626,0.54,Sustainability - Educational Tutorials
UCVrK_pMRp_q8IelpfUCTGLQ,Turning Point USA,2025-10-31T14:04:59.170067,scored,0.655,0.36,Political Activism - Man-on-the-Street Interviews
UCqqROyUxSsEFonlfZKggX1g,Once Upon A Doctor ,2025-10-31T14:04:59.170067,scored,0.223,0.2,Health Education - Educational Tutorials
UC8HxLqNBByrIUBHcwwdi0FA,Kansal Creation,2025-10-31T14:04:59.170067,filtered_country_IN,,,
UCLAh3TdWH3Zd_5UlDWraYeg,Clip Universe,2025-10-31T14:04:59.170067,filtered_subs,,,
UCOZGzBlC59e4EGy354xsC2Q,Mechanical Design,2025-10-31T14:04:59.170067,filtered_country_IN,,,
UCNbeSPp8RYKmHUliYBUDizg,Oxford Online English,2025-10-31T14:04:59.170067,scored,0.362,0.2,Language Learning - Educational Tutorials
UCYPvAwZP8pZhSMW8qs7cVCw,India Today,2025-10-31T14:04:59.170067,filtered_country_IN,,,
UC9hv0yH0UirvKjtD0xXEomg,PBS Wisconsin Education,2025-10-31T14:04:59.170067,filtered_subs,,,
UCmYesELO6axBrCuSpf7S9DQ,Mr. Beat,2025-10-31T14:04:59.170067,scored,0.648,0.54,History - Educational Tutorials
UCrqo6I5v480zd0vxhQGTLlQ,Balance of Power,2025-10-31T14:04:59.170067,scored,0.539,0.54,Geopolitics - Documentary
UC4rcpS_DeB42hKBxjMUUi2w,Failing to Success,2025-10-31T14:04:59.170067,scored,0.223,0.2,Entrepreneurship - Podcast/Interviews
UCGT_BYcMHygJYqYWZjGx68A,GROWTH™,2025-10-31T14:04:59.170067,scored,0.339,0.4,Motivation - Documentary
UCH1oRy1dINbMVp3UFWrKP0w,Good Morning America,2025-10-31T14:04:59.170067,scored,0.675,0.54,News - Live Broadcast
UCC552Sd-3nyi_tk2BudLUzA,AsapSCIENCE,2025-10-31T14:04:59.170067,scored,0.338,0.4,Science - Educational Tutorials
UCqoAEDirJPjEUFcF2FklnBA,StarTalk,2025-10-31T14:04:59.170067,scored,0.462,0.4,Science - Podcast/Interviews
UCYDVFfp_AN1WBiNwaf9522w,Dr. Glaucomflecken,2025-10-31T14:04:59.170067,scored,0.374,0.3,Health - Podcast/Interviews
UCLdP3jmBYe9lAZQbY6OSYjw,Benny Johnson,2025-10-31T14:04:59.170067,scored,0.765,0.43,Politics - Talking-Head Analysis
UCaBvx7JNQG-855TJ-zLE28g,UPSC Wali चर्चा by Unacademy,2025-10-31T14:04:59.170067,filtered_country_IN,,,
UC4K10PNjqgGLKA3lo5V8KdQ,Above The Noise,2025-10-31T14:04:59.170067,scored,0.7,0.67,Current Affairs - Documentary
UC_7tXpskVUnH2Mv9_nQuxkA,Top Travel,2025-10-31T14:04:59.170067,scored,0.429,0.3,Travel - Documentary
UCmRbHAgG2k2vDUvb3xsEunQ,CNBC-TV18,2025-10-31T14:04:59.170067,filtered_country_IN,,,
UCI_mwTKUhicNzFrhm33MzBQ,ET NOW,2025-10-31T14:04:59.170067,filtered_country_IN,,,
UC1KwA9o8BMwSNit58_5UZJA,Learnings,2025-10-31T14:04:59.170067,filtered_country_IN,,,
UC9k-yiEpRHMNVOnOi_aQK8w,Inside Edition,2025-10-31T14:04:59.170067,scored,0.541,0.4,News and Politics - Documentary
UC9sXw4ZdPEIp6bYGvLW-_iA,vpro documentary,2025-10-31T14:04:59.170067,filtered_country_NL,,,
UCsT0YIqwnpJCM-mx7-gSA4Q,TEDx Talks,2025-10-31T14:04:59.170067,scored,0.592,0.54,Ideas - Documentary
UCJLVqXctUDpmTmfMERGm25g,GIZ,2025-10-31T14:04:59.170067,scored,0.701,0.5,Sustainable Development - Documentary
UCj9QBB4bNTv29f4oFIreNmw,Vanessa Van Edwards,2025-10-31T14:04:59.170067,scored,0.3,0.3,Communication Skills - Educational Tutorials
UCFLkA7aveE0c3pwnSvEThiQ,Akash Sagar,2025-10-31T14:04:59.170067,filtered_country_IN,,,
UCNye-wNBqNL5ZzHSJj3l8Bg,Al Jazeera English,2025-10-31T14:04:59.170067,filtered_country_QA,,,
UC52X5wxOL_s5yw0dQk7NtgA,Associated Press,2025-10-31T14:04:59.170067,scored,0.698,0.54,News - Documentary
UCQeRaTukNYft1_6AZPACnog,Asmongold TV  ,2025-10-31T14:04:59.170067,scored,0.341,0.1,Gaming - Highlights/Compilations
UCaYw_yJ_YLPEv6zR2c7hgHA,The Officer Tatum,2025-10-31T14:04:59.170067,scored,0.799,0.45,Politics - Talking-Head Analysis
UChhT5To4Ic2PNOIqnDXLRVw,iisdvirtualschool,2025-10-31T14:04:59.170067,filtered_subs,,,
UChDKyKQ59fYz3JO2fl0Z6sg,TODAY,2025-10-31T14:04:59.170067,scored,0.531,0.1,Parenting - Educational Tutorials
UC8nqG2wUamVIiB6buwqIjYg, Funplus Explainer ,2025-10-31T14:04:59.170067,filtered_country_IN,,,
UCuLznjTGxoW1X9az6Sz9j_A,Rob Schneider,2025-10-31T14:04:59.170067,scored,0.456,0.2,Comedy - Stand-Up
UCkhUJFAKqCJs-HfYosfeo2g,ConJay,2025-10-31T14:04:59.170067,scored,0.794,0.54,Society and Culture - Talking-Head Analysis
UC2QRzHkFzFKkbbVk1n85ByQ,Michael Steele Network,2025-10-31T14:04:59.170067,scored,0.729,0.54,Politics - Podcast/Interviews
UCQsTgnl9c6Ij3n53cqyLAEA,Dapo IbrahimTV,2025-10-31T14:04:59.170067,scored,0.375,0.3,Storytelling - Documentary
UCiVm8XcbwS8-pcDEa5lFXIA,English Speaking Success,2025-10-31T14:04:59.170067,filtered_country_ES,,,
UCvqtzdcURSqNjY9RQEK4XmQ,Glenn Beck,2025-10-31T14:04:59.170067,scored,0.787,0.54,Politics - Talking-Head Analysis
UC5Ghe5TBQGYIOANuiNW4hDQ,Garys Economics,2025-10-31T14:04:59.170067,scored,0.722,0.54,Economics - Talking-Head Analysis
UCJEdg8fhK0-boIiNkjUmUww,Bible Nerd Ministries,2025-10-31T14:04:59.170067,scored,0.317,0.2,Bible Study - Educational Tutorials
UCAjmXPKv1zpYftSDAMeJz8A,FLAGRANT CLIPS,2025-10-31T14:04:59.170067,scored,0.569,0.32,Comedy - Podcast/Interviews
UCk9P9FH37GNzqIcP_4WcUEg,Inspiring Codes,2025-10-31T14:04:59.170067,filtered_country_IN,,,
UCdrIZ0-6i0xl31L63hhETdQ,It's Just Astronomical!,2025-10-31T14:04:59.170067,scored,0.59,0.66,Astronomy - Animations
UCzKFvBRI6VT3jYJq6a820nA,Ryan Long,2025-10-31T14:04:59.170067,scored,0.563,0.3,Comedy - Sketches/Standup
UC0eyBcb33uhYu7E9HHWAbzA,Vijayi Bhava,2025-10-31T14:04:59.170067,filtered_country_IN,,,
UCcdwLMPsaU2ezNSJU1nFoBQ,Baby Shark - Pinkfong Kids’ Songs & Stories,2025-10-31T14:04:59.170067,scored,0.278,0.1,Kids' Entertainment - Educational Videos
UCLyr-hfWVCKHcZjV5fg3jbw,English Speeches,2025-10-31T14:04:59.170067,scored,0.512,0.2,Language Learning - Educational Tutorials
UC9xafGPnAr0hxZ_bYMp1JsQ,Chris Kohler,2025-10-31T14:04:59.170067,scored,0.352,0.3,Finance - Talking-Head Analysis
UCsIioFedxdBgdJSpzCFUkHQ,OceanDoctor,2025-10-31T14:04:59.170067,filtered_subs,,,
UCQQ1LMP4O2l6f0vsLCvsduA,City Innovations,2025-10-31T14:04:59.170067,filtered_subs,,,
UC9V3x9HelwEk3Z6EknB_1Cg,UN Environment Programme,2025-10-31T14:04:59.170067,filtered_country_KE,,,
UCcA1don221rKq1EmbvQB27g,Harvard GSD,2025-10-31T14:04:59.170067,scored,0.496,0.3,Design - Educational Tutorials
UC04RYGK0kWq2GJH7uKuvdFg,Mike Rafi - Personal Injury Lawyer,2025-10-31T14:04:59.170067,scored,0.37,0.2,Personal Injury Law - Podcast/Interviews
UCU_PaLz2TCVpJSShmNy9ukA,CareTalk: Healthcare. Unfiltered. Podcast,2025-10-31T14:04:59.170067,filtered_subs,,,
UCGaVdbSav8xWuFWTadK6loA,vlogbrothers,2025-10-31T14:04:59.170067,scored,0.641,0.47,Philosophy - Talking-Head Analysis
UCHhYXsLBEVVnbvsq57n1MTQ,The AI Advantage,2025-10-31T14:04:59.170067,filtered_country_PT,,,
UCtnYSEGViOnb7k8ezUaWUww,John Anderson Media,2025-10-31T14:04:59.170067,scored,0.688,0.54,Social and Political Discourse - Podcast/Interviews
UCWUPZp_0rZdp_u3N3EnNXCg,@nochilllive,2025-10-31T14:04:59.170067,filtered_subs,,,
UCfyM1QKCQoS7pUDQpgDzgfQ,SPIN,2025-10-31T14:04:59.170067,scored,0.308,0.1,Music - Vlog
UCz8omIXCPabFEgblrC_VIfA,Daily Express,2025-10-31T14:04:59.170067,scored,0.579,0.43,Current Affairs - Talking-Head Analysis
UCvQECJukTDE2i6aCoMnS-Vg,Big Think,2025-10-31T14:04:59.170067,scored,0.436,0.4,Philosophy and Science - Podcast/Interviews
UCxJ7cW1d1EcrYgamO3Yy5bQ,EAM Speaks,2025-10-31T14:04:59.170067,filtered_subs,,,
UCz8QaiQxApLq8sLNcszYyJw,Firstpost,2025-10-31T14:04:59.170067,filtered_country_IN,,,
UCf1jN421MvkLJGO0a8SKe5A,The Conscious Commune ,2025-10-31T14:04:59.170067,scored,0.756,0.47,Self-Improvement - Talking-Head Analysis
UCL_f53ZEJxp8TtlOkHwMV9Q,Jordan B Peterson,2025-10-31T14:04:59.170067,scored,0.494,0.38,Psychology - Podcast/Interviews
UCPxMZIFE856tbTfdkdjzTSQ,BeerBiceps,2025-10-31T14:04:59.170067,filtered_country_IN,,,
UC0uVZd8N7FfIZnPu0y7o95A,ReasonTV,2025-10-31T14:04:59.170067,scored,0.676,0.54,Libertarian Perspectives - Talking-Head Analysis
UC8ajFqcjRNdEgBwa9FgDBHg,Sachin Bhattarai ,2025-10-31T14:04:59.170067,filtered_country_NP,,,
UCZRoRIa9nEajFDScAxQA8Cg,Change The Game TV,2025-10-31T14:04:59.170067,scored,0.346,0.2,Hip Hop Culture - Clips/Analysis
UC-67d51IstHHVwGL1h-GSww,Tata Mutual Fund,2025-10-31T14:04:59.170067,filtered_country_IN,,,
UC-CSyyi47VX1lD9zyeABW3w,Dhruv Rathee,2025-10-31T14:04:59.170067,filtered_country_DE,,,
UCIveFvW-ARp_B_RckhweNJw,StevenCrowder,2025-10-31T14:04:59.170067,scored,0.796,0.38,Politics - Talking-Head Analysis
UCSHZKyawb77ixDdsGog4iWA,Lex Fridman,2025-10-31T14:04:59.170067,scored,0.613,0.54,Psychology - Podcast/Interviews
UCR9Ltd1XbkA9jf2pMnyujhw,ALPHA Philosophy 2.0,2025-10-31T14:04:59.170067,scored,0.77,0.54,Philosophy - Podcast/Interviews
UC1r_DKk29JtVRaQOB_SFsmA,RlxdN10sity,2025-10-31T14:04:59.170067,filtered_subs,,,
UC415bOPUcGSamy543abLmRA,Cleo Abram,2025-10-31T14:04:59.170067,scored,0.438,0.4,Science and Technology - Documentary
UCdPRKH8tJ1VTsTdDc8c8fGg,Environment and Climate Change Canada,2025-10-31T14:04:59.170067,scored,0.697,0.66,Environment - Educational Tutorials
UChwTFs3rYtFi-6ujmKtv-9Q,USAFacts,2025-10-31T14:04:59.170067,scored,0.557,0.43,Civic Engagement - Educational Tutorials
UCa_jXolg5kg8lE58gYX9z1g,News Trends Tamil,2025-10-31T14:04:59.170067,filtered_country_IN,,,
UCldfgbzNILYZA4dmDt4Cd6A,Secular Talk,2025-10-31T14:04:59.170067,scored,0.597,0.47,Political Commentary - Talking-Head Analysis
UCGy6uV7yqGWDeUWTZzT3ZEg,Rebel News,2025-10-31T14:04:59.170067,scored,0.661,0.54,News Commentary - Talking-Head Analysis
UCiCrhqqatp9C4-3w-OWrtrQ,The RS Industries,2025-10-31T14:04:59.170067,filtered_country_IN,,,
UCnQC_G5Xsjhp9fEJKuIcrSw,Ben Shapiro,2025-10-31T14:04:59.170067,scored,0.807,0.54,Political Commentary - Podcast/Interviews
UC2l38bev0xgHr65Tz4jZ32w,Freddie Dredd,2025-10-31T14:04:59.170067,scored,0.345,0.2,Music - Official Music Videos
UCYYNgeK89XFPu-7qUm8edqg,Black History in Two Minutes or so,2025-10-31T14:04:59.170067,scored,0.557,0.55,Black History - Documentary
UCpko_-a4wgz2u_DgDgd9fqA,BuzzFeedVideo,2025-10-31T14:04:59.170067,scored,0.472,0.2,Entertainment - Vlog
UCrPhvqoUMDkvZUayHN6qOJg,Invesco Mutual Fund,2025-10-31T14:04:59.170067,filtered_subs,,,
UCsooa4yRKGN_zEE8iknghZA,TED-Ed,2025-10-31T14:04:59.170067,scored,0.483,0.4,Education - Animated Shorts
UCj0TppyxzQWm9JbMg3CP8Rg,CGTN Europe,2025-10-31T14:04:59.170067,scored,0.803,0.73,Geopolitics - Documentary
UC1_DpiciIlmtrSfwYzbtY8g,AIR Media-Tech,2025-10-31T14:04:59.170067,filtered_subs,,,
UCpFCl6hzpoIn7pV71NIMnRA,CAS TV,2025-10-31T14:04:59.170067,filtered_subs,,,
UCMnULQ6F6kLDAHxofDWIbrw,Pirate Software,2025-10-31T14:04:59.170067,scored,0.324,0.1,Gaming - Vlog
UCa1DgvQUuQnJmMCwlxZ7SSg,We the Internet TV,2025-10-31T14:04:59.170067,scored,0.811,0.67,Comedy News - Talking-Head Analysis
UCFLRxVeYcB1H7DbuYZQG-lg,Laura Flanders & Friends,2025-10-31T14:04:59.170067,scored,0.777,0.76,Public Affairs - Podcast/Interviews
UCCjG8NtOig0USdrT5D1FpxQ,NewsNation,2025-10-31T14:04:59.170067,scored,0.731,0.54,News - Talking-Head Analysis
UCDKddqJ7zABXfgS6UQ1lCAw,maiabemtbc,2025-10-31T14:04:59.170067,scored,0.762,0.38,Mental Health - Educational Tutorials
UCpXcDiT9zkWcrv2U0wmRBdw,Will Westmoreland,2025-10-31T14:04:59.170067,scored,0.523,0.3,Rural Politics - Podcast/Interviews
UCv7abH3RYaI77SF-2Av_5GA,Edit Minds,2025-10-31T14:04:59.170067,scored,0.173,0.1,Video Editing - Educational Tutorials
UCUM2EvD5rFT0EWgbI-Urjzw,Institute for Research on Poverty,2025-10-31T14:04:59.170067,filtered_subs,,,
UCN4UIwUKiMHER6qyyp4M5_w,HSBC Mutual Fund India ,2025-10-31T14:04:59.170067,filtered_subs,,,
UC1-7mA0mKsCTyCMG4JNO3EQ,space and science,2025-10-31T14:04:59.170067,scored,0.731,0.66,Space and Science - Documentary
UCw_Ou1dfOjPVGNppYGcO9rg,Kotak Securities,2025-10-31T14:04:59.170067,filtered_country_IN,,,
UCUmLgoYraKDorUXlQc8hBbQ, Renewable energy,2025-10-31T14:04:59.170067,scored,0.433,0.3,Renewable Energy - Product Promotion
UClqhvGmHcvWL9w3R48t9QXQ,Engineering Explained,2025-10-31T14:04:59.170067,scored,0.212,0.2,Automotive Engineering - Educational Tutorials
UCVHxJghKAB_kA_5LMM8MD3w,oliSUNvia,2025-10-31T14:04:59.170067,scored,0.51,0.4,Philosophy - Talking-Head Analysis
