Discovered_Channel_Name,Discovered_Niche
CNBC,Business - Documentary
World At Crossroads,Geopolitics - Talking-Head Analysis
Principles by Ray Dalio,Financial Education - Educational Tutorials
Step Back,History - Documentary
Speak Confident English,Language Learning - Educational Tutorials
BET Her,Lifestyle - Vlog
Noah Samsen,Geopolitics - Talking-Head Analysis
The Hill,Politics - Talking-Head Analysis
Elex Michaelson,Politics - Podcast/Interviews
Cinema Therapy,Mental Health - Talking-Head Analysis
Unsolicited advice,Philosophy - Talking-Head Analysis
InformOverload,News - Talking-Head Analysis
Alux.com,Luxury - Documentary
Crime Tales,Celebrity Scandals - Documentary
Chris Williamson,Self-Improvement - Podcast/Interviews
Broke Brothers,Career Exploration - Podcast/Interviews
The Music Recording Network,Music Production - Educational Tutorials
Secret Society,Pop Culture - Documentary
Internet Anarchist,Internet Culture - Documentary
Peterson Institute for International Economics,Global Economy - Educational Tutorials
Tim Ventura,Science & Technology - Podcast/Interviews
Don't Tell Comedy,Comedy - Live Events
Sambucha,Lifestyle - Vlog
GaryVee,Entrepreneurship - Vlog
celeb scoop,Celebrity News - Talking-Head Analysis
Politicon,Politics - Podcast/Interviews
KARE 11,News - Documentary
Pop Culture Detective,Politics and Masculinity - Video Essays
National Review,Conservatism - Talking-Head Analysis
Legacy News,Hollywood History - Documentary
Global Presidents,Humor - Fictional Skits
gabi belle,Nostalgia - Talking-Head Analysis
The Groove,Entertainment and Pop Culture - Talking-Head Analysis
Dapper Dev,Self-Development - Talking-Head Analysis
Demetrios Levi,Style and Lifestyle - Educational Tutorials
E! News,Celebrity News - A-List Interviews
MindScope,Psychology - Educational Tutorials
Crayon Capital,Financial Education - Documentary
Docentes DigitalesTV,Education - Educational Tutorials
Nicki Swift,Celebrity Gossip - Talking-Head Analysis
The Greene Space at WNYC & WQXR,Arts and Culture - Podcast/Interviews
Zuhd Guidance ,Islamic Knowledge - Educational Tutorials
ChartPrime,Financial Education - Educational Tutorials
NBC Sports,Sports - Highlights and News
Tucker Carlson,Political Commentary - Podcast/Interviews
Beneath The Fame,Celebrity Culture - Documentary
Vox,Current Events - Documentary
Celeb Insight ,Celebrity News - Talking-Head Analysis
javeus,Gaming - Vlog
PBS NewsHour,News - Documentary
Iconic Inside,Cultural History - Documentary
Golden Age Icons,Hollywood History - Documentary
Neil Patel,Digital Marketing - Talking-Head Analysis
Kalkine Media,Financial Education - Talking-Head Analysis
Jordan B Peterson,Psychology - Podcast/Interviews
Good Morning Britain,News - Podcast/Interviews
Yale University,Education - Documentary
Freethink,Tech Culture - Documentary
Airrack,Entertainment - Vlog
Greg Glienna,Entertainment - Documentary
Eileen Entertainment,Celebrities - Documentary
Predictive History,History - Documentary
Students for Life of America,Pro-Life Advocacy - Educational Tutorials
Tom Bilyeu,Mindset - Podcast/Interviews
Benny Johnson,Politics - Talking-Head Analysis
PEEPER,Celebrity Gossip - Talking-Head Analysis
The Famous People,Entertainment - Documentary
Pop Culture Brain,Pop Culture - Talking-Head Analysis
Jubilee,Social Issues - Podcast/Interviews
JRE Clips,Society - Podcast/Interviews
Jarrett Moore,Comedy - Video Essay
Kiki Chanel,Business - Vlog
Epic Economist,Economics - Documentary
The Body Language Guy,Body Language - Talking-Head Analysis
wow!,Growth Tracking - Documentary
University Quick Course,Humanities and Social Sciences - Educational Tutorials
ABC News,News - Live Streaming Coverage
Jordan B Peterson Clips,Psychology - Podcast/Interviews
Ananya アナンヤ,Language Learning - Vlog
ColdFusion,Technology - Documentary
Amala Ekpunobi,Culture Critique - Talking-Head Analysis
Survival Dispatch,Survival - Podcast/Interviews
Jaydone History,History - Documentary
Andrew Klavan,Politics - Podcast/Interviews
Patrick Cc:,Motivation - Vlog
Fred Harrison,Economic Analysis - Talking-Head Analysis
Mental Health Revival,Mental Health - Educational Tutorials
AI Maskman,Artificial Intelligence - Educational Tutorials
Bopping,Entertainment - Talking-Head Analysis
PizzaFlix,Film Preservation - Documentary
Fox Business,Financial News - Talking-Head Analysis
StarStruckVista,Celebrity News - Short-Form Content
Movie Logic,Film Analysis - Talking-Head Analysis
Film Threat,Independent Film - Podcast/Interviews
OverEasy,Financial Education - Educational Tutorials
The Washington Examiner,Politics - Talking-Head Analysis
Kurtis Conner,Pop Culture Commentary - Talking-Head Analysis
GBH News,Local News - Documentary
Male mentality,Social Commentary - Talking-Head Analysis
Top 10 Beyond The Screen,Celebrity Gossip - Talking-Head Analysis
Academy of Ideas,Psychology - Talking-Head Analysis
List 25,Lists - Educational Tutorials
Kati Morton,Mental Health - Talking-Head Analysis
Patty Pop Culture,Pop Culture - Podcast/Interviews
Criminal Tracks,Crime - Documentary
Michael Bordenaro,Real Estate - Educational Tutorials
SidemenReacts,Entertainment - Commentary
Matthew Cox | Inside True Crime,True Crime - Podcast/Interviews
J.J. McCullough,Culture - Documentary
Asante Madrigal,Pop Culture - Talking-Head Analysis
ViralGroove,Music Culture - Shorts
John Anderson Media,Social and Political Commentary - Podcast/Interviews
USA TODAY,News - Documentary
Celebrity Gossip,Celebrity Gossip - Vlog
TED,Ideas - Talks
Film Cooper,Pop Culture Commentary - Talking-Head Analysis
LiveNOW from FOX,News - Live Streaming
Entertainment Tonight,Entertainment - News Reporting
WatchMojo.com,Pop Culture - Top 10 Lists
TMZ,Celebrity News - News Reporting
How History Works,Business - Documentary
Roland S. Martin,News and Politics - Podcast/Interviews
Celebified,Entertainment - Talking-Head Analysis
POL SC HELP,Education - Educational Tutorials
SuGenious,Conspiracy Theories - Talking-Head Analysis
New Money,Financial Education - Educational Tutorials
Xevi,True Crime - Documentary
SOC 119,Sociology - Educational Tutorials
Foreign Man in a Foreign Land,Social Commentary - Talking-Head Analysis
Economics Explained,Economics - Documentary
TED-Ed,Education - Animated Shorts
Bentellect,Lifestyle - Vlog
Sunday Roast,History and Science - Documentary
ModernGurlz,Pop Culture - Talking-Head Analysis
Raven Schwam-Curtis ,Political Commentary - Talking-Head Analysis
IIT Roorkee July 2018,Engineering - Educational Tutorials
Thinking What,Political Commentary - Talking-Head Analysis
ABC 7 News - WJLA,News - Documentary
NBC 15,Local News - Documentary
Th3Vale,Entertainment - Vlog
BJ Investigates,History - Documentary
Chris Stefanick | Real Life Catholic,Faith - Talking-Head Analysis
Steve Miller,Running and Travel - Vlog
Matthew Wellington,Comedy - Vlog
Chance the Closer,Music - Vlog
University of Amsterdam,Education - Documentary
Timcast,Politics - Talking-Head Analysis
Cracked,Comedy - Sketch/Parody
Harley & Chase,Celebrity Culture - Documentary
Candace Owens,Political Commentary - Podcast/Interviews
Investing Basics,Financial Education - Talking-Head Analysis
Annamarie Forcino,Acting - Vlog
HealthyGamerGG,Mental Health - Talking-Head Analysis
TheThings Celebrity,Reality TV - Documentary
Philosopheasy,Philosophy - Educational Tutorials
Jesse Kelly,Political Commentary - Podcast/Interviews
Excel Motivate,Relationships - Podcast/Interviews
Maria Eliana,Pop Culture - Talking-Head Analysis
PBS Idea Channel,Pop Culture - Documentary
CNN,News - Documentary
TMR,Media Critique - Talking-Head Analysis
The Critical Drinker,Entertainment Media - Talking-Head Analysis
Jay Shetty Podcast,Mental Health - Podcast/Interviews
WEALTHTRACK,Financial Education - Educational Tutorials
Handsome Styles,Music - Reactions
Man Carrying Thing,"The channel description provided does not contain any specific information about the content or focus of the channel Man Carrying Thing. It primarily lists social media links and a PO box without indicating a clear niche or format. Therefore, it is not possible to accurately - Unknown"
Sprouht,Personal Development - Podcast/Interviews
Bloomberg Television,Financial News - Talking-Head Analysis
The Temporal Nomad,Philosophy - Talking-Head Analysis
Let's Talk Psychology Podcast,Psychology - Podcast/Interviews
Pop Culture Crisis,Pop Culture - Podcast/Interviews
The Royal Spotlight,Celebrity Gossip - Talking-Head Analysis
Smosh Alike,Pop Culture - Podcast/Interviews
CBC News: The National,News - Documentary
Mike Winger,Biblical Knowledge - Talking-Head Analysis
entertainment.star4,Entertainment - Talking-Head Analysis
BYU Kennedy Center,International Studies - Educational Tutorials
Sasha Sloan,Entertainment - Vlog
TODAY,Parenting - Educational Tutorials
Modern Life Dating,Dating Advice - Talking-Head Analysis
Dark Waters,Political News - Talking-Head Analysis
Adam Lane Smith,Psychology of Relationships - Educational Tutorials
KOMO News,Local News - News Reporting
Fox News,News - Talking-Head Analysis
Lani's Lens,Film and TV Critique - Talking-Head Analysis
TEDx Talks,Ideas - Documentary
Valuetainment,Entrepreneurship - Podcast/Interviews
stargossip_top,Celebrity Gossip - Talking-Head Analysis
Chad Chad,Pop Culture Commentary - Talking-Head Analysis
Daniel X Star,Pro Democracy - Talking-Head Analysis
Kenneth Copeland Ministries,Christian Faith - Educational Tutorials
Money Talks,Financial Education - Talking-Head Analysis
Andy Jiang,Bizarre Stories - Documentary
The Functional Melancholic,Philosophy - Talking-Head Analysis
Girl vs Globe,Feminism - Vlog
Misha Petrov,Social Commentary - Talking-Head Analysis
Heresy Financial,Financial Education - Educational Tutorials
MorgueOfficial,Spirituality - Talking-Head Analysis
The Prof G Pod – Scott Galloway,Business - Podcast/Interviews
Fin Tek,Financial Education - Talking-Head Analysis
Meet Kevin,Financial Education - Talking-Head Analysis
Sky News,News - Talking-Head Analysis
HeroXboi,Celebrity News - Vlog
Danny Jones Clips,Health - Podcast/Interviews
BBC News,Global News - Documentary
Karim Jovian,Social Issues - Documentary
Sage,Academic Publishing - Documentary
Tom Nicholas,Politics - Talking-Head Analysis
BBC Learning English,Language Learning - Educational Tutorials
Watson School of International and Public Affairs,International Relations - Documentary
The Young Turks,Politics - Talking-Head Analysis
NBC10 Boston,News - Documentary
NOT ANOTHER BORING PODCAST ,Legal Analysis - Shorts
Eurodollar University,Financial Education - Talking-Head Analysis
Casey Aonso,Pop Culture - Talking-Head Analysis
Common Knowledge,Curiosity - Documentary
Garys Economics,Economics - Talking-Head Analysis
Simplilearn,Digital Skills - Educational Tutorials
NBC News,News - Documentary
PURE Girl,Celebrity News - Talking-Head Analysis
BlazeTV,Conservative Commentary - Podcast/Interviews
Slidebean,Business - Documentary
ChallengingMedia,Media Critique - Documentary
Their Story ,Celebrity Culture - Shorts
Sean Chandler Talks About,Movies - Talking-Head Analysis
David Pakman Show,Progressive Politics - Podcast/Interviews
YaleCourses,Education - Educational Tutorials
Everything Money,Financial Education - Educational Tutorials
Hot Gossip,Celebrity News - Talking-Head Analysis
Bloomberg News,Business - News Reporting
Daily Mail Entertainment,Entertainment - Podcast/Interviews
Scotty Kilmer,Automotive - Educational Tutorials
Bloomberg Originals,Business - Documentary
The Daily Show,News and Politics - Satirical Commentary
Tara Mooknee,Social Commentary - Talking-Head Analysis
Michael Sugrue,History - Educational Tutorials
Naftali Moses,Relationships - Educational Tutorials
HISTORY,History - Documentary
Graham Stephan,Financial Education - Talking-Head Analysis
The Graham Norton Show,Entertainment - Podcast/Interviews
Real Alex Clark,Health and Wellness - Podcast/Interviews
Coach Schuman Sports and Entertainment,Sports - Podcast/Interviews
Meditations for the anxious mind,Cultural Analysis - Talking-Head Analysis
CareerVidz,Career Guidance - Educational Tutorials
Jimmy Kimmel Live,Entertainment - Variety Show
Ted Nivison,Culture - Talking-Head Analysis
Lucas Blue,Film Analysis - Talking-Head Analysis
Celebrity Flare,Entertainment - Documentary
Turning Point USA,Political Activism - Man-on-the-Street Interviews
pop_cltr,Pop Culture - Talking-Head Analysis
Celebrity gossip,Celebrity Gossip - Shorts
Princess and the Bear,Food Reviews - Vlog
Auditing Reno 911,Government Accountability - Documentary
Learn English  ,Language Learning - Educational Tutorials
Zelo Riformato,Christian Theology - Vlog
Daily Mail Royals,Royal Family News - Talking-Head Analysis
Rosanna Pansino,Baking - Educational Tutorials
Money Brain ,Entrepreneurship - Talking-Head Analysis
City Prepping,Survival Skills - Educational Tutorials
Nellie Miranda,Culture and Politics - Podcast/Interviews
GaryVee Video Experience,Entrepreneurship - Talking-Head Analysis
TomDarkLIVE,Drama Commentary - Talking-Head Analysis
Television Jamaica,Jamaican News - News Reporting
Eiriks,Celebrity Gossip - Talking-Head Analysis
Shanspeare,Business - Vlog
Rent Free,Comedy - Edits
CNBC Television,Business - Talking-Head Analysis
State of Kait,Social Commentary - Talking-Head Analysis
SPEAKING OUT EXPOSING CORRUPTION AND INCOMPETENCE,Corruption - Podcast/Interviews
Weird History,History - Documentary
The Diary Of A CEO,Society - Podcast/Interviews
Actualized.org,Self-Help - Educational Tutorials
Rightmen,Celebrity News - Vlog
The School of Life,Self-Understanding - Documentary
Ryan George,Comedy - Talking-Head Analysis
Big Think,Philosophy - Podcast/Interviews
Aishah Jenmi,Pop Culture - Talking-Head Analysis
Golden Era History,Financial Education - Educational Tutorials
TalksBerry,Celebrity News - Talking-Head Analysis
NTD News,News - Documentary
"Live Your Life, Live Your Dream",Language Learning - Educational Tutorials
Celeb Gossip,Celebrity Gossip - Shorts
The Late Show with Stephen Colbert,Entertainment - Talk Show
Boggled,Pop Culture - Documentary
Institute for Justice,Civil Liberties - Documentary
WorldWithMaria,Travel - Vlog
Valhalla VFT,Military Experience - Talking-Head Analysis
Paul Warburg,Geopolitics - Talking-Head Analysis
Yahoo Finance,Financial Education - Podcast/Interviews
Sky News Australia,News - Talking-Head Analysis
Heavi,Celebrity Entertainment - Compilation
Forbes Breaking News,Politics - Podcast/Interviews
Jake Tran,Geopolitics - Documentary
Queen Chioma,Women's Issues - Talking-Head Analysis
FOX 5 New York,News - Talking-Head Analysis
Mr. Beat,History - Educational Tutorials
CBS News,News - Documentary
Tinysey,Social Commentary - Talking-Head Analysis
Dr. Todd Grande,Mental Health - Talking-Head Analysis
Practical Psychology,Psychology - Educational Tutorials
VICE News,Current Affairs - Podcast/Interviews
Louis Levanti,Pop Culture - Talking-Head Analysis
Good Fight Ministries,Christian Apologetics - Talking-Head Analysis
The Daily Signal,Political News - Investigative Reporting
zondervan,Spiritual Growth - Podcast/Interviews
Faith Elizabeth,Pop Culture - Creative Covers
CinePum,Cinema - Talking-Head Analysis
60 Minutes Australia,Current Affairs - Documentary
The Infographics Show,Facts - Documentary
Celebuzz Scene,Entertainment - Vlog
Brian Tyler Cohen,Politics - Talking-Head Analysis
John Villa,Fashion - Review
Surviving Narcissism,Mental Health - Educational Tutorials
MsMojo,Pop Culture - Documentary
SunnyV2,Entertainment - Documentary
Badger Live Streams,Men's Issues - Podcast/Interviews
Soar Financially,Finance - Podcast/Interviews
GQ,Style and Culture - Documentary
Where Are They Now?,Celebrity Gossip - Documentary
The Wall Street Journal,Business - Documentary
The Hollywood Reporter,Entertainment News - Talking-Head Analysis
DonnyGoogle Tv ,Business and Technology - Podcast/Interviews
IMPAULSIVE Clips,Entertainment - Podcast/Interviews
Pop Culture Philosophers,Pop Culture - Talking-Head Analysis
CatholicVote Education,Faith and Politics - Educational Tutorials
Kelly Scholas ,Pop Culture Critique - Talking-Head Analysis
CrashCourse,Education - Educational Tutorials
oliSUNvia,Philosophy - Talking-Head Analysis
Celebrity Gossip Central,Celebrity News - Talking-Head Analysis
Jacob Whelan,Personal Development - Vlog
Bible Answer Man,Christianity - Educational Tutorials
CinemaBlend,Entertainment - Talking-Head Analysis
George Kamel,Financial Education - Talking-Head Analysis
NorthropLig Hr,Sports - Shorts
Bloomberg ,Financial Education - Educational Tutorials
MoreMojo,Entertainment - Compilation
Houston Public Media,Local News - Documentary
Peak Prosperity,Economics - Talking-Head Analysis
Robert Greene ,Self-Improvement - Educational Tutorials
The Movie Cynic,Film Criticism - Talking-Head Analysis
Karak With Mahreen,Culture - Talking-Head Analysis
MedCircle,Mental Health - Podcast/Interviews
Marginal Revolution University,Economics - Educational Tutorials
Sky Jack Morgan,Social Justice - Podcast/Interviews
The Rational National,Political Commentary - Talking-Head Analysis
Natalie Brunell,Financial Education - Podcast/Interviews
Then & Now,Political Commentary - Talking-Head Analysis
Armchair Analysis,Animation - Talking-Head Analysis
ImHarrison,Food Exploration - Shorts
The Bug Out Location,Preparedness - Educational Tutorials
Ras Kass,Hip-Hop - Documentary
KurseMark,Gaming - Vlog
FOX 11 Los Angeles,Local News - Live Coverage
Mina Le,Cultural Critique - Talking-Head Analysis
Salem Tovar,Pop Culture - Talking-Head Analysis
Hugo Henderson,Pop Culture - Talking-Head Analysis
Cooper Academy,Learning - Documentary
SiahSpeaks ,Social Commentary - Talking-Head Analysis
Philosophical Gamer,Legal Commentary - Talking-Head Analysis
HotTake Insight,Politics - Talking-Head Analysis
OxfordUnion,Debate - Podcast/Interviews
The Voodoo Child,Pop Culture - Talking-Head Analysis
culture kitsch,Pop Culture - Video Essays
Nas Daily,Entrepreneurship - Documentary
Tucker Carlson Network,Politics - Talking-Head Analysis
Sharrell's World,Celebrity News Commentary - Talking-Head Analysis
Matt Walsh,Cultural Commentary - Talking-Head Analysis
tiffanyferg,Internet Culture - Talking-Head Analysis
